Type	SBS1	SBS2	SBS3	SBS4	SBS5	SBS6	SBS7a	SBS7b	SBS7c	SBS7d	SBS8	SBS9	SBS10a	SBS10b	SBS10c	SBS10d	SBS11	SBS12	SBS13	SBS14	SBS15	SBS16	SBS17a	SBS17b	SBS18	SBS19	SBS20	SBS21	SBS22a	SBS22b	SBS23	SBS24	SBS25	SBS26	SBS27	SBS28	SBS29	SBS30	SBS31	SBS32	SBS33	SBS34	SBS35	SBS36	SBS37	SBS38	SBS39	SBS40a	SBS40b	SBS40c	SBS41	SBS42	SBS43	SBS44	SBS45	SBS46	SBS47	SBS48	SBS49	SBS50	SBS51	SBS52	SBS53	SBS54	SBS55	SBS56	SBS57	SBS58	SBS59	SBS60	SBS84	SBS85	SBS86	SBS87	SBS88	SBS89	SBS90	SBS91	SBS92	SBS93	SBS94	SBS95	SBS96	SBS97	SBS98	SBS99	SBS100	SBS101	SBS102	SBS103	SBS104	SBS105	SBS106	SBS107	SBS108	SBS109	SBS110
A[C>A]A	0.000359401932427738	4.97554280522386e-07	0.0177039395607158	0.0309834982552411	0.0100709735852959	0.000211922884415877	4.91405284140464e-05	0.0016293236462752	0.00571407292408887	4.41653209753727e-05	0.0383546678450036	0.000583706415494871	0.00196676517724052	0.000103320979532373	0.00393838293254905	0.00932085297228216	0.000109229876335426	0.00484222380684653	0.00158237146205049	0.000867769719851199	0.000493818939663683	0.0186744681692325	0.00176260001056005	0.000610735213856439	0.037976678483499	0.000943751905510061	0.000462084556551691	0.000149567072432809	0.0060113697161529	0.00686073071123581	0.000576218449190862	0.0237054014271293	0.00841865272748154	0.000869407334154552	0.00550094861961988	0.00103179187448252	0.0420975447298928	0.00133447173778855	0.00747610660341992	0.0169571321173506	0.00281138524341154	0.00690791867057496	0.00683397934269129	0.0197434638370877	0.00424146816611911	0.00911088427748753	0.00912966184678567	0.0302586690469356	0.013540207552397	0.00321530955845628	0.00234234922779589	0.000879348600073034	0.0239268140600036	5.94436459891002e-18	0.00621396527062111	0.00380632277667473	0.0753346321226383	0.000350268549810388	0.0110746226822145	0.096067074098067	0.127420982804008	0.0110706297819764	0.00345587978752281	0.00169261296989991	0.00497786717632439	0.011666515014481	0.012727473850341	0.0557881796478733	0.00255246525221127	0.00514178568239216	0.00260187040536639	0.00786843945050752	0.00226328461925809	0.00444264394140447	1.3433841162238e-18	0.0271026422176756	0.00324081865141161	0.0018221067538766	0.010058297034346	0.0118300511856042	0.0120238468526208	0.0278532444654663	0.0104152527807647	0.00606894194001714	0.00451566698551816	3.34233545214515e-06	0.053882430599641	0.00754402444277779	0.00838742748205305	0.00762046110551056	0.0103925978426377	0.00162231792596962	0.000234800105983319	0.0033163199313184	0.00571047234766783	0.0171128592469082	0.00634188678245791
A[C>A]C	0.00128932219161744	0.000176996901616385	0.0195780882405267	0.0340833256371216	0.0110443953097646	0.000364250136338716	0.00018313828346663	0.000449399471263802	0.00189660264475966	0.0011656677259334	0.057954514979661	0.00596434997465597	0.00221595686349528	0.00517577826252312	0.0187980008884357	0.0236983088507958	0.000575714382017914	0.00168758091396324	0.000873880142796366	0.0141493823072228	0.000362436200850384	0.00471852137772419	0.00108969751659626	0.00018064191602277	0.0162422634767758	0.000664036318870005	0.00144652352648999	0.00313420225077313	0.000130979849671328	0.00597515901021422	0.000383842812062472	0.0240586664075542	0.00829822404610876	0.000733031121931262	0.00697682708129581	0.00464169283242955	0.04754330704803	0.000522958047482851	0.0202105697082204	0.0199289829257702	0.00281024729381973	0.0137628161072304	0.0498464951806017	0.00908711135074355	0.00217053569317252	0.0100219377662816	0.00777776183146467	0.0194393533988101	0.00636033586865987	0.00749469850230164	0.00188803005750901	0.0217695848553764	0.00667105633283931	0.000161891938444915	0.00271003602270589	0.00566800902280477	0.0460045894054239	0.000480297791019157	0.00432404601210087	0.142925940767941	0.00212906127096916	0.00664027731543562	0.00175514183900329	0.000869554400226313	0.00241935497807102	0.0202651574584299	0.00206277933647081	0.00891272268422617	0.00234905657927447	0.000907937685936065	0.00523107203315503	0.00158744244398252	0.00403110131070063	0.00315621186100891	1.87275060806178e-18	0.0207814155552787	0.00145330314837553	0.0457179340606318	0.0120606133464925	0.0115372101850346	0.0266240264608524	0.0175741844438839	0.00987057457251049	0.00779028925184461	0.00483971989962228	8.48937366935161e-06	0.0453985710680943	0.0086391153635823	0.00807684821494194	0.00594874525819941	0.0146384178098127	0.00439463959066936	0.00031989129719379	0.0235505817628961	0.00255792816800318	0.017431904422238	0.0143145663206164
A[C>A]G	0.0001627834236666	0.000101719749619895	0.00337703599512544	0.0259677132665888	0.00352008426220028	5.87550716152102e-05	0.000118395755575893	0.000294886939431053	0.00101118699544458	0.000619533988199272	0.00910988097886973	0.00101032501906847	0.000305416014731182	6.8860344001364e-05	0.00135462004129312	0.00151803440466566	0.000159555701863009	0.00131157015156437	0.000520393004990004	0.000725482923256294	5.46631774034563e-05	0.0026991046191614	9.18812173388232e-05	0.000132554198684913	0.0040626294345958	0.000414457335470873	3.6879065671523e-05	0.000634999632642896	0.00178159962763182	0.0025045202706557	1.54168904017256e-07	0.0218523805923048	0.00279554460542299	0.000257396993445445	0.00187435870612307	0.00105327454533569	0.0289955967875305	0.000153488466357669	0.00294934938261606	0.00768906409087866	0.000848499106894716	0.000167299891827879	0.00243904024756483	0.00397889040120203	0.00258057372350553	0.0030661627139937	0.00472357913626454	0.00706466304516257	0.00249770342137212	0.0039169485198897	0.000154521515608456	5.73913364270655e-05	0.00115114121120473	1.60742534983724e-06	0.002567140050614	0.000588390039612973	0.00347644330588425	0.000239632370515757	0.00711239656914945	0.0105607439781488	0.00983454428276793	0.00683628569414029	0.055487149232344	0.0029136586183099	8.61628801592528e-05	0.000432443453654239	0.00781218531705998	0.00177162464139732	0.000228899314245992	4.2251647657411e-16	0.00076904639306195	0.000897831481041981	0.000669558715309667	0.00696960226425664	3.04572949698183e-18	0.0184727303737352	0.000462438784137701	0.00028648490429686	0.00945348123131983	0.00408027197649936	0.00275458258315659	0.0137453193809815	0.00412584435325927	0.00231823756737948	0.038326934469091	0.00010196260250839	0.0303383958969129	0.00168468807870905	0.00170031353398643	0.000912035887682097	0.00445693585779426	0.000572499637530391	5.23223963456696e-05	0.00268353949590679	0.0012867612312369	0.00400507142654362	0.00190217579146893
A[C>A]T	0.000509717256013614	8.23614429839205e-05	0.0101938688387488	0.0212624172347899	0.00544583262175238	8.81119507147993e-05	0.000178678035460336	0.000487396568634816	0.00227628896294567	0.00434571222529362	0.0401282402565876	0.00313207752260195	0.0149875267230057	9.08415443497695e-06	0.0117178431617184	0.0128437723906302	0.000195363266724056	0.00128303631517848	0.000297022457425115	0.0628259572015722	0.000570021889237991	0.0121452579548202	5.16523114932514e-05	0.000449663172020843	0.0154915955393124	0.000416545779560259	0.000908710380335272	0.000580763938710325	0.00168817324071414	0.00394597885205659	3.79808106406451e-18	0.0140650484327184	0.00414893295313205	0.000605163264045032	0.00281930079715708	0.00512907774627504	0.0232788917903165	0.000404654079363618	0.00483124791003766	0.0108986582844755	0.00168611123338134	0.00171275794169567	0.0164111598355504	0.0137672901379717	0.00195012956439324	0.00618395727008642	0.00566856549415353	0.0125973193621575	0.00470017144801959	0.00686745265547294	0.00144941770908426	0.00593108453354553	0.00164818471510251	0.00439293461009547	0.0064550568629802	0.00288738351822871	0.0129802948782583	1.56357816019056e-05	0.00345212240003048	0.0659361438077906	0.0188074672582709	0.00660652889311791	1.07761054432665e-05	0.000318476414530612	0.000972353912234715	0.0209060044461273	0.00877654263570615	0.00518840278010009	0.0101205941064538	0.000364413074760968	0.00683868859113788	0.00345202173902671	0.00272549480298427	0.00240967542566584	0.00228294519571423	0.0171568429367	0.00253627317887826	7.94636389287356e-05	0.00676146992743049	0.00845004586109759	0.00839163204882084	0.0165833480136048	0.0105632078921882	0.00500796987858252	0.00189219007521211	2.63692432747102e-05	0.03592115643609	0.00844269012142745	0.00333321680128488	0.00417256549993352	0.0113655988746616	0.0033148463827779	0.000281327551302459	0.0307569541158172	0.00311681407401479	0.013268084624901	0.0045102746384266
A[C>G]A	0.000754500835578023	1.91301042338779e-16	0.0167676736612393	0.00505867999798487	0.00847640276762403	0.000234860311086078	4.76003028965912e-05	5.98741917918117e-06	0.00132500224573963	0.00128977932742185	0.00376588912735634	0.0050629700674544	2.0025323811606e-16	0.000173148378673576	0.000316086960281851	0.000118789146772088	0.000127185329168682	0.00130697213996794	0.00336471303957688	1.71928829306213e-16	5.91117068556837e-05	0.00203084809379639	0.000860013120793428	0.000146656897139108	0.00127572113821107	0.00237052591880771	0.00654682552988221	1.610061291978e-05	0.00166037838878013	0.00471093722513903	3.95859108409417e-18	0.00217516624128389	0.00682846297574632	0.000425243045395237	0.0013937142490984	0.00020267295734133	0.00209155504994392	0.000793269034792047	0.00652004239651876	0.00151321479312982	0.0012746146400674	0.00108086929117061	0.00277074133025894	0.00144158654447322	0.0368309747224045	0.00191470949590732	0.0369088046565333	0.00682855990978806	0.0072047109142742	0.00760957850447727	0.0059169300867623	0.000307771858446612	0.000292799290468087	0.00246196231541668	0.00212134293007038	0.00103808803000215	0.00114446448183142	8.11146669025886e-05	0.000127071434511545	0.00310805250651123	0.00357863141205013	0.00126001227641422	0.00451576825732488	0.00121460660912594	0.00241274153202315	0.000387031604873293	0.0159352120871298	0.0195116555843378	0.00209032011939561	0.000315195640470035	0.00506441914277443	0.0093626938842128	0.0402324219799061	0.00389497563528684	1.3433841162238e-18	0.0124836411668825	0.000747881114018391	0.000150567384913273	0.00271302190378046	0.00905334049243277	0.00540534454859177	0.00262278908762752	0.00846897832656968	0.00174569832660527	0.00353743223238923	0.000390254412228724	0.0123620449826154	0.000793700134181055	0.00262639192654823	0.0221043027239851	0.00439823626757745	0.00031323572077538	0.000442497418074095	0.000101458035426286	0.000960763057101162	0.00702724531351991	0.00291541665690382
A[C>G]C	0.000689900634619226	0.000159058511273893	0.013882644237782	0.00290680587255273	0.00666875564254859	0.000200893481859015	2.20850561808007e-05	0.000184243652011256	0.00052610123489564	0.0038855575624629	0.00357669098730155	0.00285822070858184	3.04201040839987e-05	0.000106047965142796	0.000412118824053608	0.000375266071537736	0.000302458710649247	0.000958784781781809	0.00115264937255645	6.24026894871887e-06	0.000196168139850202	0.00327042310092301	0.000675422653743589	6.07783423292452e-05	0.00266249795021141	0.00185432946323883	0.0015714033526794	0.000954869002495121	0.000267776867904231	0.00426190723833338	3.9225514670382e-05	0.00333189822546989	0.00194415558507436	0.000524783880722889	0.00260527121696029	0.000410964278192387	0.00244216549331064	0.000482651069669581	0.00345218413321995	0.00215190590612081	0.00163826026846048	0.00223447961580121	0.00490912517948441	0.00182397600198903	0.016765513052935	0.00156778853387163	0.0244754725834699	0.00651402254517423	0.013763826307561	0.00515548475293385	0.00489030566244344	0.00053472859257562	3.53829688237497e-05	0.000251472115610951	0.00183521718989998	0.00180893904983121	0.000955718850110387	6.51055625213534e-05	8.30361573643626e-05	0.00123794174916184	0.00571949156263304	0.00154330637815264	0.00488932286339088	0.000541832618175157	0.000198268846838204	0.000214268788383958	0.00451503625610984	0.00229750168310161	0.00241843793864878	0.000685324068081781	0.0112951129349722	0.00460274907938521	0.0836454838258926	0.0027154220938443	0.00756448542060616	0.00690987756527149	0.000568682323942089	0.000107463760037568	0.00209146359824265	0.00772074037871247	0.00429286982997071	0.00283734855667011	0.00321631021185729	0.00230370015935728	0.0023346053501587	0.0148479633371998	0.00639078671048565	0.000671001271534293	0.00262858191430325	0.0258016720545135	0.00666993890943566	0.00034482398144679	0.000482404140349441	0.000149978186918683	0.000744907919014814	0.00679236634265911	0.00271592048523784
A[C>G]G	0.000105763111489623	2.95629100233729e-05	0.000488222532359703	0.00213068459231873	0.00327272698972134	2.50838959588013e-16	8.44733761693169e-05	0.000800633954373751	5.95396446425598e-16	0.00224518798091038	0.000563944177261038	0.00322544776966672	4.54015487328125e-16	2.85738249874819e-16	8.74060131709293e-05	5.62053108047217e-05	0.000101119696403626	0.000182381424632107	0.000520393004990004	6.86536464632317e-05	3.64025931949264e-05	0.00224131372848353	0.000293438881903864	5.0789667193704e-16	0.00320997778118356	0.0010378289468416	0.000793771137571676	4.79512352447881e-16	0.000537972478347128	0.00217041795093706	4.47183636398938e-18	0.00135839172863523	1.92826100975889e-18	0.000154192120794081	2.39482018792454e-18	6.62479987830164e-16	0.00135312729643044	0.000220191225171079	0.00533015075028738	0.0019481261037427	0.00051852802867634	7.14241845880559e-16	0.000607127094844038	0.000888145956158637	0.0130245878918724	0.00102635773642257	0.024060179272998	0.00282174061089766	0.00358416512468006	0.00591288854556499	0.00304541019176633	3.0413971699373e-05	0.00814625071505931	5.51016986734599e-05	0.000417547341601792	1.96130013204329e-18	0.000826284337975568	7.45425149527404e-05	0.000204068565761015	0.00151364587764641	0.00403626086564097	0.00135074495073614	0.00365545208478625	0.00302025603647118	0.000978875564442554	0.00089847303602673	0.00649842459189381	0.00362914894332905	0.00133793422421174	0.000523164448556416	7.81547759175109e-05	0.00123871938525561	0.00862424591736725	0.0344203134302933	3.04572949698183e-18	0.0115574727511161	0.000154184084314836	6.63601174008177e-05	0.00182625693243703	0.00378118460907202	0.000962961579028847	0.00131868729870371	0.00335599102163243	0.000979579136257471	0.108938877935246	3.84839394681474e-05	0.00479757667356478	0.000128073230644969	0.000870005362692113	0.00432034232304428	0.00145239244435647	0.000118792265791697	0.000176586987310825	6.66036018863187e-05	0.000237049000498045	0.00271515724842221	0.00243708536856714
A[C>G]T	0.00045396686270577	7.68033087948216e-05	0.0145387966637411	0.00255869737157911	0.00832116633580919	0.000124335410206096	6.89048157992443e-05	0.00019564514501462	0.0022414472543368	0.00312247462258138	0.0048751540459393	0.00658249705783353	1.96585809963254e-16	1.23722839543858e-16	0.000460854810637092	9.64242707288981e-05	0.000392929677289209	0.00151440367469893	0.00341404817376658	0.000155163681740035	0.000166898462793179	0.0131764592965543	1.63816392438144e-05	0.000314566690465473	0.00295353747604404	0.00156113544615843	0.00323911306724197	5.78920558386292e-05	6.08070041254611e-05	0.00421238826126314	3.79808106406451e-18	0.00182206297186561	0.00286334760051595	0.000711725972928832	0.00136818983350246	0.000107633209119671	0.00162821464408364	0.000532018339568473	0.00290798082213691	0.0013063458482794	0.00115365454086996	0.00282674811535277	0.0072026762714092	0.00146902341262927	0.0198175313609439	0.00170495540176393	0.0332453713667692	0.00682279242463477	0.020585460903973	0.00604363119430194	0.00901254404689981	0.000320740164767697	0.000281863800668916	0.00250047594887182	0.000957544524662645	0.00186830698238328	0.00187614315702204	0.000275887136169841	7.62327201377994e-05	0.00156122878350201	0.000798430523537499	0.00122263669896912	0.00191700172892538	0.00398479664393102	0.00105546096348969	0.000111801307433641	0.0051501237974131	0.001887537153768	0.00267323266964475	0.000205187708390386	0.0217713820491333	0.0165402588431049	0.0692519324385645	0.00472476225182569	0.00532687212333336	0.00901576308606842	0.0013348806965168	4.91446249471397e-05	0.00358722266479294	0.013949944809049	0.00539708750382934	0.00100894111762161	0.00570341102038035	0.00218429407911262	0.000942423704212883	4.70695287118605e-05	0.00685314120886884	0.00071699560674564	0.00101976111283545	0.0629756395351883	0.0197389490743332	6.48765007906487e-06	0.000751668541732242	0.000381864236613452	0.00121706514180115	0.00553225758744755	0.00243544607484805
A[C>T]A	0.0101411425003424	5.24147698964099e-05	0.0120863433130459	0.00638759322479453	0.0273594790794697	0.0319629664199998	8.95377099739814e-05	0.000985985947445078	0.00157344061041772	0.00363980075170715	0.00592279580301445	0.00847315318968538	0.000933989184542488	0.000311666627446764	0.00442539111110586	0.00126063377307392	0.0193022574774373	0.0059027997353694	0.00624254201730872	0.00960745035914531	0.00264172280655457	0.00205419141688938	0.0010388272074317	0.000573569207804987	0.0067841829000164	0.0208071280282993	0.0368025659213231	0.0020672596315624	0.00176040131505229	0.00461202907061924	0.0155958509477598	0.0076847180736741	0.0178577481582639	0.00264905273523652	0.0144650661074586	0.0010225796468153	0.00339045092256605	0.078585539766327	0.0138707634787667	0.0656993827872933	0.00480014555296243	0.00499299176656023	0.00171042941192132	0.00466948572618841	0.00670044532055935	0.00245566800288271	0.00749100459223444	0.0238094429999273	0.0162102921573967	0.0212362444796251	0.0109679684259566	0.0169805290816274	2.35162567086144e-05	0.0696007562370661	0.000907198093152343	0.0131491150466946	0.00474452617414772	0.00011757548611741	0.00025370150025742	0.00284164782143093	0.0323522783688548	0.00195921004654563	0.00463781608276274	0.00115975309908329	0.00432600241843373	0.00685176224238298	0.0337329806924667	0.0762470019578494	0.00278709349252743	0.00230753367375665	0.0403813303947818	0.00177909931376384	0.00668367188392873	0.00466669254232047	0.0139532109255635	0.0420397496430223	0.00104220070435979	0.00975450034912626	0.0211000110182829	0.009139418186598	0.00581167119924841	0.00923262900133985	0.0204903776287105	0.0049412645753584	0.00166940702046783	0.0201683074609803	0.00797235249422275	0.00376183361108928	0.0260095982249521	0.00469022410928467	0.00434593885845572	0.00931221100826559	0.000478136898678419	0.00684773575095003	0.00494687304093655	0.0146977342953413	0.0344079798278443
A[C>T]C	0.00357391084471558	0.00165037974721434	0.0147132296485462	0.00427832731368969	0.0209422338020543	0.0159185779317825	0.0181092327951916	0.0371412180530276	0.0126660026245273	0.00213324678120134	0.00341907380040671	0.00790385631110911	0.00104412938735877	0.00415486854653507	0.00665390685989726	0.00252247774947551	0.15331528967748	0.00316608150887878	2.69084608055831e-16	0.0109090654351413	0.00503910818998288	0.00606899569165515	0.00202982861429619	9.84497111923027e-05	0.00478015988896761	0.014606729239323	0.0135286443698932	0.00520596355583531	0.000302107448819619	0.00433297419822659	0.0778267485449171	0.0101681908217566	0.0155295341648258	0.0035263259663577	0.00797772323641356	0.00620115449585746	0.00400218094490375	0.0934296973759349	0.0101380585016034	0.130386430753909	0.00268422688558446	0.00733621143329706	0.00430492464265014	0.00358241905545716	0.00458057828806999	0.00213338249698003	0.00439470685967823	0.0237731911374525	0.00891341197993923	0.0246932123833669	0.00519981977596166	0.0420596827971833	0.000144727646951936	0.0182398268631393	0.000571484733619297	0.0107330383623325	0.00145603779982972	0.000250143445839676	0.000186370807016329	0.00202572183917537	0.00711786958337729	0.00213219954794344	0.00175514183900329	0.000577882560312725	0.00027498073826064	0.00126754085758393	0.0186082942813253	0.0089259271268446	0.00283472708655263	0.00156179266688628	0.0439884687736948	0.00266717001531507	0.00218883029472789	0.00245423353908421	1.87275060806178e-18	0.0158814737831404	0.000600277610420552	0.00104806280473879	0.0174478889631729	0.00722642128200446	0.0153744765775051	0.0101835539139187	0.00484579301489053	0.00406785543784834	0.00113017132426337	0.0177463708987895	0.0046490074522495	0.00512339539771776	0.0342122417963171	0.00430084104289818	0.00511494085423674	0.0192246005526948	0.000416426548971814	0.0172300169693737	0.00198120069774624	0.0145137982690441	0.0636625547898581
A[C>T]G	0.335684162026263	6.35991551160719e-05	0.00495941857569865	0.00130337945274141	0.011758984183999	0.135662998296039	3.70818167042474e-16	0.000860879690234297	0.00248639165206908	0.00299853934757876	0.00636903079783156	0.0103878389661437	0.0113410890274604	0.00053285550008405	0.0268402138632385	0.00146871372208031	0.0128572694636827	0.000286601116217595	0.000597270767621676	0.0465504030619046	0.0883574710235301	0.00865300937601705	7.62459681698218e-05	0.000653615187948192	0.0203967372290836	0.00261142170631568	0.0225099192981341	0.0159829955735494	0.00316729048105775	0.00815251929549453	0.0136429473148723	0.000758926965558575	0.0379808549113873	0.012034480558703	0.0160625116214253	0.0210356703548334	0.0303547654577257	0.0242041812981257	0.0134852810604735	0.0630986045931605	0.0146745249240605	0.000379481196944157	0.00101772952928937	0.0125583717738609	0.0154104005536429	0.00835933016541025	0.0106147849733814	0.0248157474645017	0.01371876953962	0.0150060062274888	0.00863285534678981	0.000756218490904192	0.00224343602868499	0.0251004452097601	0.00836640387174846	0.00902198060739899	0.00768344582062521	0.00112385883910616	0.00201067742674901	0.0254409616130979	0.0115760770560898	0.00673720959256288	0.0101216719649446	0.000609381611100515	0.0102110113270598	0.00319084180222661	0.0412896217860186	0.0185322781505947	0.00412663874998352	0.00798016911176921	0.00431664628249277	0.00130203183327023	0.0418437392095206	0.13663950430715	0.0386647714860803	0.0116626569959041	0.000308368168629673	0.00312515607347006	0.0196972870762759	0.0408757818574781	0.0404181505496135	0.00649136613847742	0.0334346060576531	0.00592461780338096	0.032646680060315	8.11336661983106e-05	0.00443152813531039	0.000879028133379858	0.0585277534835745	0.0208520476633436	0.0387410164453457	0.0283096584153	0.00151043624331501	0.0482375201713485	0.0148301778337762	0.0237292144724516	0.0375970431641171
A[C>T]T	0.00381491630107813	0.00156642874711662	0.0101103125504841	0.00306322936949387	0.0181253136347163	0.0104265651788508	0.00534593297322595	0.00741391861042577	0.00868706115484738	0.0353022052592486	0.0106724043689769	0.00666464953712625	0.0026360411645652	0.00441940713670086	0.00549503661851088	0.00226874554204515	0.0800548251418154	0.00250297234580319	0.00027141682298605	0.0122457376332635	0.000914088818058299	0.00687467446542543	0.000616060796690799	0.000144957200281858	0.0057695334146636	0.0268456887696597	0.00952680249262757	3.89999794583334e-05	0.000604601211516805	0.00334349474108422	0.0237105318329803	0.00584978122110836	0.00478337721719146	0.00272763252359351	0.00464355425414103	0.00653731292462842	0.00119663951276126	0.0213244090658977	0.00777000103636946	0.113465479163209	0.00272440014275659	0.005388921056931	0.000683798389817798	0.00331491754377066	0.00595580024754859	0.00170495540176393	0.00980508626015745	0.0183716798023616	0.0125642904932373	0.019479680112649	0.00692015169570293	0.0261950040264654	0.000724564048921909	0.023028705013481	0.000816926079229716	0.00577476703645742	0.0027160454181796	9.45096578990747e-05	0.000179752907755812	0.00548411205123566	0.00283886299912332	0.00125838648988751	0.00122335012335835	0.00383863648335469	0.000644912013962375	0.00258143695848028	0.0156433753808719	0.00679699419799646	0.00236612524069944	0.00024458364995456	0.0399802710949691	0.0057975598839328	0.00344078657777093	0.00520188544532701	1.31878144425594e-18	0.0245118432111401	0.0009344160540505	0.00141310114387715	0.0143388059504551	0.00653161542968506	0.012508489652856	0.00326959954232793	0.0177107108941525	0.00238110510322135	0.000825211923291504	0.0109400879695388	0.00662455044776971	0.00320262546373238	0.0347012944874272	0.00133887940570983	0.00261125880504637	0.00553224920294953	0.00036818145903089	0.0099652391251477	0.0014436901532634	0.0166704050088058	0.0348540001926275
A[T>A]A	0.000161030349093887	4.0822726942288e-05	0.00231872837047657	0.00343194106928123	0.00307338879947576	2.43094618852673e-05	0.000706512185941761	0.000864015923679128	0.00727932740827382	4.82250535405522e-05	0.00841560181508604	0.00659226533638999	2.25919425635686e-05	0.000512696838650634	0.00181379242978489	0.000870695152503404	0.000154808744042898	0.00274832372721779	9.57811506747275e-17	0.000235677257236024	0.000529537777461589	0.013378614497392	0.000426752435829244	3.12050331637337e-05	0.000911129306319566	0.000289833020465992	0.000189287945080846	0.00163561995476028	0.0314275647496964	0.0465678754758917	2.83696652857324e-18	0.000510592046544505	0.00860812326973856	0.000751144421161976	0.0749215643472312	0.000112324635975615	0.000204598033734784	0.00013354106297432	0.00305647311710782	0.000269034605393662	0.000389359110257079	0.0724980702125494	0.00187798757897421	0.000948600795726689	0.00119887118464032	0.000702869188208875	0.00205605277685476	0.00412869862643346	0.00420324473860153	0.00401837086026577	0.00410940539541553	0.00500294522063525	0.00615779497468477	0.00183633985761996	0.00017769738122423	0.00115901120060799	0.0760877947499173	0.000134168240247077	2.82432213273319e-05	0.00214715450159701	0.0506723694037732	0.000639694803925013	0.00187742468534036	0.000371734212819667	0.00178956079911967	2.32070395279035e-06	0.00168415446631673	0.0115149991359049	0.000705612699611656	0.00164702534846354	0.000580968754350874	0.0718302628212844	0.000702403749107467	0.00243165575477164	0.0319264530844265	0.00481457905380093	0.0448144345025056	6.60996621455645e-05	0.00443718757854659	0.00528203290192146	0.00403061432548838	0.00109785469176801	0.00499151409686076	0.00162116795696287	0.00058990153911291	0.0036200363551427	0.000775508905813167	0.00565047024885667	0.000575763565412081	0.00329284700915699	0.00108367024676937	0.00265957071140029	6.32662231192973e-05	0.0015422882716002	0.0147875424039899	0.0171125466921231	0.00112974965440902
A[T>A]C	0.000934449581958178	0.000778078681238198	0.0063393686341202	0.0026772988977522	0.00600796794025678	0.000281245422462685	0.000507955724542035	0.000337343650419101	0.00417954354454375	0.00121944210053088	0.019136539900606	0.0030472866001253	0.00017997581692188	0.000197629560108788	0.0128138074059759	0.0030336780015187	0.000340824704861837	0.00299902361605341	5.85609213533554e-05	0.00029773719088025	0.0004544602739877	0.00933197084141849	0.000876966228410509	0.000299882644165491	0.000668818540538863	0.000195748575209793	0.00400223581804382	0.0055601683764359	0.00723130336820436	0.00875291113399244	3.96102608505068e-18	0.00151367470099101	0.00780932142075426	0.00362122830980233	0.00159241778637625	0.000649842373654904	0.00137617546178945	0.000300976923150603	0.00491382804560905	0.00069674704563887	0.00106455667148484	0.0650587052004454	0.00588430178459611	0.00115734554974961	0.00184132838501024	0.00142644942169321	0.00232148252466867	0.00472507387527785	0.00666337837435763	0.00441183570429838	0.00493107804340341	0.00314015954573837	0.00316707792415313	0.00207937008240866	0.000350195631941335	0.00160853162330283	0.0082183032133877	0.000112569692560578	3.54820854519269e-05	0.00328570052560344	0.00126025842943948	0.000887799541174982	0.00171862180324874	0.00258225222515213	0.000540453455737765	0.00410328912525085	0.00687309379809541	0.00142851222517521	0.00183615586515788	0.000192596106927148	0.000307684240365461	0.0174470915701705	0.00300719003535836	0.000355237039302646	0.0328314200022134	0.00266986652709185	0.000538455762198416	0.00010818120077647	0.00329074778403934	0.00611265341813819	0.00447141811084671	0.00215846871089876	0.0271386449222982	0.000864604189213962	0.000962275189604984	1.40998805044454e-05	0.000615961500656129	0.00633075899779578	0.00190139305737899	0.00185948541635007	0.00204711536425997	0.0137961383794785	0.00482946884333964	0.000971123948468552	0.00548282578548415	0.0216028104655492	0.00344857308020996
A[T>A]G	0.00044987981771247	2.12812743420909e-05	0.00798231057525114	0.00885695958019774	0.00744611991128063	1.07633843070414e-16	0.000419111801849762	0.00106125815248008	0.000242843577773217	0.00393441395158766	0.0192912098816865	0.00280875652644246	1.9481595600171e-16	1.29236479686972e-05	0.00108809434194798	0.000592132467190049	2.86359439715602e-05	0.00325166686049087	0.000499038432840791	0.000266829649505009	0.000274811464093526	0.0100034344922823	0.000165675360091561	6.42080868537944e-05	0.0018652111752223	0.000688234061729618	0.000220048841267697	0.000229843034699388	0.0584510363229006	0.0368082298041253	0.000237656259372879	0.00126712904365256	0.00516222534508689	0.000605527284833006	0.0012634265569042	0.000194610290429841	0.00160707540437876	0.000460153338055433	0.00383477676849727	0.000526711249498808	0.000612088138520714	0.0477462606973395	0.00100140424677678	0.00192836067350881	0.00260113809649031	0.000747858207013122	0.00526833356808249	0.00754147930541659	0.00782288641390925	0.00757940369948719	0.0032723286687319	0.00369475668475039	0.00112834998619796	8.13229175740119e-07	0.00141343222310497	0.000420792429878204	0.00805315907740085	0.000185324740730039	0.000103446969041213	0.000450014967639722	0.0323530060111924	0.000843181073967606	0.00179350734282019	0.00322469872590111	0.00667107689776377	0.000462096381484351	0.00583861862108665	0.00432160155016614	0.00151479727482283	0.000286303397503095	5.16160545299018e-05	0.0265731748686074	0.00148619686439407	0.00185132967168924	0.000754130644671444	0.00874598072785012	0.000507096770116168	9.64411483459445e-05	0.00605605774204129	0.00528786281369106	0.00302496244913933	0.00438191691189507	0.0233174997914516	0.00260569434699386	0.00204741361456395	8.17152064481742e-07	0.00340317486245985	0.0134464706326872	0.00156181076399842	0.00261207823652724	0.0028322750337966	0.00187642352566606	0.000154983103634503	0.00132134871859349	0.0140816800232856	0.0143190325545792	0.00334377533158991
A[T>A]T	3.99214460463717e-05	1.02879024986687e-16	0.00279677356029759	0.00166230089022614	0.00279828151518898	0.000445150124534993	0.00146430132932517	0.00311756452547282	0.032256416099264	0.0241593162000001	0.0116930862231727	0.0106324004189783	0.00321656349476496	0.000870106781535048	0.0350976079683085	0.0109846853286356	1.36602524652172e-06	0.00162466933070179	0.000283347197444785	0.000770846271567469	0.00268382222329819	0.00690447164881315	0.000668568262092	0.000341950382748826	0.0031091042857394	0.000261361452718836	0.0102773381487732	0.000819718680740253	0.00133907935127135	0.0117023007915059	5.97498045920725e-05	0.000630417160156929	0.00681401624848198	0.00164420869387979	0.00144225830044268	0.00120319069364107	0.000702110061520845	0.000195363000089228	0.00175319380497108	0.000345143467265325	0.0024647758237922	0.241054295040147	0.00306753779004236	0.00129351271915103	0.00159958867057425	0.00104118768343647	0.00256820557324552	0.00499993103772914	0.00613543504174436	0.0109895708343676	0.0415516232201495	0.00279256494679454	0.00186687869558709	0.0128237337712246	0.00022192956982599	0.000930448705970696	0.0403944015740072	0.000148712680286614	8.39979121215798e-05	0.00104629519144798	0.0143368373698268	0.000466106733074511	0.00159943568510946	0.000126846963019582	0.00178468474544412	0.0144403625099323	0.00351136503210337	0.0044672062780849	0.00107061426844392	0.000327325172535428	0.00429319829041578	0.0489170095584745	0.00299043902398657	0.00112001185570205	0.0308491261152532	0.00201556993397467	0.0185743282781432	0.000124413521043059	0.00438359769340278	0.00729827976648162	0.00660346582195655	0.00126777078101629	0.0112448947837961	0.00175303530422667	0.000126485007400519	1.76452348767367e-06	0.000660937338312174	0.00506790532099854	0.00338366344521735	0.00126846385580062	0.00391651100171495	0.0272201594694055	0.00132657200436437	0.00559823262659988	0.0487992446762374	0.029685074571557	0.00245221845144915
A[T>C]A	0.000219403755045628	2.62644656135472e-05	0.00696885575595586	0.00289638337489163	0.019239914455798	0.000546830093018858	0.000178448864132856	0.000353934137615849	0.000169068131326387	0.00236477978235022	0.00421643221124389	0.01053724288312	0.000331998176381189	0.00263390886034028	0.00822174786773226	0.00238474552297372	0.000423218191854357	0.0391250777030217	0.000824026811585883	0.0048442655911076	0.0010097560418832	0.140156918334164	4.07687046171626e-05	4.85023918024167e-05	0.000739149072872282	0.00095504727921348	0.00396356406769548	0.00789446479367889	0.0122956044633087	0.0326637309159344	0.000303392866192894	0.00206822047369038	0.00873471352883909	0.0419059638540511	0.00264583144786361	0.000358525236945541	0.000647838307705814	0.000224775627224925	0.00793283070881778	0.000353178746312969	0.00560713365375085	0.00325185471918943	0.000783454952706383	0.00204104735347869	0.0390565609551898	0.000985429949975097	0.00433668406809971	0.00696813627751668	0.00828350650792954	0.0106400067453901	0.00793236463735295	0.00436347088942881	3.57317339634391e-06	0.007414510840519	0.000463705282810921	0.00794137304120308	0.00156035132052078	0.000223613801469848	0.000134210492477961	0.00105354786931952	0.00116142858983277	0.00135528577922155	0.00360185044690746	0.0113542280433982	0.00182736832107187	0.00574316831102995	0.0136580808446907	0.0378349969593151	0.00351042284523462	0.000535179525467327	3.71858319065757e-19	0.0189865119422936	0.0013726471611631	0.00226409267603772	0.0742386196220373	0.00659807740255347	0.00417218398257722	9.20697224230358e-05	0.039291393082233	0.0174711556310428	0.005221290702361	0.000658598454934674	0.0144110275578851	0.00316020836046685	0.00560858077849147	0.0161565328297229	0.00284857156070769	0.0280569246466005	0.00370151314981598	0.00313572508518039	0.00445416844320417	0.00690524765621043	0.003229125567559	0.00406016629689726	0.0292921620710999	0.00948906038075109	0.00234649854991106
A[T>C]C	0.00127386813708311	1.9052637050906e-05	0.00682295424651607	0.000542286017297682	0.011617139452902	0.000582065315046849	0.000172098143686609	0.000329397728637419	0.000651373638733041	0.00443741550229019	0.00450113006069616	0.0113462801929974	0.00335831265861887	0.000299083642928165	0.00852811615784043	0.003073021411157	0.000724928933324204	0.0445980296196229	0.000127535267893345	0.00504232860696258	0.00105914668719058	0.0155532843336791	0.0111709840397404	0.000261489820488416	0.00159206274054634	0.000455978916557099	0.00350870393878261	0.00984100600212056	0.000927381439955983	0.0015593790426854	0.000126888905941408	0.00146658311027997	0.00834516960852138	0.0268505834379552	0.00201778880134891	0.000599541461382369	0.0015757212580622	0.000350757263818553	0.00599049891737312	0.000550642518470999	0.00350183194223301	0.00180230186538127	0.000656387203274994	0.00136777216052811	0.0425945935072916	0.00120586496765553	0.00454623708095615	0.00267973180039792	0.00466777099996588	0.00981796563780848	0.00663975332089771	0.0027486182424358	0.02622475078238	0.00259121485355893	0.000294530582387337	0.0427154508854873	0.006508070209272	7.9983417268278e-05	3.7121822391939e-05	0.00773890868708948	0.0180170340039316	0.00141446061757505	0.00245517381517603	0.00627349698060445	2.93782677624511e-06	0.00589190191668412	0.0103256741236802	0.00482367479561254	0.00191694665855987	0.00023923396150512	0.000250145125287754	0.0272850151384526	0.00163373811817567	0.00159530138044565	0.0632605411829569	0.00300556731574454	0.00028093410227077	9.51344594930081e-05	0.00425299448010609	0.00347585936530267	0.00410885307097496	0.00299289669273408	0.0372959779487575	0.00248117407633368	0.00442463593714872	1.0574910378334e-05	0.000555642148406973	0.00801906594106345	0.00330884463258007	0.00233077023310145	0.00220958737076162	0.00691750070699266	0.0197990270419851	0.00114096142507935	0.00631284875408214	0.0067967854307452	0.00335675026431461
A[T>C]G	4.18310162532807e-05	1.10161890712e-05	0.0101848978913045	0.0035713546118273	0.0311887933669014	0.00205683716638529	0.000133515758041053	0.00102044066209103	0.00123148017770684	0.00977223334744497	0.00590581772417148	0.0145526148126531	0.00186967930624369	0.000293263530164188	0.0149872005558345	0.00767084861057192	0.000232907615770292	0.0734751627323206	0.0003620142032117	0.00934658856987432	0.000122138145818889	0.0725561239339593	0.000311469676972189	2.17936124328708e-16	0.00149216879679425	0.00166997931505561	0.0135079394723449	0.00359593667113585	0.00747517341447579	0.0138467077562207	0.000315531821415724	0.0011150737610803	0.0164628659704582	0.0760542847103578	0.00584463117752573	0.000518532666499214	0.00178203956978453	0.000199784487107846	0.00619053369170058	0.000806341433524281	0.0645507044683687	2.69203550939736e-05	0.000692700829222272	0.00292684038561118	0.0175498474609238	0.00150264103346841	0.00731797348792368	0.00658828221792955	0.0131953206138973	0.0245494879903095	0.00868301000859775	0.0063127981090844	0.000462386788594234	0.0204865177489255	0.00137361704394168	0.027688141885987	0.00225920803427843	0.000113586015771154	8.58477724670645e-05	0.000887464879603639	0.00347267311115469	0.00185641454468751	0.00515555297547585	0.153992718150876	0.00331083054928503	0.00860238574038772	0.0103685809453566	0.00621978872446143	0.00243474250325137	2.86177381894657e-06	8.38396365951796e-06	0.00638410644112667	0.00262478792599166	0.000468791083687798	0.00829543709138695	0.0120407731445371	0.000154333924124701	0.000367586460328633	0.0346448758688753	0.0062577964761978	0.00212387835056032	0.0022517560158235	0.0363077237490483	0.00459458750018195	0.00809305527850851	1.88115214844234e-05	0.00429474605507027	0.0472512647669621	0.00491431165522791	0.00386460472061987	0.00198002485647816	0.0214842436412685	0.00632929519945999	0.00874408221894044	0.0345342995205991	0.00548571497531498	0.00333147583086922
A[T>C]T	0.00125218442775707	7.1509687843166e-05	0.00791885156537307	0.000615959601386876	0.017286159295068	0.000134617636597285	0.000242734389187963	0.000808536289509948	0.0016859863938822	0.0299787139147727	0.00696907937030119	0.0163142654521195	0.00162277085479738	4.57951259023605e-05	0.00624870948642976	0.00281579108058522	0.000478789840045178	0.0367567111905281	0.000448399618080812	0.00248754109690273	0.000261349132960014	0.0853643728104809	0.00356722529587711	0.000293872026142671	0.0016814546093402	0.000695365354930645	4.13501559487491e-05	0.0131154973547999	0.000402790887155147	0.00358409387869073	9.68612126348111e-05	0.000854565227026214	0.00663108964392394	0.0199233096664243	0.00147064974861475	0.000421116813558875	0.000411952549473303	0.000217291406510167	0.00356960367291443	0.000249451913792754	0.00447743333026648	0.00178502254819166	0.000844925417543544	0.00215725906330497	0.0277185067942662	0.00133593550122077	0.00570712312313504	0.00825733972991084	0.00999387941390016	0.0103736477263346	0.0105670073410787	0.00110071890814536	0.0038384425283478	0.000111166920838582	0.000535565661399363	0.0142358652013517	0.000776815162029742	0.000244550005149403	0.000114369808112046	0.00213600457889784	0.000908809493157551	0.00192709601096859	0.00248033463611964	0.00329970474707734	0.00623729077040511	0.00617449990396348	0.00996092440413311	0.00415648847227314	0.00412951119457572	1.63141253336961e-05	0.00378110608378497	0.0412237823299415	0.0018410908980968	0.00148465090800904	0.122562746521673	0.00535195211995964	0.00226694532792499	7.82751417302845e-05	0.0141167822212883	0.00586917351832418	0.00952015881818407	0.0010852436496009	0.0157989793052741	0.00264956349264242	0.004875973189659	0.00102523378867927	0.00130455876786099	0.0113182295848735	0.00408370404779006	0.00887270413099948	0.00218312333980175	0.00240956726965531	0.00148160549101333	0.00288811719910219	0.0300771932366631	0.0137083280147706	0.00305048429632043
A[T>G]A	3.46216196437285e-05	0.000101314856844114	0.00166830195146605	0.000382541262329011	0.00160749061869598	6.35557650510602e-06	0.000172257792975458	2.92940405016425e-05	0.00698580615127881	0.00200680884442776	0.000707773808860619	0.0234103280557328	0.000855619248944617	9.77517839595488e-06	0.00113664309958748	0.00317013841106612	8.09309925717322e-05	0.00106849712346138	2.64908227541814e-05	8.15066414884093e-05	0.000121482130362156	0.00648660149510569	0.000359570257830009	0.000702812617773919	0.000263824989413609	0.00085917399661617	3.88769804697894e-06	0.000185307399105609	0.00114595029513015	0.00606677000289286	2.83696652857324e-18	0.00103734193430449	0.00222798501509815	0.00144298855209615	0.000597277035622621	0.00644561278681967	0.000134525741146419	1.43499169440314e-05	0.00143102032715866	0.000145648255762252	0.00043915066421558	0.00198489891122156	0.00117134198055421	0.000423760336561847	0.0115624472821184	0.000406180741696621	0.00150235111158737	0.00222518664251561	0.00574482494770374	0.00189428189246091	0.0041479658252739	0.0004513935791905	0.00105849668723647	9.21778114015027e-09	3.96010784409093e-05	4.29263407632599e-05	9.42824776861106e-05	0.000105098498881273	4.2912367811375e-05	0.000297637409952732	0.000324213497957163	0.000625238493615593	0.00146305250721349	1.50457497988008e-05	0.000110062111907481	5.55939567114074e-05	0.0036250397119114	0.00634499984053303	0.000631523440278744	0.0103716959181699	4.72773229693592e-05	0.0153077542159152	0.00181753708246012	0.00195451856378019	0.00538518507446277	0.00218976516932365	0.00396976048556223	0.000733309986540545	0.000911779417239098	0.01292605319996	0.0014244779733662	0.000114659520782201	0.00618373063647508	0.000265479602172652	0.00164095196008338	6.85985113366491e-06	0.000281041885531271	0.00162582424766823	0.000422699994403096	0.0152290093707464	0.00218129594202775	3.76285458056237e-05	0.00121447464057915	0.000412088705736429	0.00466840836090732	0.00200074354578999	0.000732296648742986
A[T>G]C	8.67404882809227e-05	6.61082197208179e-05	0.0022860410767802	0.000120592366407943	0.00225407166589721	0.000105080854385049	0.00018726101244383	0.000673242193666847	0.00128319305415093	0.00300344169107032	0.000600150614861716	0.00748854477608201	0.00115036100642537	3.12576019044811e-05	0.000919417205774466	0.00058418684855958	3.61177194098527e-05	0.000734816138887308	1.99394548166333e-16	0.00237709821757822	0.000224258138174074	0.00531705316785528	0.000615723121165611	0.00464870296176088	0.000653583603303108	0.00145084242614457	1.64178415635718e-05	0.000430051465593708	5.24829215309377e-05	0.00120836339737233	3.8684121657959e-18	0.000941841901672837	8.78575039050409e-19	0.00260275771909302	0.00104597780659218	0.0235194067361732	0.000562167889072934	8.4242592848817e-05	0.00200762640151337	0.0003369836685486	0.000282014204557125	0.000676962993556844	0.000772314424280479	0.000504214009667614	0.0117578822535065	0.00078675310738526	0.00239402910542885	0.00399676992494182	0.0150867174963958	0.00270268356848964	0.00188068992117653	0.000317148228630525	0.0034100549393281	2.60654952019945e-05	0.000411497380906947	0.000714902943690138	0.00197422894929063	1.73414494111661e-05	3.77594978686103e-05	0.000506197702782348	0.00381811744775492	0.000398004717546212	0.00192432538686073	0.00127898425145405	0.000804558836802997	7.64378341098784e-18	0.00084337052200039	0.000771004726886817	0.00114576107762088	0.00906843402692186	0.000983877994062101	0.00459184752423454	5.78503470444891e-05	0.000344439669730207	0.00720689646441014	0.00113162984765951	7.02510122915347e-05	8.41147253928133e-05	0.000329216931297884	0.00252687144954349	0.000731373269952254	0.00015510921044793	0.00601777043507518	0.000411039748730026	0.00114218347914145	1.0755678077109e-06	0.000115328962032717	0.000930802250349471	0.00056566358062338	0.00287528604966947	0.00124313513988347	7.52194498143259e-08	0.00488881526833569	0.00149707377903953	0.00562990510171544	0.00137868232139929	0.000478898844382341
A[T>G]G	0.000105761422430559	1.71084754514848e-06	0.00521665499730939	0.00101426460975268	0.00648269650170709	5.19061784021262e-05	0.000197060984817405	0.00100003191689651	0.000695153522436375	0.0112715634889129	0.00403592390430055	0.00542415686502741	0.00027957836914546	0.000288845188978309	0.000918856884081426	0.000842502875835814	0.000130282643061467	0.000842098423624487	6.97838730340157e-05	0.000534413478618362	9.41485038692885e-05	0.00524584214748082	0.000595603851336822	0.000967452661116389	0.00142760390762748	0.00127959471858086	1.9526731400782e-05	0.000173309107301455	0.00284538877099526	0.00423664760954963	3.81085181958817e-18	0.00130514286429558	0.00590677663997991	0.00221865315733366	6.9568947894785e-05	0.00983291598703903	0.000272166335538023	0.000295709549511236	0.00306477196483538	0.000939498734473222	0.000417733030587414	0.000271850028925081	0.00337315225701083	0.000713417401171702	0.0175498474609238	0.00143339483904695	0.00581490451698438	0.00424917339869151	0.0125320704724328	0.00590438029029802	0.00291593565697846	0.000469772853638218	0.0275380554979583	5.62483513220249e-06	0.000652966150657286	0.00134653577561025	0.00397793624660976	0.000139890095423942	5.4084028021336e-05	0.00309434542458959	0.0244405857856062	0.000843181073967606	0.00316207251660545	0.000876690908725272	0.119420508484032	1.14421102967112e-05	0.00123819021174513	0.00249712990829085	0.00117587034036149	0.0212287446924599	0.000694555982126815	0.00564706264041375	0.00128340153477084	0.00129468785712292	0.00301652257868613	0.00418867840943731	0.000330715347120368	0.000734746099345388	0.00106958485652063	0.0051101321359602	0.00155951460269965	0.000149986409795504	0.0277661001936541	0.00111908494796094	0.00432005682778019	1.19168009403587e-05	0.000285079081022669	0.00533522325211538	0.00100551064080352	0.00251713921678633	0.00115784712609581	6.45868517821026e-05	0.00283534760962587	0.00113168521651405	0.00537569287155267	0.00318969071090385	0.00369393724818065
A[T>G]T	2.4432888162253e-05	1.73464185627777e-06	0.0018172163688293	8.5286659362669e-05	0.00217995156747786	0.000103510918651142	0.000121959437489023	0.000275654452617258	1.41229239743922e-16	0.00840579584991511	0.000346115303560682	0.0134452048072748	0.00445296088843541	6.77776900380312e-17	0.00638409423365095	0.00240655576492839	0.000114668176914307	0.000737438855605683	0.000149622402848925	0.00462507637993293	0.00102120286641543	0.0049963267864588	0.00572404501448869	0.0373282053810611	0.000729687894201447	0.000647408985683822	2.33541886344794e-05	3.56081993289995e-05	2.22965926574924e-05	0.00200900958978132	2.75566910273264e-18	0.00164959127148991	4.57387406443188e-19	0.00317594675829527	0.000145361601582336	0.0813923245780637	0.000290157870214486	0.000316567790378733	0.000329988008947168	2.63791107629357e-18	0.00036850077889648	0.000877254733085098	0.00109465727110306	0.000414598194620626	0.0142634818353163	0.0010947782653869	0.00269409799507937	0.00518432930610118	0.021111200335742	0.00423681694551485	0.00454321618736079	0.00037139068938131	0.00246009287389413	0.000591224136483333	6.08930805416705e-05	0.000279134611791165	0.00482820691038577	4.38427482741704e-05	2.98974092171068e-05	4.4717069052586e-05	0.00103516832346462	0.000728536120049832	0.000711628085543815	0.000143282082234145	0.00103803101162159	0.00286317562578845	0.0033221630290454	0.00105949718146409	0.00131532583890896	0.00737381431877825	0.000711303388839871	0.00221213438605869	0.000464938486263032	0.000578884895750708	0.00541944141600202	0.00180974423325737	0.00162098777122339	7.11977926189557e-05	0.00169075159258201	0.0043774206176916	0.000950304611754785	0.000186259775841217	0.00421601917756842	0.000362526539431305	0.00124349575252661	6.16406871694001e-07	2.98562389824335e-05	0.00371184974067144	0.000971730152660536	0.00382213358676436	0.00296821496847323	0.000148434510875041	0.00514901263644486	0.00120671593824989	0.0088414697426689	0.00175555880887198	0.000807905224414207
C[C>A]A	0.000167639007588681	0.000236353771079724	0.0253666616486385	0.0784812170680838	0.0082594898674204	0.00120208330336395	0.00044231544095989	0.00105591910537512	0.000170804260441998	0.0209930491010908	0.0461953448345455	0.00665082463878261	0.0037827682578066	0.00039176927595741	0.0209956365117526	0.0122114748166001	0.000612422240227152	0.00769094880346962	0.00161227509896389	0.0167281634789481	0.0289631877919494	0.0160781396712045	0.000332720339918738	0.000360572353795656	0.072279588268042	0.0012992788255065	0.0371786167500804	2.80145002232105e-16	0.00239731521190019	0.00898288967453919	0.000138023502181853	0.0219105790336314	0.0166702953395092	0.00185995525556278	0.00709058481277949	0.0035387206059518	0.0478203970133026	0.000754175388836302	0.011106700988125	0.00124894521131958	0.00323294132394673	0.00366376087115497	0.0306519639828667	0.0579070193151016	0.0045798280891271	0.359211098233351	0.0104391323613445	0.0151485174248596	0.0109757019584387	0.00962217131895391	0.00349961607759639	0.0116475705996252	0.00712279757128244	2.91163384680571e-05	0.215031248661687	0.0178752340001282	0.0362054781903561	0.000640311461521306	0.133833518327609	0.0240593740545214	0.0083550968337726	0.0553751386056756	0.284182271953647	6.55878232059502e-05	0.00700842130884916	0.00304156040331581	0.0119242360781603	0.00775335346253195	0.00210012178396622	0.00130675703714043	9.92614855038793e-19	0.00730940458573384	0.00620630735545264	0.00561234481579261	1.7794033717267e-18	0.0275324748840803	0.00231144558440584	0.00671387208136443	0.0218145435987696	0.0087987011948481	0.081704280284194	0.0564248686349914	0.011184122525375	0.00746599221390729	0.00106780035407516	0.0254860316161351	0.0775022206622778	0.00913877763172077	0.00462495498934013	0.0112586579181044	0.0104229750014206	0.0171375316299278	0.000560472497460948	0.0141579867987719	0.00302596481615827	0.0241926703457548	0.010818848616487
C[C>A]C	0.00107364620106243	0.000120883395980166	0.0318411239024573	0.086524200315063	0.00761938397476898	0.00301559898653026	0.000260447227761984	0.00160267160798936	0.00540528306558899	0.00520415883303783	0.0498967948951857	0.00296976860401787	0.000268238881921937	0.0026693562490439	0.0130014288556121	0.0202340621480996	0.00109075312524409	0.00677971620578187	0.00124443863905031	0.0225690850375406	0.00390614646660021	0.0155839407335249	0.00146050346847197	6.10495523453825e-05	0.0213711107592051	0.000842773545504286	0.109166340584453	0.00366243521986128	0.00643492612826657	0.00833672706769255	0.000642839845191896	0.03360722379506	0.00983275946586685	0.00222355180528546	0.00348149676532547	0.000212111710084326	0.0363435489953859	0.000425333522647407	0.0134414578512069	0.00553189554610966	0.00255302203121758	7.70067045855661e-05	0.0377648828385205	0.0234010562983206	0.00129242273432048	0.0731470228055088	0.0104534179730332	0.0133278457408755	0.00826170335936905	0.0148011182381244	0.00150850221308691	0.0367653164356184	9.83207822250191e-05	0.0346863159845681	0.152296052861522	0.00920972604775669	0.00865838431823745	2.16135880579552e-05	0.0186587490262825	0.00344974326280504	0.00423586803714033	0.0204617895230523	0.0033718323512634	0.00297781801965705	0.00469416593195136	0.00914551792696573	0.00602829637379807	0.00256294431862363	0.00623420910090159	0.000312766308284189	0.00578255175091067	0.000585979974120984	0.00357018497791628	0.0044223201190571	1.98637612767493e-18	0.0180816597701269	0.000971803574135771	0.00419019858164551	0.0183200694990037	0.00724850258682908	0.086721445300877	0.0407423116528853	0.00357443153645888	0.00600728078616024	0.00198472264215044	3.33785646214244e-06	0.0644365007966307	0.0165856128736635	0.00501404937363577	0.00840530443631184	0.00982743496152545	0.0140243010388397	0.000952539656475258	0.0302254780212777	0.00142079391132946	0.0120672315789896	0.0067771010555084
C[C>A]G	0.000114854597288111	5.81272894826616e-16	0.00649146885542411	0.0546571299081914	0.00882325935401405	0.00249997528063438	4.96972798033378e-16	0.000866911746052496	0.00686585856578987	0.000282678202876665	0.00901149248108388	0.00435454952402575	0.000126606324356856	0.000144554308273362	0.00664340909071581	0.00285515373320142	2.09070458365414e-05	0.00380850852839569	1.14394929794459e-05	0.00324883925211163	0.000105201892288215	0.00617078159116158	5.74307354143344e-16	6.80686257034111e-16	0.0268877036746401	0.000532878951694193	0.0168532152794081	0.00573143314904671	0.000412455790700912	0.00358615918462678	0.000272587133255916	0.0316612929163471	0.00330735047986759	0.00109541944457727	0.000853384786774877	8.87859771863237e-16	0.0299546436089714	0.000916841279044944	0.000783403806008737	3.8358512478984e-05	0.00101905198368769	0.00128439316911303	0.00517366621000745	0.0169022262516861	0.00243726185251162	0.110302023467531	0.0136095398983905	0.00409046850511112	0.00279977197380998	0.00818919067668352	0.000880385019377465	0.0043303580563599	6.30772709756063e-05	0.00879809222368517	0.140728782121313	0.0118284594840768	0.000914950882938963	0.170536955331502	0.690438783294511	1.27062997856977e-17	0.0118073647914273	0.0300974974932268	0.132137995249042	0.0141195638123397	0.00164887160528466	1.89099090892137e-17	0.00336421330886883	0.00420186926590799	0.00176070110905951	0.000962810757763778	0.000157570676756351	0.000618357158349476	0.0012898849980493	0.030100098301981	4.08190548548416e-18	0.00842205697418558	0.000966128737366971	0.00437414184178762	0.0142489691251348	0.00468459056684235	0.0145977250683499	0.0328029894142465	0.00399378954980074	0.00308784551586425	0.0840521613638913	0.00322187486008688	0.0357785499321078	0.00223508136590185	0.00238628366038417	0.00234645028865756	0.00394725956754127	0.0106443324122834	0.00179543116597172	0.0172972208230567	0.00159201962011522	0.00734729179657434	0.00545342570828493
C[C>A]T	1.22281728578174e-16	0.000488308089150305	0.0177220626996394	0.0684942406818	0.00736413732310845	0.00647212979067241	0.000369128317550657	0.00140871965724814	0.0215933186766096	0.000172904397476043	0.0388043625414737	0.00432781230872743	0.021005909805108	0.00639366912866612	0.0551817827176633	0.0231134209791941	0.000151728682713201	0.00159325779448241	2.60973307315066e-16	0.272362157409598	0.0202985374503955	0.00392929505457664	0.000157721207264694	0.000247177597527064	0.0361912304384489	3.45788797394151e-05	0.254342358727155	0.0246011621447682	0.000147093166973526	0.00687519370672945	0.00054114722727999	0.0150566727118902	0.0144865474901826	0.00961378118554359	0.00442535966809734	0.000361208689748506	0.0467405717555788	0.000297700635460715	0.0295609414742622	0.00274502139695034	0.00309219875524386	0.00118904144905891	0.0863284295208465	0.0640862934790566	0.00256968133563793	0.177074230976789	0.0063616990518809	0.00754369132497235	0.0128836852271479	0.0205172703315616	0.00397742624107684	0.0216258218264343	5.72305168837124e-18	0.0907528640588482	0.178911855361107	0.00970773696498108	0.00102455749196206	0.00046803566977477	0.0292306357294446	0.00125519888961521	0.00619464942638493	0.0185128615918289	0.00427295527126778	0.00585889741558412	3.25003514381728e-05	0.0892579885797984	0.0114859584261181	0.00250997766041548	0.00194179687284616	6.11268339279741e-05	0.00571481244758647	0.00150619648540619	0.00343322810001368	0.00327060465065383	1.81629831410044e-18	0.0190614063619782	0.00202231839744768	0.00271042086083408	0.0150560714546464	0.0139062559326503	0.0416379308146089	0.0544570371551819	0.00320140810988702	0.00436478927988104	0.000748071157133452	0.0138526764558609	0.0651412782261321	0.00731706541112736	0.00250277392037958	0.00320355345367914	0.0135310348951789	0.0745094098784718	0.00107683367175576	0.0485377166129379	0.00496721546202161	0.0174869693349342	0.00953856065887799
C[C>G]A	1.29467564464214e-05	2.53391204824807e-16	0.0217589581727666	0.00761472020133716	0.0077370187721731	2.7131069758594e-05	2.16642711503683e-16	0.000424219692945517	0.000322804367744629	0.00191109098097147	0.00576001805342437	0.00123733056228607	5.43582021716446e-05	2.24837979610634e-05	0.000132723556582294	9.97310083481478e-05	0.000258644690041052	0.00190145294687202	0.00646061830826681	8.77073615178893e-05	5.79139656463321e-05	0.00548821142029225	0.000623710376660713	0.00025812270674234	0.000598748459085722	0.00174221465445905	7.60033676085337e-05	2.48597141620381e-05	0.00137550928945967	0.00505927670230401	0.000159046520013198	0.00225144150058096	0.00810987340840988	0.000480158255748622	0.00661508156491023	2.51052968614461e-05	0.00290275079797114	0.00124713888704212	0.00212791902303693	0.00115829596211092	0.00179607904524264	0.000223583547546857	0.00395707637729748	0.00128682285904991	0.000628659676271824	0.00159335145706562	0.0297670308917549	0.00443240866627532	0.00898185858692671	0.00806961633305595	0.00305848870484604	0.00427746970915272	2.24486733585222e-05	5.49519627425302e-05	0.00129199418386147	0.000572924166670739	0.00140700968548111	5.39085884127609e-05	0.000126235903841495	7.01462795720031e-05	0.0034114653277558	0.00113837396650886	0.00231429844919922	0.00117288773964647	0.00329676077916793	0.000250192626549417	0.00121709491156999	0.000996142998571345	0.00195885811359574	5.21366080929823e-05	7.0674177678762e-06	0.00209798690637021	0.0215309492926183	0.00443721154252774	0.00821420996160754	0.0172142257325116	0.000660412188505391	5.44248403978544e-05	0.00283359122300922	0.00457376317876276	0.00940041565414632	0.00433725291561888	0.00283994555142285	0.00297144295990935	0.00622124962884218	0.10019498731914	0.011413473855795	0.00111908154034713	0.00154748587382853	0.0123064925976592	0.00338679610915008	0.000142587354589741	0.000322357467347303	4.33920626263532e-05	0.000287522440987707	0.00504735216389503	0.0121706409436186
C[C>G]C	4.60566381176949e-05	0.000445239043263253	0.0177454482105938	0.0074582342984967	0.0112553440799927	2.74129083485335e-05	0.000142160615812909	0.000992622101658301	0.00395337826979408	0.000462232542278218	0.00702155865253738	0.00238200117603807	2.96101648723884e-16	1.86353922394422e-16	0.000279085579414101	0.000170135214805336	0.000195804526774976	0.00141138518202352	0.000833053688732041	9.00076775389313e-05	1.31465871930419e-05	0.00783511571437051	0.000295878389612143	6.92192004694605e-05	0.00246422009419676	0.00198881395599529	4.83245350809989e-06	0.000384555430433351	0.00114027440995994	0.0046140378739501	0.000260197201594483	0.00502663951374998	0.00578397608241689	0.000474162111596384	0.00196712331264203	0.000146938938693371	0.00624439262515044	0.000869302817853472	0.00215526798979893	0.000926480328536681	0.000548030585447012	0.000247491575091651	0.00720965981524033	0.00158710168489471	0.000496963558327532	0.00132611874106921	0.0434982184698561	0.00536562275191131	0.0172747185872058	0.0105260989235075	0.00196975313567401	0.00742031730902722	0.000254249149596342	2.84973741478437e-05	0.000806866232652988	0.000383738585323142	0.000389381521452531	7.39021247470187e-05	0.000167015610427056	0.000344974684384444	0.000160347916311606	0.000899241297573349	0.00572736599632132	0.00102311799519062	0.00358008439139161	0.00030804513975553	0.00439117051948627	0.00179266032326198	0.00181874959880576	0.000175544355193894	0.00381263746266396	0.000402177037179727	0.0669665921107579	0.00244470770398441	0.00229241312491343	0.0132281870808761	0.000167593994943798	0.000184880055746473	0.00520139349674784	0.00484934087029844	0.0172027179180018	0.00442437021748236	0.00130997514246334	0.00348344859375416	0.00782958761171677	0.0210374095994912	0.00769564868074645	0.00272724215535607	0.00198332445822048	0.00564480796921166	0.00192239028033436	0.000615930082673009	0.000338166762735886	0.000238310761826202	0.000388968561717238	0.00624567978604463	0.00357021738115663
C[C>G]G	0.000433862008910312	0.000126941659094422	0.00387936385782323	0.0075850713807075	0.00634968664494066	0.000127655992414755	0.000172937619405337	0.00168070271734083	0.00094180856646387	0.00438399346794344	2.77491203607014e-05	0.00138900709855885	5.48445499907931e-05	3.82948167502225e-16	0.000497917378795239	8.12072281406932e-05	2.54244205612664e-05	0.000563139667298548	0.0012891991558004	4.49460814420137e-05	7.97754530644775e-05	0.00517778262163822	0.000600252076912115	6.80686257034111e-16	0.00802149926682868	0.000108660905002416	0.000426433683550768	2.92374716617369e-05	0.000724827731275297	0.00192314969817727	3.89766428499224e-18	0.00186999535395298	0.00212910548237103	0.000126167979579764	0.00115816392149692	8.87859771863237e-16	0.00263115192087304	0.000270322267866889	0.00203351641447489	0.00124074999045419	0.000873473521099661	0.000818907094176999	0.00204594875010333	0.00099747048393103	0.00104733870642674	0.00206978417802668	0.0291633007982769	0.00234919889162717	0.00313119224480593	0.0068955692980566	0.00138635411914184	0.00108258893836963	0.00625978344370727	1.80620971849919e-17	0.00133267379782808	0.000262854655201707	0.00226205120266063	4.5161331325442e-05	0.000319076947656015	0.00348320150860791	0.00557417392148668	0.0012570133923242	0.00316194363972518	0.00103337142199214	0.000679099324539814	0.000187410706152028	0.0023989664436822	0.000147128810623144	0.00149065617316799	0.000856112798209084	5.00947238242733e-06	0.000158072186075455	0.00734656454148779	0.129362572913	4.08190548548416e-18	0.0106747663353019	6.88794874006104e-05	0.000100405817673885	0.00431893458746584	0.00240908569221593	0.00432113739129213	0.00319492355436637	0.00354430411222618	0.00177977859465575	0.155146292262272	0.00163523550376514	0.00634213589854408	0.000323336095938512	0.00107804739753714	0.00221106090616849	0.00257870604674074	0.00160442561787824	0.000154414680987297	5.92387276040233e-05	0.000384772510809469	0.00643603827930763	0.00405045626411223
C[C>G]T	1.22281728578174e-16	7.37660552904935e-05	0.0256624686855488	0.00677001051536046	0.0108135945592024	9.70287326645157e-06	9.48995008344081e-05	0.000841450701125172	0.0067819008113224	3.28125491440414e-16	0.00645563458015457	0.00428538349737363	3.65450155279123e-05	1.70397897132996e-16	0.000292911905864526	0.000287584938345549	9.74730576499522e-06	0.00225952891983464	0.00752322329884567	0.000186463130735269	5.97511827451057e-05	0.015180647738409	4.48931671495139e-05	0.000262116529737993	0.00377864382353939	0.0032351688272199	1.01892129845248e-05	0.000222827452397835	0.0004279069060141	0.00480713987521346	0.00021179376269478	0.0041471888999625	0.000225346731255292	0.000841541836234184	0.000382579786880751	3.95065052958109e-16	0.00602494013604213	0.00102240724558591	0.00362359929116879	0.000508908975332638	0.000809104486896906	0.000141210171783196	0.0169517642547275	0.00221389025395344	0.000843494565789256	0.00122219719831034	0.0424113273641632	0.0071575491408699	0.0285767424840279	0.0121122571337935	0.00754960491778075	0.00701045535119718	0.000935403196472775	9.04159255542362e-05	0.00176145169796588	0.00175441029487601	0.00020581212835944	0.000135702515514623	0.000113940083276684	0.000558836008846799	0.00318896178490031	0.00118167195362935	0.000441191025203001	0.00140910184303291	0.00378861860856206	0.000962684018910416	0.00401518901699945	0.00160075093474504	0.00332604769947007	0.000165035672289322	0.0134838659526667	0.000846982369122308	0.0416729194494702	0.00643376530134683	0.00524032940689304	0.0180361236314734	0.000582182810196598	8.42076058229722e-05	0.00644106208725867	0.00836386382930833	0.00892300739520123	0.00356183925355923	0.00188827202868506	0.00375908414554572	0.00609464282619482	0.0461839888488005	0.00707605526650289	0.00109337580045112	0.00163749137097445	0.0237474562752735	0.00421321083457181	0.000100048267522559	0.000386713972037694	6.10454888904957e-05	0.000787605716771838	0.00780544609258222	0.00346329680086933
C[C>T]A	0.00107461033159256	0.00490888645176573	0.0181512558238509	0.0123508235858519	0.0215658292986674	0.0089826021045566	0.0486061511083784	0.0991081586490253	0.00424660797887565	0.0515415545550583	0.00307584948845791	0.0100316595499331	4.37720315080202e-05	0.000113545435602818	0.0045298293813301	0.00110801272344563	0.00403326772468182	0.00935117169221049	2.22273482182816e-05	0.00280171062070516	0.00748331219869446	0.0110846406452528	0.000925978782283784	0.000608051442505719	0.0114279886868035	0.11713192347928	0.0104812053706137	0.00170350497242425	0.00158511006533801	0.00593143373131042	0.0568545474775904	0.00464090247948488	0.0161071102494204	0.00222930684687356	0.0243345500790237	0.00050901861098276	0.0067142656120593	0.108019871375967	0.042765987686737	0.0170219165882602	0.00549600144757219	0.00892454547080803	0.00522826208737434	0.00700488117622687	0.00513452755254146	0.00399751940894752	0.00941589036440752	0.0273178223923227	0.0157055540173503	0.0251760846499712	0.0101606501392596	0.0187766884546843	8.18463593262865e-06	0.00366097357397668	0.00193347424333174	0.0325420926669001	0.00127160640842069	9.87058661079497e-06	0.000274679884019456	0.00410613330599094	0.00386632641360721	0.00315464637774574	0.0124223387896053	0.00349790446533859	0.00812976795589489	0.000365477331983981	0.0204219684021866	0.0101496164644593	0.00270284771977603	0.00168328075779499	0.0178949886539557	0.00280601045614071	0.00359485081160917	0.00549803141119906	1.7794033717267e-18	0.0105394053466113	0.00120075049715045	0.0300107782833378	0.043048926507845	0.0117813863061009	0.0139614163288884	0.0147338996565342	0.00574733080614531	0.367317463085123	0.00219216601512529	0.0420168694367477	0.00971475105384911	0.00130208325399478	0.0389479670611302	0.00747966380964235	0.00789089632901118	0.0113951670021768	0.000510249736761257	0.00197055578463125	0.00112308595985369	0.0100162180707075	0.0189989347955046
C[C>T]C	0.000161946653781307	0.000215643040226723	0.0254225571804445	0.0124846718399038	0.0235778995344494	0.0109121930523728	0.0600113549512118	0.188184605307543	0.0104432162192392	0.00420211563715793	0.00516971992652053	0.0135495668388278	2.96101648723884e-16	7.08480677931945e-05	0.00893230617340618	0.00300172083308642	0.139386341974102	0.000402347179938066	0.00173553033950711	0.00158098142056376	0.00858578785727625	0.00490126142465942	0.00216557475957723	8.74895044560348e-05	0.0073708520994024	0.10108884139845	0.0143494686908537	0.00726852545587179	0.00463372768808387	0.007161208640013	0.192851805695101	0.00852217564494896	0.00746887308567278	0.00416731845879616	0.0111470336668356	0.000408655677511688	0.00161526845032903	0.11291074594854	0.19003439726707	0.0319320768641445	0.0020450911143567	0.00107806029179253	0.0952132797095143	0.00773856654949691	0.0033342617206107	0.0049782073959201	0.00445366386045275	0.0358535714015357	0.0141344907443352	0.0304227184220679	0.00303670179339957	0.0539149911625365	5.21579759364431e-18	0.00327402211482289	5.11456323490152e-05	0.017012410615995	0.00757403406309631	0.000182332107772337	0.00032163528143474	0.00507315150598397	0.00628030831399173	0.00196002383814579	0.00436913486432446	0.000261862163536806	0.00500711049428659	0.000726986803695752	0.0185132975305823	0.0138931217086409	0.000429981870142889	0.00232411597011368	0.0450113114160868	0.000706794393132641	0.00548322444159159	0.00589015493127567	1.98637612767493e-18	0.0143998073730363	0.000670208385780158	0.000247763631723754	0.0456328135669007	0.00603291397606695	0.0204790664101623	0.0178221846422474	0.00312282988599165	0.0424194412021817	0.00111293137697902	0.0203032286645008	0.00759357085540179	0.00852559109920029	0.0584919759935102	0.00641766987409251	0.00945664112237303	0.0417062583294914	0.000516074360785431	0.00603358806075878	0.00113416065651562	0.00922118000938763	0.025210874747026
C[C>T]G	0.241582612677737	0.00722050412780848	0.00579318336101596	0.00738428904265348	0.0446263143122179	0.184846661427053	0.014963467633443	0.0469576575887305	0.0321365224386561	0.00876799025760526	0.00393757375144974	0.020692061926807	6.08474360594371e-16	0.00638237975879958	0.0261679766594492	0.00165759634030932	0.00209140829529448	0.000133117634028538	0.00525717883457617	0.0273090884794967	0.0394194271420733	0.00245058209572626	0.00491586399386171	0.00165734283487888	0.0376427860401642	0.0354500216054826	0.0374263834861278	0.0180048055835917	0.00129195142245477	0.00608086864019112	0.0297749950955439	0.0125655764297795	0.0299728543558322	0.0101069053610359	0.0240615648605148	0.0101971534665841	0.0309666241829999	0.0378450251250902	0.0195255680204613	0.0258778564210333	0.0161510220516491	0.0407298526150296	0.00627894794874964	0.0126885726281066	0.0106691430771041	0.00756974660249458	0.0179484702542279	0.0165286257500149	0.00853104221752338	0.0209358094234726	0.0340685264644507	0.0044224917172383	0.000239496513235505	0.0364626893600412	0.0045596960060429	0.0218169363817415	0.00513181846019805	2.3264928258561e-05	0.00185010717295012	0.00264919482261635	0.0568401108664991	0.00526706189529519	0.0267398901793989	0.0673834124004553	0.0001694848551499	0.0223666235868744	0.0201224013850456	0.0229951591464568	0.00237640710766806	0.0103140125120487	2.27703290110333e-18	9.47646687666284e-05	0.0137685213967158	0.281187009572881	4.08190548548416e-18	0.00597456286560844	0.000895209701508537	0.00240027628184452	0.0291990526088825	0.0225034013452745	0.0441456773752686	0.013120279992191	0.0187428755094711	0.0919203396091645	0.105744529597508	0.000460569395860966	0.00668187218932913	0.00169999885283458	0.0987849544113586	0.0272264545340332	0.0229949540669168	0.052611694252073	0.00860493932059982	0.00956151914821837	0.0159333815252716	0.0237892476589693	0.0418373388747217
C[C>T]T	0.000107495509694253	0.00168182198656497	0.026468016885503	0.0158827224769391	0.0262113373697096	0.0093036876269207	0.0561630160133351	0.119126654794406	0.0329498033145203	0.000203938861186655	0.0170504013842413	0.0156989275291933	0.000125064085033196	0.000456690926175474	0.0120933187335176	0.00316620170616555	0.0658500866841965	0.00489564744120183	0.00170448015006827	0.00142466321661932	0.0110333514677818	0.0304559766577578	0.0020031791624852	0.000184704094035366	0.00663007375027651	0.259215394181365	0.0118087530792611	0.000418606522946319	0.00213953721857022	0.00669098857656108	0.145549994722572	0.00377737554626647	0.015636273481467	0.00222167211705291	0.010206876193545	0.00590746468319641	0.000606096742275317	0.0463090343006647	0.153632134743795	0.0440025953243282	0.0032999745698875	6.77271611949296e-05	0.049181044455651	0.00609084598689049	0.0087978935803913	0.00394567621438505	0.00737450705531583	0.0324843131060103	0.0136972514460446	0.0410816225425327	0.0116020760591777	0.0337198829527009	0.000815873643939871	0.00527559867974858	0.00251767690870103	0.00748548392480467	0.00450685062212449	0.000265312274064723	0.000309606170814408	0.0129885754009268	0.00496060735674901	0.00253074807425218	0.0138957905655541	0.00393065284402855	0.00082296611734306	0.000635946974864259	0.0447686564312045	0.0354726499894997	0.00232631072419573	0.00283726244566912	0.0427946626431701	0.00411223619050138	0.00244280641449768	0.00466069227812997	0.00733646116965038	0.0146787894080656	0.000735389231866324	0.00102236160650599	0.054403901566997	0.00954412598433024	0.0261365603131235	0.00862842317116958	0.00845143436086326	0.166393730085757	0.000552022440742301	0.0135974530958256	0.0152418211957494	0.00387580002919228	0.0531039081655852	0.00520061162288701	0.0072154425018538	0.0332974292479934	0.000329477212480157	0.00275260467060277	0.00155060759605096	0.0190867749661763	0.02320575362295
C[T>A]A	1.32114115154738e-05	0.000157921873154207	0.0051196244818416	0.00800924394272323	0.00225063206603712	2.51441034334323e-05	9.8408223608825e-05	0.000593308467365484	0.00310984821049459	0.00133312323695928	0.0125182684702873	0.00379582801780388	1.51701745115781e-16	3.04916938183149e-05	0.000463686004725212	0.000849029620711112	0.000104283864265316	0.000443108911505366	0.000137655876972005	9.09764416860492e-05	0.000137907119633654	0.00283820840053642	0.000279952570963055	7.12305441084488e-05	0.000302774845605668	5.40689291384245e-05	8.14338229199712e-05	4.46742615893888e-06	0.0964157138025623	0.0964877586433774	0.000241520132801018	0.000651224772448358	0.0169423701055395	0.000712184085900293	0.264751781503937	0.000139577364902336	0.000983977949391573	0.000120188115864073	0.0122294053495657	0.000187215826890763	0.000510869173727755	0.0254669931374749	0.0308396675598756	0.000747832670158948	0.00127711461727668	0.000483675206063307	0.00292016096300428	0.00154839959952026	0.00245885849684485	0.00337597798703436	0.00304431015353139	0.007235770052449	0.000835627510306318	7.27071185694529e-06	0.000360158783899288	0.0027524108237068	0.0117843066277059	2.67371843638275e-05	2.47512283025136e-05	0.000118030688552064	0.00418286705085475	0.000673130912743046	0.0017956169571153	4.42180148326978e-18	4.73847085881817e-05	0.000834696428928477	0.00500897651302305	0.00177946543428382	3.7883368004736e-05	4.20365218534934e-05	7.75192039153013e-05	0.00970178017366526	0.00122919736551241	0.00313281786744689	1.01767999713373e-18	0.0201384389236846	0.113809288202712	0.000148727341851101	0.00473880222332769	0.00823381920721759	0.00697641450260891	0.00175310823465387	0.00650943034925225	0.00141360293917595	0.00078298061454343	0.00874786637528746	0.00210273794744457	0.0258095872741096	0.000287324376552227	0.00250728733926513	0.0394980032343841	0.000875328848960696	0.000179310020673706	0.000795261771617043	0.010071434670559	0.0101007293616966	0.00139608852377787
C[T>A]C	0.00021335872964038	0.000280146719594475	0.0202767048168891	0.0119880513091574	0.00582946033157922	0.00036771491576344	0.000256364229716896	0.000896577706547189	0.0212165232066598	0.000118949153083895	0.0339885994731046	0.00438202765818509	2.68009587353085e-16	8.05372574502995e-05	0.00339709737384009	0.000758512781634716	0.000212273203339125	0.00802907058711897	0.000397955017240851	0.00305899863672806	0.0001708267900615	0.00890376939363329	0.0461539995157861	0.00301139916700739	0.00301996551630033	0.000400802169016397	0.00647406452205822	0.00087719212712998	0.0735463940243303	0.031679495403686	4.12578939845293e-18	0.00162988973738942	0.0179818863369866	0.00193262611369959	0.00397079023838945	0.0023778298784812	0.00125698380523334	0.000770954078125426	0.0221299445418027	0.000661502730529389	0.00120016930151897	0.000776448421148173	0.0341820138780372	0.00153089818825132	0.00166704659689533	0.00192429945177269	0.0067255137793173	0.00738759636812781	0.0112546278577825	0.015816030368362	0.00473947989459491	0.00174502801633732	1.31318631283355e-05	0.00336750559173612	0.00094941148475805	0.00382065356210871	0.000849125704977314	5.59250911627124e-05	3.03320260566137e-05	0.000578032129116833	0.00180210042660198	0.000225170095490612	0.00386865109732474	0.000767689473856542	1.2460808282392e-06	0.00120698039268109	0.00912627003878151	0.0282684865527803	0.00156055802938542	0.000575138552695855	1.00294554337175e-18	0.00196753417201254	0.000520847251048942	0.00325428105510234	0.00622477481937747	0.0199691407542372	0.000697616349790727	0.00011752479063952	0.00467188332629286	0.0116522128965686	0.00907712230004549	0.00626002289921849	0.0451455112159872	0.00389398272220552	0.00154552658851302	0.000151129454951224	0.00188170724199125	0.0553111787858042	0.000950377941964686	0.000848753207262168	0.0138194925175701	0.00560548637944336	0.00223228237271642	0.00168793819801768	0.00878674988467534	0.0224629193198493	0.00392183371053524
C[T>A]G	0.000194641913362569	0.000189302183360105	0.016638943239529	0.0353383757431387	0.00622691817985768	8.49242678864382e-05	0.000121733816934777	0.00091444420451945	0.0016837102571953	0.00194249494638566	0.0355495367187611	0.00822620910575531	2.96568328840564e-16	1.86647631229282e-16	0.00121216789202775	0.00137004832318966	0.000337934792888122	0.00223702511441649	0.000290998391788475	0.000363739618140889	6.35128939214778e-05	0.00178037092465861	0.0156368926246353	0.00106663070390322	0.00350558050390642	0.000323553996790623	0.000135981651796385	0.000176355940531048	0.247393883238105	0.096410488875296	0.000134902779175578	0.00485131152553896	0.0792142394620459	0.0016813537453018	0.0068801489375722	0.00157092743722463	0.00195321499842744	0.000644495992080488	0.0217027077487684	0.00158785864208631	0.000641269058213421	0.00245781740690974	0.066708492337183	0.00248302960308754	0.00254439381774081	0.00187635891470533	0.00785819796653809	0.00705516758633497	0.00739286483919815	0.0151561891594121	0.00512942982689066	0.0167276398207319	0.000355549074547961	0.000667301506571874	0.00344468894068766	0.00550892189941145	9.57879527101442e-05	0.000188079901253523	0.000151596408408914	0.000616910792601515	0.00872598850168595	0.00132671967177566	0.00313931949758182	0.00222818021816409	0.0200600109265669	0.00218028321603739	0.00197684180107828	0.00120353652631735	0.000146361419428583	4.71539267311469e-07	0.00013892258707501	0.00034225673866375	0.00297619390092496	0.00202919920655959	1.98950681690624e-18	0.0460096070330801	0.000805518497990934	0.000225659394513397	0.0134699771088723	0.0113601526738132	0.00884037021598405	0.0121417601096089	0.031939577051536	0.00466248867540767	0.00376247375149942	0.00432579928117476	0.00923627055491235	0.15270013333227	0.00135357714991712	0.00571950493806424	0.0108457500325797	0.00217350456672322	0.000385324934674581	0.000894665297942009	0.0245068162439336	0.013108480401589	0.00617064304372246
C[T>A]T	0.000116687205504242	2.11651164478786e-16	0.0119595168743153	0.00958524773459831	0.00399265690567487	9.87517857857287e-05	0.00030124807417213	8.66504661834447e-05	0.0637427708997127	0.00139070405562391	0.040221590944388	0.00513861842983042	0.000373593533099995	0.000146973115721544	0.00337320684732523	0.00215047934029875	0.000134093422857274	0.00177787476236491	0.000503085800357009	0.00118295660615472	0.000607698976198193	0.00843227448713285	0.0681122404071274	0.00865745693382156	0.00184383282531541	0.000179231402529829	8.42433955564459e-05	2.33997924222871e-16	0.0667697224250598	0.0338388260100187	0.000286309274196667	0.00345852158648183	0.0344343430428733	0.000707371504430419	0.00634312152267859	0.00149974185033396	0.00145917759904261	0.000501985578065702	0.0268777009886418	0.000557782073874155	0.00112016347532755	0.00042058730595949	0.056857050147548	0.00169895629724634	0.00244731418848007	0.00185851424775985	0.007139662134872	0.00873306624932135	0.0100804661613163	0.0120743506837755	0.0110661702888395	0.00634895688336073	0.000182163575482953	1.18175277658412e-05	0.00101125021419476	0.00344555164512427	9.34457603384466e-05	0.000164076638266749	5.17444069097146e-05	0.000186670725032504	0.003619376755548	0.00068977215643309	0.00611903325534646	5.77310549918036e-05	0.00489858849650596	6.23990604938358e-06	0.0122496656948757	0.00136230278868721	0.00291838519680484	0.000122100012292083	8.29105690914392e-19	0.015106713736967	0.00282596323998873	0.00558323579331553	1.48628992850728e-18	0.0185939525080352	0.163707531038192	0.000315151908867642	0.00633423248009111	0.0278077511949524	0.0123302866881132	0.00538732540432296	0.0274811390472772	0.00340598033491427	0.00110194701098018	0.0177914514581151	0.00144672525855502	0.0147068338553138	0.00166051250824511	0.0117921510065075	0.0294565140180061	0.00260443196586035	0.000298804782464176	0.00129479823803437	0.0119372186063136	0.0292647543478296	0.004268146279653
C[T>C]A	6.85149946035035e-17	0.000196265239229436	0.00569348659962582	0.00288110295600297	0.00845576517778994	0.000627058450955256	0.000250746365113596	0.000810501740866457	0.00678430772306943	0.00844587296684401	0.00157466614292327	0.0108565446539101	8.29999023310163e-05	0.000567679647245227	0.00824600456449435	0.00181465626356396	0.000185897298648879	0.0368445572751719	3.1220906969553e-05	0.00185474650494676	0.000297213367152172	0.00946069555290639	0.00716007490098514	0.000492340041604941	0.000215629577647452	0.000254450633397452	0.00661649669911589	0.00829935192531033	0.00507689006148883	0.00762752231204895	3.58396611430328e-18	0.00111990937985526	0.00581709544328023	0.0392304620735451	0.00391928630168558	0.00131601543968032	0.000595432776765718	0.000713266209987429	0.00483833251156006	0.000341596525234635	0.0103406524661397	0.000638286778022478	0.000779786085904885	0.000890277129633177	0.0406724302709474	0.00105146816761729	0.0043388627028654	0.00384459542822333	0.00978820887281462	0.0166684744414318	0.00866198691450362	0.00203290693361995	0.0016712550206127	0.00856284635042515	0.00057356745226681	0.0146139908020625	0.00160771591102919	4.5000046059389e-05	4.04437074610986e-05	0.000513098361433007	0.00286160133376669	0.00131867490464624	0.00491483219249072	0.00676736655686902	0.00268073057734057	0.00236380417267979	0.00940652874755467	0.00281270393781596	0.00118494756290679	0.000556722452457493	0.00128848554722614	0.00704281173488098	0.00074517878760112	0.00192120541323317	1.01767999713373e-18	0.00312077492009734	0.00532220198182976	7.24859863009355e-05	0.0206910244159688	0.0228891886445743	0.00368027219804991	0.00199425795749466	0.0012228608839562	0.00181048464811414	0.0037560461408909	0.00644873418803943	0.00123734854480188	0.0182061898957694	0.00195833036516338	0.0016622335145507	0.0640936849668235	0.0254579717329655	0.000807941820856691	0.00215681240959066	0.021876803753771	0.00378752987009703	0.00170833881948847
C[T>C]C	0.00135724312559316	3.27211166419184e-05	0.0165175399353528	0.00231900004742639	0.0116813848648215	0.000687380278257174	0.00025440004245241	0.000786143254620755	0.00566829528006284	0.000130068631108958	0.00814795178497218	0.0214201364953978	4.95156726410184e-05	9.42127647366471e-05	0.0119052917957801	0.002794644049753	0.000713918150946295	0.0712580011022876	0.000141960970008303	0.00553730602790419	0.00150523732219219	0.00495174583493676	0.197151653617157	0.00868466026576738	0.00242781493160007	8.09954631978236e-05	0.0048255748673584	0.0035954666629057	0.00178860603357417	0.00192124847232352	4.12578939845293e-18	0.00195238204916353	0.0122914159771807	0.0415847820789391	0.00808289099062735	0.0046147501583891	0.00164031917814675	0.00136926216504867	0.0103937322782163	0.000943404358046294	0.036416418022661	7.6727905658097e-05	0.00209235370551389	0.00197129444825279	0.0313289875712342	0.0022100867821367	0.00826068534610719	0.0054853079895855	0.0072309930946276	0.0183877076449256	0.00780008511335415	0.00317554558207399	0.113978503079686	0.00331569849868502	0.00262001126837917	0.0965583354787491	0.00933889391641036	0.000246727763146328	0.000105110502279219	0.0191236883383134	0.0859928260246047	0.00127694082735602	0.00349898038385523	0.0178288590293556	0.00564242844158295	0.00327148756787107	0.00631499104331396	0.0120426281920072	0.00545243893896674	0.00312186355280124	3.2595730159582e-06	0.0107538439400829	0.00302661375463822	0.00121532748092797	0.00311238740968873	0.00475378004492222	0.000424636381620488	0.000120982449535234	0.00476562065760463	0.0114315965785808	0.0154174708105927	0.00810602520070342	0.065473030975735	0.00512655662580664	0.00220126113558229	1.94386250750872e-05	0.000891365822404244	0.0396242031082784	0.00351574912327438	0.00150899875335793	0.0254313339270743	0.032338232872412	0.0112292049919829	0.000753535350723682	0.0050627086241787	0.00909073942619593	0.00358924067915354
C[T>C]G	0.000216269193052392	2.83310427165172e-16	0.012731313222074	0.00598034096207686	0.0258522763211986	0.00392867311099039	0.000113038777053885	0.000755996424891234	0.00380192480486103	0.00151352628702927	0.00162291350680528	0.0238575571216736	0.0013965070129396	2.12711039193731e-05	0.0196973687107473	0.00452781493297663	0.000145146420092695	0.0593366864463122	2.8586062647481e-16	0.00512907625350592	0.00107685182186875	0.0166110415859715	0.11008876674159	0.00583150792124041	0.0017691716222561	0.000548061098883177	0.0288547228297326	0.0203162243841783	0.0029893426876933	0.00497127895134768	0.000397553791005934	0.00407008663527568	0.0168755291490333	0.116072411547077	0.00885037259545399	0.00485311671832409	0.00385710670459661	0.00139439508591658	0.00517615350133193	0.00207209922087851	0.0535507015193088	0.00170366667117115	0.00178806287033111	0.00214654364309668	0.0158229477125849	0.00267750031893475	0.00897914667857119	0.00633213862035556	0.0117556803916483	0.034062693242273	0.0091573465204768	0.00399667085513129	0.0111109148844769	0.0387539694043535	0.00157586975037722	0.0645696892396134	0.00510119565078423	1.94646962318701e-05	7.05709445004939e-05	0.00289326536103704	0.00392134149348406	0.00132671967177566	0.00807661186076093	0.223978520018327	0.00118980958344485	0.000659570228338307	0.0127192180373628	0.00831815184314584	0.00172684899597949	0.000718144403028381	0.00402676956064516	0.00160977938635945	0.000632872097820462	0.000613093089655863	1.98950681690624e-18	0.0101035673856728	0.000436322156415786	0.000137889064099526	0.0185688990218391	0.00360006524790082	0.00805117233495508	0.0163375974961561	0.00977520919280568	0.00324682384618142	0.00949389126019042	6.36228892260837e-05	0.00390202196841339	0.0392361665749722	0.0041828090507459	0.00149680258632929	0.00353760397679269	0.0730398633855155	0.00665367624661527	0.00450631356331439	0.0335044286820673	0.00430495115058453	0.00281209750457228
C[T>C]T	1.91153678752271e-05	0.000176538900667545	0.0148787695065155	0.00207951169237271	0.0138350213693051	0.000700641543684533	0.00147782052687344	0.00443311895174932	0.0564130050770233	0.0480094957966956	0.00621606408128566	0.0380766959768536	2.42419659325259e-06	0.000511893197813589	0.0193640217626082	0.00484005084333723	6.99268547548354e-05	0.0544029532702185	0.000107735319547416	0.00176586309519679	0.00101283162699702	0.0200153542546012	0.401325230756466	0.0203377997674513	0.00208858918580637	0.000321465595301819	0.00569880273514398	0.022871694944836	0.000593508795335112	0.00300560997833661	3.59379237402303e-05	0.00261550673820045	0.00842982782363585	0.0611512528513227	0.00455583344129745	0.000534374822605812	0.00131178613821667	0.00336297792671273	0.0119649118739159	0.000917016870875298	0.00307044697287768	0.00249527764903839	0.00272297323921616	0.00187231952091521	0.0598760234828113	0.00336265047834535	0.00741592510540113	0.00623042834468369	0.0119169298431819	0.023097214104639	0.00966601158960971	0.00271738751609507	0.00848004221887122	0.00660407467564417	0.000454308004150717	0.0916899576674741	0.00669984584510794	3.06682764969977e-05	4.75636812830958e-05	0.00123256536151698	0.0066388563305783	0.00188559296861124	0.00385193505532674	0.023321659360337	0.00064065665558963	0.000211028704437575	0.0278193337069419	0.0295514856978319	0.00959684630580303	0.00194250137231204	0.000761601563771485	0.0242155460212612	0.00151939659416553	0.00485202462074082	1.48628992850728e-18	0.0040209810370224	0.0103555228885532	0.000111896515885228	0.013427735389255	0.0168037077115169	0.0137526313505539	0.00483515696251323	0.00261937127763278	0.00331133941259987	0.00252635097501087	0.0112646598586586	0.000587917747572207	0.0160010525389524	0.00315549862579393	0.0023307284865089	0.00902111552934043	0.0283383455132993	0.0019268606294139	0.00397126559380544	0.102281236248114	0.0127516952771503	0.00306043661195801
C[T>G]A	1.09070955534725e-05	9.94320257444595e-05	0.00281772812174103	0.000483891931629398	0.00164664888447345	1.86881849843078e-05	4.68385695747072e-05	0.000190176319191016	0.0029395683269674	0.00122547979207053	0.000803804813720598	0.0206036612365786	0.000105451080331304	9.7623737964369e-05	0.00744882193253375	0.00442787122680633	1.25641846213034e-16	0.000724717805924712	2.72688934291032e-05	2.84543388821364e-05	8.16345171523058e-05	0.00350134183260863	0.000199965937839253	0.00155996337516664	6.20074460796009e-05	0.000401942223816897	0.000544588478807387	3.13946749456933e-06	0.00369844647892521	0.00606565539231734	3.57874167390342e-18	0.000705493256900483	6.44296435658223e-19	0.00107129344889983	8.00189447026712e-19	0.0145559310371341	0.000394095508023455	0.000111202177755987	0.00116951090669033	3.34717250386377e-05	0.000498542479923062	0.00113903041482249	0.00217519344506001	0.00028370158990106	0.00211496645216404	0.00053004791168035	0.00313296634219325	0.000961856458261464	0.00330718306990062	0.00198759382805909	0.0029181645007648	0.000499612584737124	0.00167739925923688	0.00013723996342941	5.27061256803914e-05	6.55335910406392e-19	0.000115317447895499	4.15862473226224e-05	3.54299971126392e-05	0.000546734049880512	0.00190317069425016	0.000443052449856821	0.000725059454654943	0.00258822107486267	0.00105818325762399	0.00408229752203966	0.000109742839305471	0.00036091564042945	0.000543998697970244	0.00204574911929004	0.000509334947773135	0.00366302414174114	0.00236304144443481	0.00319403233762249	1.01767999713373e-18	0.00440581253945461	0.00997483652043591	0.000355434378477154	0.000624404475801222	0.00721757492662591	0.00130264832726166	0.000200334115513007	0.00385226038098285	0.000392567716071557	0.00238127957844333	0.0232588644922982	0.000319128310427153	0.00340249432882073	0.000129787113931692	0.00850743256806099	0.0312814677962979	0.000514596936319053	0.00191855650448996	0.000265969514514428	0.00276973309990759	0.00259013124138737	0.000544767013972927
C[T>G]C	0.000115094406379202	0.000177961542595172	0.00801955045676763	0.000433338200084965	0.00517799848334871	0.000523209804013575	0.000168945626414358	0.000741220194502845	0.00883494044026931	7.28618428484374e-05	0.00226978637743555	0.0103740662164084	2.68009587353085e-16	0.000873749351142597	0.00279521466995738	0.000610358970259297	2.21969887901653e-16	0.00163448876537129	3.28152740213528e-06	0.00125470731458892	0.000109917616534633	0.00168702997392474	0.00118518866814661	0.0422133670205144	0.00196396405119676	0.00207860129849357	0.00159853436358979	6.93626036616163e-05	0.00117460702686358	0.00344191557989335	0.00013668915646198	0.000767007140248699	0.00328909181105422	0.00658425624073834	0.000538387699897105	0.0389259441099276	5.07176453653813e-06	0.000213327245433554	0.00149980171928694	0.000457963428828031	0.00114814560706478	4.21623640002415e-16	0.000536554060830378	0.000593485134888703	0.00342032050985649	0.00134319949970492	0.00771763204811685	0.00293896859412785	0.0135071540449274	0.0043393292921292	0.00358061079394315	0.00076395730282868	0.00788080005781515	0.00262147392158129	0.000256523270007061	0.00208399285205923	7.65985759388405e-05	5.09077464236853e-05	1.57561302667624e-05	6.67706893621188e-05	0.00309622575727209	0.000755441999485166	0.00364512953031569	0.0198214955673355	0.000527985970139188	4.87102956262981e-07	0.00117298247935684	0.00131835111070571	0.00249308699105671	0.00465482109625607	0.00215520259862181	0.00429208731828514	0.000168243125700488	0.000718262457599508	0.00414984987958492	0.00363059900118135	9.10163066392662e-05	4.86970881605848e-05	0.000497595634512845	0.00870997705157003	0.00212008309628314	0.000771537642409772	0.00778672424504792	0.000717278995808965	0.00378054909895074	0.00656813342064232	0.000407504026699822	0.00545322022303859	0.00161476531431124	0.0070332735915103	0.0207364683631744	6.11423511630332e-05	0.0151797166792178	0.00249537000126527	0.00694106279500689	0.00394249247027554	0.00138433355808789
C[T>G]G	7.68958599086387e-05	0.000153728303220847	0.0134876287093234	0.00412099774797109	0.00761896376098356	0.000682348627542693	2.42222847398217e-16	0.00133593814993145	0.00208492684496747	4.17700460876935e-05	0.00605372529238776	0.0219985257911609	7.11498008653372e-05	0.000402715805519852	0.00924398603187507	0.00419930534542178	2.45622700881946e-16	0.000940820091553834	2.8586062647481e-16	0.000499138258487212	0.000210721840176697	0.00387187622702454	2.44610795488929e-06	0.0203805253226685	0.00319979783522249	0.00146369654728551	0.00299602754502021	2.83593964884312e-05	0.0118248392012593	0.0105377647529091	6.65919247916148e-05	0.00293200508584818	0.0148605405939248	0.00820028655825531	0.000630158642929848	0.0302101598173361	0.000327509146141583	8.62042600023261e-05	0.00174085842598526	0.00122749356019436	0.00143248145633244	0.00091590322683537	0.00728979416164755	0.00102918078593952	0.00599522692941775	0.00167607330000888	0.0113597186465864	0.00264250134465677	0.0103744945640104	0.0071692934489504	0.00499790488924393	0.00637671089084889	0.0558548689973166	0.0039785875145433	0.000655601932265599	0.00204983140443216	0.00603915720874996	6.30977537631788e-05	7.3184247852784e-05	0.00437576368303163	0.00793636680378023	0.000858592345279167	0.00283490042402549	0.0256472811965757	0.141673820117882	0.00610205188181525	0.00335603443209372	0.000980504142114126	0.00212697335321153	0.00880346485168292	0.000875281329257033	0.00214706820956332	0.00200693328164561	0.0014364906124447	0.00459205230634661	0.0112671572006443	0.000268505439338272	0.000393020902346211	0.00274864970439911	0.00386399559264035	0.00287287152673634	0.00135049184395563	0.0386431810225652	0.00209258336324714	0.00915807856065313	2.03437751700512e-05	0.00180020905405894	0.0345888944656613	0.00139166732264681	0.00355197989316841	0.00198387788280048	0.000687683526889472	0.0206288351373563	0.00352376746227227	0.00735616253518038	0.00605096186135509	0.00465352479335015
C[T>G]T	7.67441635610162e-05	0.000192674691911061	0.00662011042096411	0.000974770598064337	0.00677823149102945	0.000717192439584739	2.15037508399202e-05	2.84784956287567e-06	0.0044502142159035	0.000188651876965418	0.000552325382369725	0.0653900697858757	0.00129168049798534	0.00328490820902109	0.0301918203014867	0.00604115107763481	0.000110088508959066	0.000407725733765458	5.33890819669296e-05	0.000824640384590968	0.00144111438433468	0.00327993533139405	0.00500243426881983	0.611245361193085	0.00337764054686008	0.00180875704684395	0.0042204177004982	0.00019498878378339	0.00131767776837171	0.00330582440558954	0.000188582538047016	0.00339367440126945	0.00804408834921179	0.00859422991607606	0.00168215383207967	0.147062113401492	0.00056524683069483	0.000217363198453976	0.000822804371234338	0.000568718383365342	0.000192028024341789	1.02836153080771e-06	0.00232052085055515	0.000927491642625548	0.00488274712124729	0.00541804140231326	0.00426480410458837	0.00396066575561699	0.0197658546892823	0.00898312812067865	0.0128962035872001	0.00291867529391304	5.61626838907868e-18	0.000328918620454781	0.000549395532856606	0.00191419535840237	0.000131538432720586	2.97622712829061e-05	4.53684344546256e-05	0.00042067989550733	0.0022996033584423	0.000695413394730877	0.00193307404676151	0.000768141158976299	0.00110522639962229	6.94689047862409e-18	0.00590731566730801	0.000495668371975714	0.0166764875134733	1.66426889795237e-05	8.29105690914392e-19	0.00251541486814142	0.00205227964568199	0.0016884465572713	1.48628992850728e-18	0.00389618198364187	0.0157976659804008	8.37122043981772e-05	0.00053551427669241	0.0432244476794809	0.00238819419770738	0.000983181015237823	0.00262774758648502	0.00126902018987111	0.00126572878787208	0.000692154949955023	0.000505793214983574	0.00720695695760246	0.000939222361924881	0.00495149855097884	0.0123763271375058	0.00518105170386929	0.017881551015426	0.00298411865198839	0.00340771480756828	0.00806537911290918	0.00210745243421651
G[C>A]A	0.000863339271408266	9.96087422749072e-05	0.00817473774247148	0.0312523580407571	0.011531029943243	0.000286810086574327	4.01114877450288e-05	0.00070269642293461	0.00167326819567205	0.000247354495360438	0.0283512830383591	0.0108781496089329	0.00146376550787829	0.000559002099142264	0.0103099357738258	0.00300303549440336	0.000166283848632419	0.00285725669848419	0.00111142676944415	0.00217083882836187	0.00161364851982007	0.0135365849813604	0.00204164994071932	0.00135038638331537	0.10827145300089	0.000814809902178081	0.0108600717418119	0.00274616672499619	0.00299314384181401	0.00416002636485087	0.000313262349003497	0.0545649842000104	0.0154638945822074	0.000665377961979428	0.0153603582182013	0.000276552816924843	0.0871237659867125	0.000941729859727757	0.0138285328163213	0.00461957222028015	0.0053700240483084	0.00536911070215108	0.0102898205137264	0.0714478549546908	0.00295071244802765	0.0115056069956663	0.00723161045019116	0.0113644344049571	0.00483210626699283	0.00444864238196007	0.00462067515778119	0.00787291022446406	0.0101606980785208	8.00724572783332e-18	0.00693705443783089	0.0083900229924062	0.0166136734357625	0.000414983477974769	0.00468337745472438	0.0154416488881371	0.00479618382169772	0.00808413732439025	0.000373798859948071	0.00547833881764267	0.000975011804280791	0.000270650489295313	0.0026343692517194	0.00349586890143885	0.0986461954329315	0.000582247202653357	0.00272901651244316	0.00250967392055846	0.0049972590938399	0.00473729566641949	0.0156628445964215	0.00769681813519953	0.00192325402023266	0.00293799091103443	0.0106905872363968	0.00308734627410183	0.01444269096186	0.0649877883891126	0.00744612518178141	0.00273214661475751	0.000923946305051529	1.03834170627835e-05	0.0446097964422707	0.00647847824679918	0.0146485993881996	0.00606815573346596	0.00496370362582941	0.00240597886299599	0.00159971966779889	0.00828734932579815	0.0101892714315272	0.0179798425320621	0.00981144829083614
G[C>A]C	0.000220246318765382	3.0639360851726e-16	0.0148592012060851	0.0409222597840173	0.0102828620873006	0.000729159079922939	0.000162214478337663	0.000240797276584889	0.0014059332472486	3.88700738310247e-16	0.0364958350087725	0.011191772656003	0.000634321045560172	0.00231857260374779	0.0108265506441502	0.0369594965605183	0.000485295192662988	0.000715492760518679	0.000628023350587626	0.0277969299813843	0.00208620745172739	0.00794473810175622	0.0017456451423051	4.47287276832882e-06	0.0204323451945383	0.0003237322482206	0.00675525881938811	0.0107874076041313	0.00272297112332	0.00441932777498921	0.000597943888336993	0.133511374076576	0.00881199037857542	0.0010622962213353	0.020969299568255	0.00215000184120685	0.0963362656008795	0.000586578028859513	0.0269853415102505	0.00440878009816868	0.00140151437762778	0.00106322838867463	0.0622270196333414	0.0240927519444828	0.00108176318872078	0.00715933356119628	0.00868592412374772	0.0146432172825728	0.00635793126335619	0.00840468486957579	0.00128549317006163	0.0325387120578982	0.00219539043057224	0.00579073200072506	0.00625989988609145	0.00415658395770375	0.00619307960182188	0.000227024644826668	0.00175254575216749	0.00980074629531368	0.00474742496244581	0.0085389049836475	0.00353913492461087	0.011458742251368	0.000260333480275639	0.0108850139453653	0.00124628532532461	0.00163837450384792	0.146898537771916	0.0011596286879329	0.012277108247047	0.00104517844687638	0.00445292982260525	0.00370024384564059	2.15160514528541e-18	0.00813104464629391	0.000980041938645201	0.00581804039544695	0.0111265908307477	0.00278360115395184	0.0376386691441459	0.0534554591199376	0.00606528114517482	0.00296387823291876	0.0030729039795553	4.0919648005698e-05	0.0482415387419706	0.00863991597677883	0.00603471338726737	0.00707308196660318	0.0084992385595627	0.00472536989982663	0.00850771882515502	0.0600259208257408	0.00166496374364972	0.0134809780370357	0.0132254588463266
G[C>A]G	0.000696463102790018	3.48771197244515e-05	0.00356004835401457	0.0328566105837722	0.00574406580796701	0.000520679910435926	9.1173218933791e-05	0.000149144336492956	7.68118909279183e-16	5.81948767219765e-05	0.00697017197184149	0.000523202683128283	2.75789242527754e-05	0.0001414741909403	0.00237282512934221	0.00023532146081279	3.0373752126622e-05	0.00140064387805224	0.000417056403204466	0.00251548973226558	0.000618145972618004	0.00464280518062978	0.000263998300227618	0.000271496786484053	0.0163059032684508	0.0004455749867389	0.00342802619218958	0.00470907324911271	0.00151284985939442	0.00171832075068586	0.000240194289775738	0.125529177818511	0.00163661528971317	0.000375760076508311	0.00503385518695353	0.000152068444333205	0.0448106119531671	4.81482117553768e-16	0.00222795644998566	0.00195056436262479	0.000904273866268177	0.000941795664281924	0.00114771593642926	0.0110683594329637	0.00158921521694484	0.00285222986395017	0.0103390439262756	0.00860270424961112	0.00221509652908246	0.00315735640121035	0.000714339995499338	0.00235029392573333	0.000419904015540442	0.00137000688051158	0.00416974977270267	0.00101210662390629	0.00254472072007539	0.000885508042144619	0.00881432901114791	0.00057614466814724	0.0113130312489503	0.00860643698471345	0.0954450394506403	0.0129269567549509	0.000191123189887782	2.65187752543307e-05	1.98743320407205e-17	0.00756315416632624	0.0251630971824916	0.00095371168681891	0.00167373384153142	0.00137128575568005	0.000499781902138265	0.0120027581444522	0.00226733113100371	0.0041398262863156	0.000529584776666436	0.000106968450319535	0.0115705239601419	0.000884039782676002	0.00398310186669179	0.0334390215487273	0.00180124425138644	0.000975527686710429	0.0281546259166103	0.000154062344453615	0.0305479875479676	0.000919337417957231	0.00624821860902012	0.000968524460377815	0.0018046593926633	0.000903876227638096	0.00328292872129623	0.0210614059618432	0.00157157401811138	0.00444322318996837	0.00666298512907605
G[C>A]T	1.33527956850291e-16	6.48455293101967e-05	0.012566207097454	0.0229800766253845	0.00845030123296456	0.000905506405454552	2.41472394015639e-16	0.000151762895272636	0.000634020734251399	0.000119434377678445	0.0345405717024124	0.0132199988579651	0.0147173301547306	0.00234678807709813	0.0161860361855866	0.0134554739208179	2.44861714093561e-16	4.34890424694199e-05	7.89457700418188e-05	0.14413007039949	0.0140561011259557	0.00999433414096237	5.90777750394371e-05	0.00079193247654492	0.0678258737294717	0.000299511931106336	0.00274427867356684	0.0125176532994169	0.000806488489014759	0.00358964247962528	3.14618918970591e-05	0.0523049077418315	0.0131823944781523	0.00120123641365	0.0115508951656651	0.000306994880178638	0.0831969983673689	0.000943499400086406	0.00406098934510854	0.00367107164087973	0.00425743731675202	2.82834621545694e-05	0.0261665219104346	0.079812240932384	0.00204506106325353	0.00955238989060867	0.00678549840065893	0.0077764855606026	0.00750632585200396	0.00876919699018099	0.00319596157092826	0.0202571985928217	0.00166446655493027	0.0129160681077548	0.00703923035785661	0.00306522094348258	0.00231303272021355	1.20295133157948e-05	0.00380422040130587	0.00243139455320249	0.00460297414713024	0.00452697877836596	0.00108113244684413	0.00778603748354427	0.000922400820264862	0.0214618843398651	0.00297899226553416	0.000489431965823908	0.52379765164201	0.000164168385289128	0.0112620209185203	0.00145766808677651	0.00946757444555268	0.000780348536586146	0.00686673785587768	0.00900211801780403	0.000869940691420934	0.00106617789089073	0.00859334718662793	0.00467921285333796	0.0129258135327808	0.0688537809324419	0.00175109526982072	0.0027593752392186	0.00234121229030992	2.67395825786998e-05	0.031213254290592	0.00672386814556633	0.00677009084500352	0.00136742238105165	0.00795928378768213	0.00544411127905019	0.0173527277419401	0.0779523079761229	0.00634426909326002	0.014075122772285	0.00535676618657135
G[C>G]A	5.23921305895493e-06	7.55732220972034e-05	0.0145608935648324	0.00523180307816131	0.00529070785631146	1.30235788339462e-05	1.93641664976001e-05	4.81464773029373e-05	0.000290032750241191	0.000288580735445777	0.00302257511504101	0.00191635785267173	1.81444438350862e-05	1.31531705019863e-05	0.000208345553959774	0.000129479240428469	4.7097068514531e-05	0.000813885564939054	0.00175673401773255	2.31593530485326e-16	0.000700422327028633	0.0016508026245685	0.00100706105750389	8.10557676881749e-05	0.000630755229719584	0.00131130370296303	0.000672720607005689	0.000497903293750859	0.00187910313259675	0.00281077265040407	4.01319455087614e-18	0.00238612120851733	0.00477662543943137	0.000529887212843941	0.00201960221458537	0.000324418238986027	0.00203677620526671	0.000514306542455118	0.00193177222294635	0.000897282354091267	0.00093884085128997	6.38447778733351e-05	0.00352376842959963	0.000935048516258681	0.00190928546092357	0.00115056069956658	0.0252265458823587	0.0029823586217836	0.00298488500285685	0.00508006200356793	0.00305054306939789	0.00245071133008434	0.0148586554777723	0.000228388960014293	0.000305965579459048	0.000116528097116753	0.00251450279933416	4.32405446394035e-05	9.03394215458535e-05	0.0290346485289045	0.00415101116313836	0.00135389675156397	0.00119407897090876	0.0023116695420985	0.00097045008017996	0.000233233439944862	0.00528267676606975	0.00270483257450543	0.00137913105528849	0.000183571298984371	0.0112564229044088	0.00278199659373742	0.00573645082326187	0.00174583923269842	1.80958057778699e-18	0.00740173879750036	0.00085477956454774	3.13415482761899e-05	0.00280895932759025	0.00486346063163997	0.00323729758163986	0.00327188308142602	0.00267263020179705	0.00107567788220545	0.00348402383335798	0.0350762141082221	0.00930377863593692	0.00117166156286422	0.00151773164054198	0.00634393826412218	0.0010248173818873	0.000293978210002383	0.000466144047499143	6.6499481629082e-05	0.00039216230810163	0.00361267173879428	0.00697778534909786
G[C>G]C	0.00010654982428116	0.000358615170277357	0.0117646695176002	0.00676158049668544	0.00682835809195912	0.000547069060199482	3.9000077346734e-05	0.000506235207196664	0.000896235979309651	3.88700738310247e-16	0.00332919953694953	0.00474142414654065	0.000119519308910565	0.000123657132792567	0.000565551613375063	0.000479932407697215	0.000136601113437906	0.000495868881837592	0.000667014050381525	5.37088672611145e-05	0.000509403142868981	0.00577629056036364	0.00113875977147001	8.92965606626796e-05	0.00158262096681619	0.00153534544835261	0.00341947610767019	0.00216663583658472	0.00146379401980301	0.00413263768254747	0.000140368067569258	0.00603930409456764	0.00325512541872481	0.000923527408095576	0.00228294855764092	4.67998012258307e-16	0.00174962831073345	0.000303976375096607	0.00942604275232214	0.00109610554926837	0.00112352791126723	0.000438468666328863	0.0265270564451318	0.001355216896801	0.0016131851948829	0.00123122280931063	0.0266201684212192	0.00410274562063493	0.00562056110658706	0.00890147175065019	0.00478281769407751	0.00172406626872988	0.0197455313609267	0.00147558211510764	0.0011034026835992	0.00110842238872088	0.00405753405225769	0.000142382813607944	7.77339411205699e-05	0.0426681592669343	0.00165001907777596	0.00169144995693875	0.0871409103876817	0.000276113757079386	0.00191182166576424	0.000145805301500275	0.00425924540865858	0.00226034929326238	0.0019586477779279	0.000180772998211559	0.0189138277460572	0.0104884333247254	0.134160901716385	0.000950278623122521	0.00372464797021369	0.00619427187104256	0.000689659578600838	0.000187690455772727	0.00307327401357602	0.00763698636522449	0.0085129525981025	0.00191629058388523	0.002394697361173	0.00166836657268053	0.00285734613534631	0.0275436260646397	0.00777961180493578	0.00133186483150808	0.00312906789224929	0.0325400601787253	0.00828296308720694	0.0044396643303719	0.00249260943345945	0.000746020078009822	0.000452069578460217	0.00509481485218601	0.00722182456181223
G[C>G]G	0.000196955007107954	5.59539402773575e-16	0.00602469721448656	0.00708671976138838	0.00370664075642315	3.23606479682855e-16	9.67508746803288e-05	0.000689278018548209	0.000622851015557923	0.00174238018922145	0.00124140230455267	0.00159408431213436	5.85723819844658e-16	3.68629934140219e-16	8.72311336794766e-05	5.14849931446082e-05	7.07992495613347e-06	0.000298889913783683	0.000612867656252675	5.02877314694365e-16	1.54503221421219e-05	0.000277630309688165	5.90187968965555e-05	6.55235750930127e-16	0.00137823688235543	0.00129760395479268	0.00151095186936551	0.000326014070941757	0.000619828071867832	0.00144456130064053	3.69141759638547e-18	0.00598120828477531	0.00103967303610314	0.000214941392578601	3.08954929393962e-18	8.54663155492952e-16	1.34022529496019e-05	0.000253708543375326	0.00104750685606873	0.000152590813304035	0.000123159906965108	9.21440950668963e-16	0.00133787004267489	0.000394153866860556	0.00181220870373386	0.00212355746880676	0.0225039675343298	0.00156814152780157	0.00232210856381747	0.00417771570443247	0.000506531406498711	0.000494447770339266	0.0303658997321852	1.73867647393798e-17	0.00138659208084741	2.53026655976601e-18	0.00151123307234373	5.16164324461774e-05	4.7331135284163e-05	0.00661148326310576	0.000705743655758761	0.00215161031159256	0.00563651813693102	0.00364430093137021	0.0141636543675415	1.52232397272052e-05	0.00562941816309012	0.00473735923599235	0.000746574959245605	0.000493973532384504	0.00372176677309686	0.000101441299349486	0.00171150204830176	0.00790080026427999	0.00226733113100371	0.00512549979836135	0.000198912357275752	0.000115656243238888	0.00231987481097911	0.00272406046486899	0.00158945065935232	0.0019000010253457	0.00519850119677837	0.00116933699931327	0.040260779632191	0.00658279991006032	0.00614755140027078	0.000271814394891208	0.000862567327102069	0.0019261857347393	0.000797882832834896	0.000201047183712752	0.00029110973681514	0.000214196354311547	9.65575217115308e-05	0.00155242470662474	0.00360597877011013
G[C>G]T	1.33527956850291e-16	0.000169717974798463	0.0184723232525064	0.00329525652443797	0.00832639652280379	0.00023631516167423	4.5479105599358e-05	0.00028597548532712	0.00223566310888341	0.00142331077664056	0.00624041605404904	0.0132354425184302	4.69327013113722e-05	9.4709304570944e-05	0.000207642430193501	0.000503511705126138	0.000205446698989291	0.000797139915686846	0.00346575909863855	9.18139944394506e-05	0.000348313550921184	0.00556580997321384	0.000989362928846057	3.3073629122158e-16	0.00133909867859254	0.000351076143662527	0.00332840239707667	0.000291140534066133	0.000665974210243768	0.00271273691800442	4.11346418330481e-18	0.0032498266763561	0.0024983780662035	0.000448441895040063	0.00710824497826904	4.31399113815472e-16	0.0031567650154318	0.000436724003421737	0.00388744296998879	0.000255964403618501	0.00124253090541405	5.6357417182068e-05	0.00998669970869967	0.0012145344356644	0.00201335493591459	0.000963645519744945	0.037326000640004	0.00383316118310419	0.00995832245157437	0.00666803092284712	0.00583467726602355	0.00310013423796534	0.0215542526230269	0.00211457765352998	0.00093856384626439	0.000766305235870612	0.00364179581377968	3.94737296241909e-05	0.000135492888426149	0.0170435966317813	0.00380245748438452	0.00109679748395352	0.000543411348713461	0.00571516009792285	8.52245518702593e-05	2.39272664737007e-06	0.000666071719028691	0.00151024852786721	0.00237231008911344	7.93334323427397e-05	0.084148530397288	0.00608729324835344	0.0140861076118105	0.00328894158416222	0.0137334776950985	0.00711064415872589	0.000568808211014315	0.000144255330294017	0.00200213327770513	0.00856246870379211	0.00420652450006345	0.00249533438756333	0.00174390095230191	0.00203235637496453	0.00340206069206029	0.0155920895785855	0.00583041104299921	0.000982591177060113	0.00151354222893596	0.0195313086098721	0.00557656263424621	0.000239461062440443	0.000509627277985889	0.000343702711218932	0.000623632544931205	0.00427770814505447	0.00304791448809805
G[C>T]A	0.002426093818651	2.57688509597498e-16	0.0188030441368042	0.00404500505967064	0.0219315678855148	0.0628698767729224	8.39772526681637e-05	0.000805369963534521	0.000250193183054141	0.000537407806891605	0.000323345391994443	0.00983542620853981	5.10463686560426e-05	0.000277589251533026	0.00442623244224147	0.00143317372267128	0.0198532831664011	0.00646490545877657	0.00840890007118352	0.0178467967130924	0.0519327226381523	0.0102192576377085	0.00188107038397808	8.26795894114772e-05	0.00961529948044801	0.0610606845784027	0.0424347208974289	0.0119599391570193	0.00319447612898105	0.00416297352050767	0.0499174775667604	0.0262297912315398	0.0114547363032457	0.00368909223158431	0.0201960264144081	0.00576152204274232	0.00933148422795745	0.0496330409657271	0.00717816963362079	0.0231490779198227	0.00651465507703178	0.000445196899887772	0.0076000805837956	0.00392593786827219	0.00368839200616168	0.00227235735766439	0.00844038191490278	0.033381075605562	0.013463882724146	0.017651602223537	0.00898713926532841	0.0343099576002733	0.000836891364792931	0.0995945008302646	0.000918814822592279	0.0146825402367108	0.00158653045886903	0.00019038469851442	0.000109358090833543	0.00263160536029633	0.00544135526263989	0.00174633056415285	0.00794322188270011	0.000234333838783307	0.00741236954845314	1.18386276700622e-05	0.0071643686906894	0.00865036215347753	0.00233686124758026	0.00139649136988494	0.0900201730978875	0.00154626585259233	0.00467848717534419	0.00125502207980037	0.0010441895191226	0.00777818747661863	0.000885309105702195	0.00942518210404625	0.0153385041802564	0.00841884938629297	0.00581273064535569	0.0160849022260142	0.00608855066751325	0.00422311596046149	0.00112039193178122	0.0877028839938556	0.00518335124106219	0.00598398332870246	0.0238776553118711	0.00901252233023538	0.00426405936829463	0.0341493044043155	0.00693525984604219	0.0132531384571892	0.0040298237299827	0.0143239524872542	0.0612942858981824
G[C>T]C	6.02809484499253e-05	1.772411457342e-07	0.018267274252121	0.00524463459498005	0.0290339648850474	0.0886491122856291	0.0137529297151971	0.0294557134136014	1.80179354034242e-05	0.000316864639700294	0.00034127769811455	0.0109404596583188	0.0179796333832769	0.0137295887697913	0.0131501293620977	0.00821685758529081	0.137799804301989	0.0031227706451695	0.00128250422842214	0.0101260242362807	0.108080651934919	0.00988886135584289	3.02722016113389e-16	0.000252586986700398	0.00964926310097725	0.0472505618437013	0.0636070394823793	0.0299056835255308	0.00294332743491785	0.00349402828022061	0.170209467115186	0.0455816181773624	0.00946573983841105	0.00869296379813094	0.0339905576390306	0.000396274154730777	0.00849210064970823	0.0724317502709916	0.0143085069357711	0.0461582274468177	0.0074419268272372	5.04564319351937e-16	0.022064560736603	0.00426642426130361	0.00397277084428953	0.00337446335920573	0.00562397924391952	0.0337818187875722	0.00953031377204006	0.0254976111675337	0.0153619141467456	0.18454791427888	5.32496081624419e-18	0.100934825689652	0.00101928212404469	0.00623487593655563	0.00304315053919317	4.84623175568646e-06	8.33871003755451e-05	0.00204290021375677	0.00447242081764578	0.00142315063614069	0.0122429380099986	0.0164413509992885	0.00204741165292136	0.000750384091797365	0.0114850456818091	0.00477859116463999	0.00267605862941344	0.00192825156046992	0.133982501563654	0.00100392827544024	0.0041402886150996	0.00207621271199647	2.15160514528541e-18	0.0115093225357906	0.000762254579213788	0.00013028498259343	0.0192117435314952	0.00840220904576301	0.0207327381399299	0.03807184569364	0.00374790660757726	0.00382435635856749	0.000431431136517292	0.0889073285937687	0.00552696239684209	0.0111043558000935	0.0385608098745596	0.0170910620239582	0.00881650194333767	0.128878066586822	0.0497162709847089	0.102088744577254	0.0056636652399753	0.0198014612422315	0.0905996426613646
G[C>T]G	0.258652511575533	5.59539402773575e-16	0.00131447889454165	0.00103509062758488	0.030193166426494	0.259610579739604	1.18417922003418e-05	0.000359980008000845	0.000118677831478721	0.000501934009247666	0.00485877046952472	0.0145639883185325	0.0391388483581559	0.0209219472581005	0.0245316420561552	0.00551677605285781	0.00389512778755594	0.00023372314012854	0.000452657755630967	4.34920920816748e-05	0.423827359761335	0.00399417813693378	0.00400979931726679	0.0025120533997127	0.0319216103714717	0.00697705843693467	0.0447608576288054	0.000120936883446919	6.51409815606693e-16	0.00915012789287131	0.0248267036797097	0.048383022273317	0.026116203072382	0.0194580297358068	0.0289369534927847	0.000827614221571486	0.035653660933485	0.0113626981941193	0.00451550768314405	0.0231309900365441	0.015441379483234	0.0692864157811106	0.0057272593408732	0.013062038826114	0.0135680114633956	0.0093269983268195	0.012507274907361	0.0225540360291394	0.00558513022590263	0.0140896252005881	0.0555237400864318	0.0100885296612806	2.29118764904857e-05	0.112317981782914	0.00301259478213775	0.00379539983964876	0.00558993417028319	0.0003630707043845	0.00134215236642331	0.0129868449911763	0.0113130312489503	0.00602876754598507	0.0112542469850763	0.0437774599000419	0.0294663435302788	0.00557893271588489	0.0255442339459264	0.0203900377375557	6.7412522342784e-18	0.00821658848151271	0.0202178804775191	0.000440679172965095	0.0178634429851632	0.0256466470172708	0.0249406424410408	0.00463266427447652	0.000727640346948272	0.00215721699096928	0.0154218947551713	0.0269504303841325	0.0382236988406471	0.016390822547311	0.0269482784106328	0.00602174278008714	0.0253412115409492	0.000419796856059635	0.00430641892800766	0.00344141390717824	0.120755797612678	0.0762985728367125	0.0311627158658753	0.00821299701642357	0.359084745704149	0.249211172044017	0.015967932792456	0.0291636922440908	0.0658047866182211
G[C>T]T	2.29931549015748e-05	6.38323179147249e-05	0.0141998136935323	0.0041299101297367	0.0230462773291983	0.0547721243617086	0.0174449814437147	0.00556464982007683	0.00132393182369966	0.0679380410483303	0.00591940689208452	0.0165249978001963	0.017899454805288	0.0267366190618942	0.0139382974819412	0.00305882969690655	0.076876789271718	0.00422294416575315	0.00163019035756065	0.0120108391999575	0.0596225829083169	0.0115796412095033	8.29602798426137e-05	3.3073629122158e-16	0.00728338801209049	0.119585416260469	0.0364801642493586	0.0113221471960546	0.00257607798553353	0.00615535672350041	0.109013933237925	0.0195181913771327	0.0123286770408195	0.00732210567987619	0.0118314843372536	0.000198187084773764	0.00503508970735507	0.0193734802696004	0.00659476804247567	0.0597250855204895	0.0052450551975376	0.00108269512141928	0.00689013674762508	0.00419881835482064	0.00367794088611196	0.00336277732610494	0.00991903840729447	0.0284448965810955	0.0113913166519246	0.0285619647213328	0.0137836053520813	0.0968092606983224	0.00222727288677571	0.0761247886707292	0.00200401590731649	0.00510870157247104	0.00662741132954704	6.65310671123559e-05	0.000200633474831587	0.0194273157069714	0.00793846246613231	0.00109679748395352	0.00293992046859284	0.000286914844029621	0.00661179321245257	0.00113460909982492	0.00944111282167223	0.00703384085426822	0.00310709679954164	0.00110350336785877	0.199635630337953	0.00796157003402268	0.00807117937020685	0.00105732667399529	0.00686673785587768	0.011475723720622	0.00110415532578641	0.000137440844396887	0.0220809408119355	0.00680914154056937	0.00961450978929876	0.010617924458909	0.0023335592156493	0.00500128285716059	0.000456915401392605	0.068172989484061	0.00813513988432504	0.00659462074462761	0.0308057060523534	0.0115840229937974	0.00518067899737911	0.0376255173403814	0.0266155162317205	0.0411880903783897	0.0020794301623193	0.0197138405319207	0.0261064403995088
G[T>A]A	3.12131164867226e-05	1.81312900237097e-16	0.00569537929026763	0.00641594002692525	0.00291922549678698	2.40897581864262e-05	0.000278934515083942	0.000348616734800651	0.00193979579685635	2.45561196272763e-05	0.0105511787922803	0.00262734592691419	2.81717643253928e-06	1.1945068058097e-16	0.00163937434818385	0.00135069600127818	1.09044155869432e-06	0.000838682812260635	5.5213123335678e-06	4.23528766282859e-05	0.000253353975536779	0.00103984183481134	5.21281790045448e-05	9.26410763852603e-05	0.00111825569558201	0.000133115069854483	3.93204478616822e-05	0.0010564100366754	0.0503142317240333	0.0432308903254068	4.09180050342919e-18	0.00096907404166634	0.0291761060934	0.000739064390703568	0.110078858979533	0.000144692362770532	0.00216543526660588	0.000231176958680462	0.001411211260493	0.00633501714841971	0.000693994846600581	0.0255436683168039	0.000525948627690157	0.000653456981057967	0.0011703835404259	0.000602439406918657	0.00366827505662642	0.00247019639332497	0.00476935531486665	0.00309179710514943	0.00245152573729684	0.00862175699209126	0.0047507559375325	0.000851184357821387	0.000193947248447879	0.00500142937727934	0.0168498607647185	5.04764987779442e-05	2.10624760135306e-05	0.000560080224086771	0.0174728350007468	0.000361719299824295	0.00270924141772338	0.00173049827193599	0.00194977045934462	0.000368579539898729	0.0032658240657535	0.00185826914894332	0.000171837295076439	8.63727484414641e-05	0.000780320381256144	0.0211444310587046	0.000914303777469105	0.0044120555724237	1.27324382171236e-18	0.0046397809575559	0.0543653474605563	0.000160543166146534	0.00473231274213667	0.0055983739922896	0.00414711261827295	0.00348560354616959	0.00212607975351895	0.00216764808846465	0.00083172977808923	0.00745836499484341	0.00159186176476352	0.00723189238795972	0.00030054831990169	0.00179116089089635	0.0153244807002865	0.00322786017982921	8.04854116143189e-05	0.00183252756895113	0.0174012626982418	0.0062359338949001	0.000609676144652245
G[T>A]C	7.97197485161108e-05	0.000171208798096112	0.00969922927312738	0.00402670226890569	0.00372059371953544	0.000371472575605982	0.000250451203992262	0.000272722667281622	0.00409122712356728	0.00018650100340749	0.0178872044226832	0.00337850779167575	3.05076388257034e-16	0.000106377893000753	0.00954319727144339	0.00470751414559706	0.000427413876129811	0.00295402408967758	0.000172190227748626	0.00322239017797298	0.000469396736002264	0.00108108688224549	0.00441053657277372	0.000531016319905112	0.00219065203868625	8.81199316556135e-05	0.00291138915169292	0.00473131616610683	0.0153963688673591	0.00849024200173523	0.000147183366960488	0.00233153973460118	0.00757865740074275	0.00174476033061251	3.78162709763074e-05	0.000236585539055241	0.000800655942867763	0.000205559673616245	0.00347415434379519	0.00952244386293147	0.00049853680814523	0.00522953052347173	0.00655566584341536	0.000753149328647155	0.00126616144849851	0.00121450027573579	0.00418447128451969	0.00470755176495938	0.00713159816452318	0.00476946104116461	0.00387287806055479	0.00212495640305811	0.00164340124233929	0.00278352613120758	0.000662979133950004	0.00131789856793876	0.000385947716660293	7.73902421778768e-05	6.11948598531737e-05	0.00129135538351474	0.00530043674611456	0.000442721271205892	0.00264222063663024	0.0107322938897596	0.000238597385033874	0.00334308916138793	0.000941110212812893	0.000903296057151034	0.0021446661877272	0.00014010668871939	7.48926949218537e-05	0.0019815675486841	0.000416076333360272	0.00256391418893887	0.0106285292162357	0.00323603145301932	0.000379785737157557	0.000300018649537331	0.00260357806866446	0.00680996081997413	0.00175320715042489	0.00399103027901876	0.0101139356043066	0.00195759739253996	0.00177299705623619	2.5326158609405e-05	0.000612296787376119	0.0122063908620488	0.0010995811920187	0.00220580758501796	0.00510411263104249	0.0195428235274081	0.00467135765420409	0.00168244983354646	0.00345843051382992	0.00789492561180271	0.00208007512398875
G[T>A]G	0.000128135764894673	7.02782605002279e-05	0.0126780492993271	0.0123502898723272	0.00442914485537534	0.00012485662709291	0.000273295398960593	0.000589037634308551	3.37211959923063e-16	0.00189476366968513	0.0174217628062301	0.00105845966988676	8.41754401363266e-05	1.61832264609114e-16	0.00225368010961806	0.000638531722211508	0.000114319798955033	0.00345277311269164	5.24737199947355e-05	0.000119386879278801	0.000125610276569425	0.00831781119834614	0.000759899764394971	0.000310851982685833	0.00173280086275565	0.000463744405407561	0.00204173090186418	0.000907667896656665	0.0481046646976036	0.00601859811369422	4.14440753163268e-18	0.00208225153180647	0.0417117685730306	0.000777499927556534	0.00212856793799258	0.00012118131919989	0.00313046294418835	9.38811963342538e-05	0.0058061839242101	0.0127910643001104	0.000959960843279908	0.011893765211943	0.00111306064706522	0.00117705428625247	0.00148912386527476	0.00110592021576638	0.00668317001045339	0.0048210926028771	0.00780675934854135	0.00617660364308521	0.00203841750343979	0.0075633129585035	0.00468665835550322	0.00219702185813944	0.000902143064788605	0.00266595018694846	1.86939824662972e-05	7.52242883300771e-05	6.23212525512153e-05	0.000206284943336013	0.00497813853209321	0.00120644156020019	0.00326632448546897	0.00265641301982526	0.0135882578333688	0.000518376260800519	0.00326858708607074	0.0248110369697152	0.000461046454549715	0.000386481387406672	0.000324649727600002	0.00584948546459504	0.00301205866774533	0.00433008516635324	0.00497690634382262	0.00987983895262884	0.000291008064659869	9.45775857384262e-05	0.00683571280196497	0.00582570723724553	0.00220592716727544	0.00521085321093287	0.0100022339745389	0.0018344970675782	0.00274688909573707	0.000890763202488886	0.00379321272232415	0.0180044749614927	0.00107528796098314	0.00143357398527944	0.00352884857571526	0.00405891632270533	0.000382571125260571	0.00141318372808625	0.0139619969203319	0.00399131915106373	0.00172698954562904
G[T>A]T	9.62740330581316e-05	4.95580735194838e-05	0.0096306145508952	0.00372820155144321	0.00248592705601337	0.000113758268109738	0.000206590851694281	3.5968307789933e-05	0.0220920987742277	0.00880804945650922	0.0224816541412306	0.00246344215339103	0.000351933187712958	5.64004146781874e-05	0.0107187780291072	0.00582820649409848	0.000112869259198604	0.000901716241196918	0.000286326839241029	0.000610814520230523	0.000404219689704653	0.00103716421332325	0.00375981979164807	0.00145998731428544	0.00234708150568706	0.00019345609280812	0.00295285398271804	0.000821139983696982	0.0086484969529781	0.00481966377068914	3.66689848250487e-18	0.000784800806847843	0.0158015993684087	0.000764042551696636	9.71681845805485e-19	0.000392250673839294	0.000655640584406612	0.000130260337414639	0.000568782573316304	0.0043089413526745	0.00146357431385088	0.00976027874260294	0.00203620416351778	0.000807203367997495	0.00165947531746317	0.00120478786214669	0.00293585409714956	0.00378053276204449	0.00561553993724262	0.00482119417447091	0.00461583182966933	0.0022663598920324	0.000977408864843485	0.00226476789329848	0.000320009755915642	0.000954940872183252	3.35319512584669e-06	8.70539491258547e-05	5.31703405330862e-05	0.000583703842102126	0.000121371881164031	0.00054336504987321	0.00183771871030692	0.00133357607244148	0.00398729276417242	0.00457390594572637	0.00754835987587368	0.00241350895428233	0.000987607911933033	0.00048991445520661	9.35860464886977e-05	0.0138787925286143	0.00186071633111489	0.00316806331903418	0.0185403226578877	0.0030031594529491	0.0225156617696082	0.000414398165653378	0.003363044914667	0.00488648282324612	0.00515158978464406	0.00189088732174125	0.00442415299432415	0.0035824286437563	0.00179732442053422	0.000917735698998495	0.00122621920596213	0.00355170792651445	0.000275082983192575	0.0013409855782925	0.00531305616054064	0.00792918586131099	0.00038688749268951	0.00140321780179773	0.00914269638415779	0.0102656043817293	0.00134568618475206
G[T>C]A	0.00040368938362962	1.81312900237097e-16	0.00805097573021507	0.00201802859310303	0.0112155537941434	0.00121460088427759	7.02556838495492e-05	0.000176296869867796	2.48900911138731e-16	0.000828771109666908	0.00214320820506229	0.00943861664777496	0.00187258909025864	0.00790946125090114	0.0109785129342541	0.00212395938659541	0.000573651564713847	0.0721917265032863	0.000236499233234838	0.00807775129390182	0.00639583054654335	0.00227880333122534	9.92662549290793e-05	5.66510179334325e-05	0.000494827789085219	0.00067191443056305	0.00195277295799973	0.201349954299984	0.000675541425271488	0.00627419308797417	0.000142583560130373	0.00228380496416625	0.0141044711911093	0.0788146393532953	0.00478342668846002	0.000612448168493804	0.000681827774733427	0.000656991448313511	0.00336462461305228	0.00658726467397989	0.0104527645831754	0.000146539850346933	0.000414450764926388	0.00173760079194596	0.0312441587624383	0.00114686148593237	0.00552459943577493	0.00380523029889511	0.0107534068966064	0.00487287105527272	0.0063760723010313	0.00418155259729972	5.76425024036033e-18	0.01981204889843	0.000422804342061684	0.0181199326619465	0.000439149092698894	6.09601778031477e-05	2.75400232002315e-05	0.00105588835751869	0.0010106835923405	0.00167053441686165	0.00341547080118682	0.00846681440341218	0.00209419834645601	0.000640626343157372	0.00378560925103069	0.00195701811116937	0.000478448674837361	0.000603024323551842	7.10260951282588e-19	0.0264816427930975	0.00322990661342096	0.00141235349861254	1.27324382171236e-18	0.00403238845664972	0.00457617947647212	0.000100529797318849	0.02457836242418	0.0110453697245375	0.00303174001812722	0.0018996740746765	0.00173761234439371	0.0021592059327375	0.00235218766013002	0.00937958798590084	0.00236704580592435	0.027236175203422	0.00537099511558433	0.00696537321052299	0.0424015241342818	0.00644967395907801	0.0101320196679547	0.00514699411620964	0.0704836298186083	0.0126079103365497	0.00288195818464112
G[T>C]C	0.00117416575134574	3.5808991082995e-05	0.00731332292585437	0.0013198635276892	0.0101517230697979	0.000843220455294808	8.27965567638426e-05	2.36563601163351e-16	0.000762374777032171	0.00386322864674412	0.00347144233183938	0.0155857575224462	0.0085920564822046	0.00460971878690781	0.00840775894433752	0.0038437464112102	0.00098020289899157	0.049614553872325	0.00024106684868853	0.00771957286558933	0.00924448939261203	0.00211594470783291	0.0193285317748716	0.00229546073842803	0.00253890976104961	0.000420008136973364	0.00257021125944527	0.096222774799868	0.00187171601898753	0.00210422862385466	0.000439446700871247	0.00362132815823005	0.00524676271622972	0.0376261500717918	0.00315271676404636	0.0011769100897746	0.00364303344491984	0.000626843587933	0.00784370968572171	0.00888529745327178	0.0109347651520462	0.00139598214531657	0.00239352473844129	0.00167101291355448	0.0297727889288129	0.00234225045428974	0.0081906264572996	0.0036888951342663	0.00479951499913199	0.00564057588916396	0.0063251371462224	0.00382261229229109	0.0270605125080335	0.00136817394104512	0.000592316820213665	0.0759109575132794	0.00184510263404848	8.05109774328641e-05	0.000101498829021056	0.0066166611678588	0.00312519225306482	0.00227463477218445	0.00653705070516024	0.00528854942619683	0.00408840781025407	3.85167050734591e-05	0.00360995437048706	0.00112551326786739	0.00344446364738191	0.000808800133605224	0.00098861211439176	0.02288143920873	0.00800687492156383	0.00293790291942745	0.0070856861441571	0.0021112418744254	0.000207208453818573	0.000127693665979976	0.0036325876037405	0.00437739592286243	0.00133878539156754	0.00550786298230739	0.0187136993385666	0.00267357006703589	0.000532629787131615	5.99830072328014e-05	0.000294342502108991	0.0173931516244847	0.00572367181899375	0.00672293266870097	0.0106181542966313	0.00995926199723832	0.107453569777587	0.00116179555452412	0.00863643815754715	0.00876240667940107	0.00444634681102775
G[T>C]G	0.000609425538382863	0.000117868098876248	0.011912994732083	0.00223436509505107	0.0161647633237621	0.00156871123888171	6.82795857328511e-05	0.000475001840909318	0.000352430548330568	0.00360706870920575	0.00313815028456576	0.00847573198819542	2.57138673293162e-16	0.00100597049706102	0.0148627167564022	0.00418142152626897	0.000538938387778458	0.0570876820566811	0.000217700066712603	0.010943770085556	0.00399669214441222	0.00641445613858034	0.00390336888808897	0.00130274356998601	0.00376860576005251	0.000909357714753112	0.0038917514663693	0.14312286343166	0.000745301914514491	0.00232830020832594	4.14440753163268e-18	0.00223277549720814	0.0146318765509022	0.0910493596650286	0.00166760380059862	0.00123532608617894	0.00255740015830812	0.00047693837664283	0.00516217003724043	0.00939313297445289	0.240280290338263	0.000801417985410821	0.000189816589827665	0.00185109441909891	0.0135537807900728	0.00170914900875257	0.00575133359799107	0.00359787697055545	0.00741232657492962	0.00870197891120266	0.00500338906541423	0.00312461173686045	0.00124977528379891	0.0171984076825154	0.000794411244588176	0.0392116839997015	0.00442297627322394	2.45528611317978e-05	3.69716260263221e-05	0.00384582410221661	0.00529144807194897	0.00085479647969076	0.00211156345360872	0.121752268271239	0.00653323541487896	0.00196174412360937	0.00627143517951634	0.0135001234685993	0.000900181812172361	0.000536780300891801	0.000190438861821271	0.0107390956898662	0.002637063929462	0.00251885727364746	0.000995381268764494	0.00785387642406065	0.000145540890087833	0.000115079579968507	0.0105562525867655	0.000272061375763383	0.000939047463204804	0.006925525283485	0.0049787914992738	0.00266259066795551	0.00418238963439414	8.24651748170949e-07	0.00236082807325483	0.0233442923849444	0.00498687993595531	0.00439727271233201	0.00111934979230948	0.0274619793661968	0.0263949027763265	0.00510414518529565	0.0410934020811561	0.0061201711572023	0.00205505757773286
G[T>C]T	2.66012205461271e-05	9.8642662260119e-06	0.00798636355335921	0.000509925876937196	0.0105767711657788	0.000415584714699596	0.000547532990319672	0.00440640339172041	0.00769414457289749	0.319744242329705	0.00503237031845189	0.00948810000545145	0.00437025114848348	0.00600562684802056	0.00884096034580314	0.00183694554219077	0.000163109735132034	0.0456278232161604	1.77562567912319e-16	0.00798264381462378	0.00281991368706656	0.00257680693983752	0.00410447029165444	0.0013583421482486	0.00213679374073767	0.00161327534781141	0.00063726698673048	0.116554552560724	0.000773910628034261	0.00209879908618294	0.000507211995979676	0.00239034804881587	0.0111080550015546	0.0505697062330109	0.00364228138127258	0.00103026266006663	0.000949759461689244	0.000303486272859474	0.00338097687760709	0.00902359395038593	0.00807460883513337	2.89798724203258e-16	0.000299735259326358	0.00190990183660674	0.0395113058899156	0.00199706704319015	0.0053907730493717	0.00630948044252994	0.00599382944819255	0.00547316146806225	0.00397247443564796	0.00166664625544572	0.000386486623813701	0.0079053216095848	0.000872183107833957	0.0483040924512719	0.00326060298080298	4.14542614885007e-05	7.10289910730734e-05	0.000868872148380114	0.00333356203913153	0.002083681767706	0.00413043508989296	0.00389980978069011	0.00981248006305531	0.00219751864842006	0.00510204364193304	0.00176003242367287	0.000778313658675013	0.000535291197977483	0.00252477860030577	0.0643899289211024	0.00602542751028462	0.00297926839648081	0.0164010548014911	0.00314605477735988	0.00179291361951131	8.68288086790227e-05	0.01034998766062	0.00552803684934378	0.00762888414839044	0.00204209661390792	0.00327621882573267	0.00275434575511255	0.00250089955193611	0.00268179045058322	0.0005395474146626	0.00969285407502488	0.00553062671012397	0.00853404379192296	0.000380797954573612	0.00169809536984077	0.00665609375556629	0.002406104434252	0.0434912250539753	0.0156602395745247	0.00256753490803186
G[T>G]A	8.57207509426002e-17	0.000169934905950405	0.00356566269006339	0.000416131201677724	0.0020044818125077	2.05471466884224e-05	6.30497944427963e-05	0.000214074770553753	0.00278074788744843	7.75020146886189e-05	0.00107984713174829	0.00822904578947859	0.000173640201528929	0.0002588060414625	0.000305983969763373	0.000343337108228147	6.78339618979976e-05	0.000418326184376854	7.22715062169995e-05	5.71800535414813e-05	0.000100647320346372	0.000997805892134753	0.000399485026045268	0.000267527053276505	0.000608051517011473	0.000447943188593862	1.5699891052686e-16	0.00025823396583488	0.00148975089199797	0.00315969843353399	4.09180050342919e-18	0.000660451782563749	0.00447313236573755	0.00129312627176425	1.00113618474935e-18	0.00144692362770532	2.83422120518788e-05	0.000132101219644471	0.000225793682777513	0.000828813298269189	0.000497791435059219	0.000490706887674385	0.00129103205567487	0.000137374196221778	0.0120091555482099	0.000340010629487272	0.00246277334936599	0.000828527504397279	0.00303874713330548	0.00118044315781931	0.00189388301793912	0.000819067018405568	0.0469694466326533	5.63399954500206e-18	0.000284455619525065	8.199064552917e-19	0.0231685592098034	2.96484574319889e-06	2.76236044542535e-05	0.00663373425815368	0.00187576064756746	0.000780042858857627	0.00266662393327652	0.000126259409462911	0.00454946600957993	5.8984523288461e-18	0.00137301895012631	0.00724455699274359	0.000828861295016897	0.0223459752594635	1.34239319792409e-05	0.00944381686831023	0.00101319845225575	0.00165562958481591	1.27324382171236e-18	0.0101901296302363	0.00887115312131155	5.90896350783155e-05	0.000463212903615724	0.00362318464233845	0.000935502651343901	0.000185248794428581	0.00456938520729841	0.000570611474189238	0.00225743752991127	0.0192296405178753	0.00015720758827547	0.00168749753444217	0.000616759536079754	0.00491210952093109	0.010315814103023	0.000210845119531312	0.0048670624717635	0.000228895768454908	0.00406265313365113	0.00183237419982735	0.000594636517313931
G[T>G]C	1.37785541485591e-16	0.000173822593065713	0.0030342504633798	0.000282987701835621	0.00218632826818059	0.000161807273100621	0.000135289126807096	0.000341967603906907	0.00299182306551262	3.71393191465566e-05	0.000869184952041445	0.00932276860084431	0.00113967919902843	0.00081470098939905	0.000859252422937823	0.00220841496278758	2.52669213708542e-16	0.000347628428639902	2.94061499455364e-16	0.00247876249217921	0.00046222423060019	0.00160207310769803	0.000264632531600111	0.00956441846810683	4.15389090000287e-05	0.000795863431070293	7.55932451995949e-05	0.000773555701733989	0.000356229402765871	0.000765255067146916	9.14064939578578e-05	0.00151798102009702	1.29569788012309e-18	0.00183579117247251	8.17475134296347e-05	0.00386956697710286	9.30410103976697e-05	0.000398694355749895	0.00104105300212816	0.000857251532996556	0.000877259483488481	4.79935880526029e-16	0.00597791796402288	0.000373591168923232	0.0112220511613056	0.00101822883174794	0.00689486667404153	0.00130004188082663	0.00448845767239089	0.00104101633732535	0.0016066522711534	8.14004707757007e-05	0.0934143750932114	2.15786543075523e-05	0.00054035997025381	0.000131789856793828	0.0176046482243172	8.42554854752113e-05	2.93547242106019e-05	0.011794383760912	0.00729670509524629	0.000622473640975301	0.00170276454066779	0.00182651913917761	0.00412709969630448	1.29658798397469e-06	0.000269564334738575	0.0038815774752789	0.00178722110063566	0.0366826232920148	0.00140359413527345	0.00157733020552049	0.00080208779618095	0.00093436874877221	0.00354284307207847	0.00163029009753792	0.000103604226909319	0.00131173255215545	0.000397956723850371	0.00421118020608868	0.000744172029058343	0.000466281193729512	0.00465472358294485	9.15602306617876e-05	0.00163517534525236	5.97164160895445e-06	0.000159580517728259	0.00185512877900355	0.000421830896352181	0.00400473369723134	0.0058312503760812	5.40470672179958e-05	0.0297522680715769	0.000675336845902806	0.00281959002103155	0.00170610412234892	0.000920509178685428
G[T>G]G	0.000181265101367082	4.08671389429225e-05	0.011912994732083	0.00229093128805421	0.00571154932688316	0.00017543934516715	0.000306279618700141	0.00216399547408977	0.00916017605765649	0.00533340838008799	0.0044336156433679	0.00533259298827851	2.57138673293162e-16	0.00126110780990724	0.00071715629654179	0.000236746866815247	0.000124887538092662	0.000682300963000194	0.000475591653554823	0.000777007675079995	0.000233084159164155	0.00101162633457496	0.000912972303859436	0.00190897091630891	0.00552034419754261	0.000486645033689832	8.33564863324022e-05	0.00026055701456119	0.000577255567834814	0.00179188474250386	0.000139119259488056	0.00261744813188032	0.00948888108176367	0.00300514087694561	0.00642637512559596	0.00528942261332886	0.000658594864068399	0.00131372261712147	0.0025659905655942	0.00293901531328415	0.00629139708830739	0.000102952641851031	0.00401496872712288	0.00153922475846258	0.0135537807900728	0.00197420448621853	0.007735243767173	0.00186646646186593	0.00385982992284223	0.00326357074221467	0.00171056024242057	0.000399093562383396	0.250996554558498	0.00010239503743697	0.000156779912490507	0.00133297509347423	0.0388080411809632	3.48577022063853e-05	8.32835417089389e-05	0.0363850161817818	0.0884228813080486	0.00128125926437022	0.00390144292934837	7.49507638231806e-18	0.325031145328985	7.99124704374551e-18	0.0011440058121275	0.0284597198432703	0.00209068565862832	0.710697321194536	0.000204722714665674	0.0032345364819815	0.000447081869504213	0.00205772161557997	0.00497690634382262	0.0524508215323154	0.000436513042060528	5.82433988475593e-05	0.00176057053896043	0.0011366646181932	0.00195664345600526	0.000398162279454593	0.025053704398001	0.00204863318703744	0.00510130223784617	3.43792145695246e-05	0.000543793140124189	0.00538172828279359	0.000297415880482704	0.000602907523819107	0.000790428597890649	0.000208041156989643	0.0235461295204659	0.000420701225462474	0.00344967508357708	0.00215196975066158	0.00215052667665659
G[T>G]T	5.44709424927707e-06	1.75978509472052e-16	0.00456475474248975	0.000170200443937376	0.00181426353466813	0.000360998753973401	0.0005637357842656	0.0011771854477857	0.00734589462314354	0.00687751726977985	0.00103207602143972	0.0186682692605482	0.00182575734122469	0.0026946987806223	0.00625116325677134	0.000803542762011179	0.000105986484432864	0.000162604923457837	2.31151270840812e-06	0.00160365669913682	0.000668887412408036	0.00256607013685466	0.00567106226310631	0.105340823960022	0.0014516630729358	0.000233104531312615	0.00244468842956181	0.00226974626204138	1.82007094327612e-05	0.00110938441414984	3.66689848250487e-18	0.00160554724196797	0.0021668532565301	0.0055425124180173	0.00223393251573505	0.0249393785059312	0.000704660601506487	0.00010911893581524	0.0020257029225234	0.000549110481715934	0.000375040871168516	0.000544121907285047	0.00238506379943952	0.000352430713081009	0.016891083608653	0.00218695229316021	0.00426380720562306	0.0014940933570958	0.00689697111258104	0.00140136792494827	0.0035435701870391	0.000641554090432691	0.0556601018896459	0.00199413476385292	0.000311224637845861	0.000477470436091626	0.0903565299829062	4.33149197817357e-06	4.13999124057303e-05	0.0271058334048165	0.00173744234961213	0.000578874729680778	0.00119953963201995	8.72086588734116e-06	0.00112142638190562	9.70994908248765e-05	0.00269380277233749	0.0147250208772903	0.00487263641426552	0.0364551989730716	0.000923802791698143	0.00348550812126573	0.00155598829382892	0.00112074444774369	0.0164010548014911	0.00292175110914367	0.00389989304607808	3.06821612742059e-05	0.000163013165843211	0.00578100476299265	0.00150615581234131	0.000289715632230026	0.00106325929454984	0.00053619547696639	0.00167599016806549	2.12487260823003e-05	0.000134446510413557	0.0023507732270723	0.00074656524744116	0.00258980838438654	0.00132513221415004	0.00418714973656261	0.0853937345618522	0.00148243726443162	0.0102304257236425	0.00220895329577014	0.00114866584876641
T[C>A]A	2.78010643680381e-05	0.000571072647203232	0.00745707244643395	0.0304415572103992	0.00687192721694819	0.000184928781918851	0.000298179006924289	0.00211259020758611	0.00310573940862279	0.0129808747723387	0.0269998715018997	0.0185257047760086	0.087943162898105	0.000263766171657762	0.0570091041846007	0.248629249852226	0.000140289713839315	0.00388375198686197	0.071553336132359	0.000280079419353169	0.0093732478910461	0.0131316049936802	0.000168539972010337	1.29767776431593e-05	0.0566933216766596	0.0010683146088649	0.001329820476855	0.00144895143437696	0.000816997414841722	0.0062628705695152	0.00153124984250433	0.020217524770997	0.00614798252559173	0.000973145519744708	0.00778751446744949	0.0196055001751311	0.0313649010975482	0.000537541656802256	0.00151846852699571	0.00770772446236108	0.0112065706312194	0.00630974713901339	0.00424902573410543	0.115082084115361	0.00223725177891481	0.0131247072928542	0.00486111451511933	0.0238363973783771	0.0233596769126409	0.0101445805134873	0.00382792138158767	0.00402753338089029	0.00532315664876022	0.000687969213848786	0.0454774584944292	0.011084697426848	0.0195621896679204	0.0529203463734366	0.0151222668830334	0.0159789045752515	0.0336090198505892	0.352056617493362	0.00178670731282562	0.000546129835148024	0.0015345494781428	0.211242111333449	0.0154148374765914	0.00727210560341513	1.75629056660128e-05	0.00175936488753949	0.00162659416292225	0.00262129062184777	0.00683298287747961	0.00206607326140856	1.39947776653582e-18	0.0138148764753604	0.00309282786062134	0.215236509590942	0.0137331617254727	0.0105322958531633	0.0202922574499488	0.0454395129015859	0.00749650872460285	0.00302560909356832	0.00186874329507667	0.0144619486327904	0.0399467863687716	0.00693065246215194	0.00723275464877082	0.0191669605708562	0.018482845570382	0.0019350884306262	0.000406279150848905	0.00387253445685219	0.00772064671102852	0.0164458867249985	0.0153667133140028
T[C>A]C	0.00142925787643913	0.000203103514234323	0.0199140296773473	0.0479550240586532	0.0107177301088096	0.000345829089034121	0.000650050852136552	0.00342797341767276	0.0233953875219298	0.0118124042425874	0.0304016134234515	0.0035837559932233	0.0124694377220605	0.00300431243235951	0.0108179754628999	0.018490283713298	0.000977314950855894	0.00429677043299532	0.0355981640227077	0.0262201989906721	0.00423267849989339	0.00954134536749177	3.07094261886339e-05	3.119805481537e-16	0.0447754033845288	0.00116943418669016	0.00350351835891328	0.000313105527413261	0.00241957578697101	0.00770087064147599	0.000638134319588368	0.0470713395892265	0.0120795517957985	0.000873761226289667	0.00921957159411524	0.000828433256775559	0.038126310958064	0.000250891839223616	0.0102370120412696	0.00983799353153351	0.00643315612446924	0.00241002551928065	0.024898212209896	0.0842332153383506	0.00237771360645069	0.0113996539176641	0.00854151007341815	0.034018871554615	0.017073225868418	0.0092376865860748	0.00265913923131853	0.0570085797272983	6.06439875967103e-06	0.00239359347721961	0.0609857986614746	0.00855371066811973	0.00012551823051665	0.00216230861369289	0.00313992566623437	0.00099610374885313	0.00359940849737146	0.0474698502866502	0.00325627376590232	4.4190633978376e-05	9.76014687504538e-18	0.0170211068841262	0.00102170815500137	0.000565883885871716	0.0200013832749923	0.000189788692487975	9.45535933141153e-06	0.000305348031880003	0.00421280106756939	0.00288163402354917	0.00431822108663859	0.0196940409362255	0.00160965285191583	0.0389858505322893	0.0158653620634822	0.00574750727755241	0.0218224523507061	0.0422506045602569	0.00376965276708885	0.00442829569640095	0.00449388041251493	4.13075693708901e-05	0.0507904829931896	0.0104736136468266	0.0077202560691716	0.00856380666642727	0.0161973265445566	0.00221413580514207	0.000804311661609901	0.0146418068949645	0.00491890499779057	0.0177785345985242	0.0137419233748696
T[C>A]G	2.3716270693645e-16	0.00019188158829088	0.00314700500446604	0.0209853530548465	0.0050616236076131	0.000261511919320834	6.61599643056553e-05	0.000550103711502483	6.88631552984616e-16	6.36392130449089e-16	0.00433316260364097	0.00122065173011909	0.0027317324882037	0.000852991383708571	0.00633590493886345	0.0186025068956108	4.34905680498335e-16	0.00141863111263535	0.0275863462996585	1.43780764809473e-05	0.000105463205310069	0.00456022614944609	4.95625271013704e-16	0.000250513826569936	0.0245575618277552	0.000555354506752149	4.34367247103987e-16	0.000170627178121442	5.91821309742618e-16	0.00258626914486773	0.000165109220662766	0.0167186198134832	2.23021380406556e-18	0.000321208692647639	0.0040145766094153	0.000445180681566312	0.0303921027575786	0.000160607453537079	0.00196246669100606	0.00474565605398815	0.00324752353913934	8.26087348166245e-16	0.000192258178568658	0.0302003478489738	0.00315361672762571	0.00444221246379314	0.00615895573460051	0.011855492889024	0.00372137294064837	0.00418793624685025	0.000602575506310928	0.00179698152775048	6.52800337307905e-18	6.39332192346105e-07	0.0327320585711876	0.00567106658053704	6.96485990243348e-05	0.761646121677198	0.0468578156347712	8.86977136931613e-05	0.0107584445572789	0.25592065318135	0.000752932483147051	0.001701398038734	0.000219952144681811	0.0132566895870838	0.0006050822346914	0.00678049522815009	0.00118202529464477	0.000449431958611645	1.96507156068e-18	1.35397724810164e-08	0.00216457934314548	0.00411878664912135	0.0020327005871246	0.00430790356373499	0.000297213803409626	0.516682373303264	0.00557141098997193	0.00046826784192169	0.00527726754922409	0.0225383325180811	0.000479156892255369	0.00103355750985601	0.0331712338148306	3.67094988332721e-05	0.0162509433406057	0.000716664800213236	0.00312725665729901	0.001469794575972	0.00322495870433201	0.000839785103631426	0.000204613884269334	0.00248552099700081	0.00222422445472905	0.00506755489887149	0.00497706176389175
T[C>A]T	2.57459028777539e-06	0.000407510727820782	0.00916142079370584	0.0327362636431937	0.0115068123576414	0.000402134066223381	0.000485700376587317	0.00106446599056026	0.00476396412478431	0.000225386818533112	0.0299523833191267	0.0308307247407425	0.649597434953174	0.0500114476642173	0.185334616842176	0.340145127123953	3.82304766155869e-05	0.00271791199541649	0.0333216446351786	0.126306139377326	0.00454624488242207	0.0116555042900789	0.00026475032614366	0.00278704402834612	0.097124913650326	0.00110711934188537	0.00072855213852693	2.28333557973955e-16	0.000429486674442981	0.00737193594067917	0.000178802013802604	0.0160303068174882	0.0225841405743162	0.00150521342950437	0.0111822685186189	0.000791393877198787	0.0295557905819992	0.000532254681012987	0.00379869606391679	0.00791381048661665	0.0124919717136503	4.90243946372188e-05	0.0127839602935715	0.17593296053183	0.00282859030862744	0.0213627144652896	0.00551786700325691	0.0213898471179182	0.017567312832198	0.0120180170289562	0.00707102368042498	0.0223422496258683	5.70793285043801e-18	0.013874694300675	0.0456565582917037	0.00280178791089374	0.000230318097565897	8.27059720786578e-05	0.00416796743863511	0.00161235376032035	0.000360980939181773	0.0479644688611907	0.000604025738116371	0.00609112334954404	0.00371067528848398	0.401844204148786	0.00691494629082624	0.0150316036987188	0.00293985023238843	0.000366459679347961	0.000973900072325716	0.00287452368298415	0.00751208617106442	0.00220970239798652	0.0150638237064774	0.0170216658893417	0.00229989215760536	0.051099462888336	0.0126387031397191	0.00965477185543727	0.00679288663769623	0.0441763625779904	0.0094495094403106	0.00537830198927713	0.00160359390933332	0.0031429292677212	0.0435794783754137	0.00741507115123687	0.0116216305526725	0.0134375824686927	0.0227692950628844	0.00570600227869342	0.00218288531130052	0.0248381553905169	0.0120416581381495	0.0224344510739657	0.0125529724140346
T[C>G]A	9.42194126758738e-17	1.99288909430316e-16	0.0117929924681899	0.00273821050201063	0.00682821266722201	2.58031709074194e-05	1.70386694129522e-16	0.000185033701700351	0.00239092611583934	0.00425863837738822	0.00133187321109797	0.00293142063822457	5.19198538969374e-05	1.3129344813613e-16	0.000245092762613619	0.000116077381069215	1.21411744180164e-05	0.00108142407540032	0.287119083030285	1.58938002985944e-05	0.00011662072504156	0.00305188174237811	0.00332644709608008	0.00016743078051216	0.00164395272771405	0.00135474671364231	0.000100319737174342	0.000649050756911135	0.00370983307568407	0.00606840781274279	0.000151687085059227	0.00254415197804523	0.00868158953251871	0.00135908344778752	0.00315680353226927	0.000157666500968544	7.42489885410227e-05	9.80854762490804e-05	0.000323287026854221	3.73145007062583e-18	0.0122424711372708	9.13598684389885e-07	0.00534554845216196	0.00324841611661559	0.00200233998424282	0.00197241382695592	0.0282074684971313	0.00711916782566929	0.0084796637273568	0.00549401226314269	0.0230137887058295	0.000441449598310905	3.73386195923576e-06	0.000542793660323533	0.00234493175012699	0.00252334575570517	0.000159738234784172	5.84684289234449e-05	2.20482716114348e-05	0.000783807186022465	0.00192992940401262	0.00150231055124166	0.00250272852536334	0.00382862144486729	0.0062263920532062	0.00108997064673214	0.00245775082177933	0.00210170748511568	1.7414695491616e-06	0.000460744730426604	7.8067876145023e-19	0.00127802253515299	0.033699230635615	0.000329880802086889	1.39947776653582e-18	0.0197231762910637	0.000991593033124275	3.14586803681726e-05	0.0179899983894004	0.0136417714704007	0.00489845267712795	0.00388360287735519	0.00146994335256449	0.00142464534377687	0.00280371177625382	0.0360412997819286	0.00762586544044261	0.00276269036472211	0.000992917853772753	0.0504883525332589	0.00597026058853656	0.000209452383059351	0.000540791962203277	0.000149362657756924	0.000955418759979007	0.00308473102815819	0.0132268026142207
T[C>G]C	0.000114679569594446	0.000117916042792471	0.024062785119575	0.00608384609160099	0.00888274251111808	7.84712967878667e-05	5.19907487335312e-05	0.00157764649723957	0.00759526262977107	0.000895064110138988	0.00162303450427437	0.00291362254550859	2.78883498225514e-16	1.75517542740417e-16	0.000501035399119204	8.39372954718753e-05	0.00023338859839402	0.00231249812630096	0.0768871924347074	0.000161853206685495	4.45756329656515e-05	0.00850106314238124	0.000857363308577716	8.6459183299994e-05	0.0047650881979665	0.00322887980162368	2.93038494296251e-05	0.000837158488878809	0.00211365250709909	0.00845716987741691	0.000255638481676967	0.0050608490723896	0.00387256201569089	0.00103325799450817	0.00457302519403776	0.000249264109547342	0.00633583199253264	0.0010180214910569	0.00318678842225309	0.00116488608392724	0.00315992559117728	0.000276560046309287	0.00606826544814246	0.00262956036452178	0.00165991315958956	0.00216097776960885	0.0398821145368273	0.00913891110304204	0.0231823404667936	0.012037525137808	0.0219533534854732	0.00197418632847693	0.00116343852703692	1.0132470377258e-05	0.00190936883571361	0.00289139515542069	0.00184142982653158	0.000199685654519123	9.40131958405036e-05	0.000554265277378983	0.00454330927428272	0.00146061048148658	0.00446395819401317	0.000564206374354086	0.00386707863796933	0.000379106184836995	0.00403495251915024	0.00237433827798392	0.00206945029055732	0.000405192201332997	0.000118915232704082	0.00336909564851685	0.050557666001129	0.001959153008786	1.87086943171401e-18	0.0194667415534071	0.000662797630206378	0.000132176038225007	0.00505383294354453	0.0100536072601036	0.00574893084304068	0.00365776042961074	0.00159000468702059	0.00340645118702892	0.00710596142477952	0.0309913122041401	0.00785613421389757	0.00226297158333903	0.00213472455451455	0.0212793523215119	0.00394121046443297	0.000280301966296166	0.000633517688305945	0.000182624666289935	0.000849139553270645	0.00630130460332059	0.00371265183136103
T[C>G]G	7.38075868223752e-05	9.26790320936019e-05	0.00116059759029933	0.00352322888429765	0.00376320711696456	2.54833962658446e-06	1.22126678296777e-05	0.000667458900945956	2.71420094081774e-05	0.00250218492493936	0.000178351078230396	0.00110818606672759	5.25111280046754e-16	3.30482951216255e-16	2.47964479823423e-05	4.73654671466457e-05	4.34905680498335e-16	0.000601162580286572	0.0314621114178327	3.71636722600756e-05	8.0091692979298e-05	0.00134358377486849	0.000848474743235131	4.0830329251672e-05	0.00173836598303915	0.000859338190411168	0.000242731070152956	0.000156637248436522	0.00101482754623771	0.00160378079225314	4.62956850927361e-18	0.00230542769569285	0.00459352899817154	0.000245703748084825	3.54538628243122e-05	8.49054515795416e-05	0.00156676440936778	0.000206069473768925	0.000854853926622284	0.00198799061428029	0.000190501300925223	8.26087348166245e-16	0.000314568487185756	0.000620441648128004	0.00242152738149328	0.00205312326641671	0.0196841071543471	0.0020514777202492	0.00395335007435222	0.00547807274935525	0.00561821563743028	0.000411476747227637	0.00312645431644459	1.55875277372003e-17	0.000318378163813287	0.000226842663221483	2.91416732319393e-18	3.02773794748228e-05	7.31885307627755e-05	0.000218039725785098	0.00511855475429669	0.0011096267084583	0.00314984913907357	0.00252744011297977	0.000508362452335983	0.000203746986138867	0.0036087813387191	0.00156473062371476	0.000755078990824419	0.000144412531437478	1.41681659525028e-06	0.000576872356505011	0.0093130167438218	0.0339092590564583	0.0020327005871246	0.00804142028020731	0.000237771042727701	4.18645464727131e-05	0.000694689069062149	0.00187674623251902	0.00211014042297769	0.00112799740631786	0.0014289957962082	0.000419045805831412	0.0824827655536686	8.48907160519418e-06	0.00345795334098145	0.000879417899031022	0.000399256690872619	0.00741622119493782	0.00176747501688132	3.90710075125493e-05	0.00012029826312698	4.97698351945072e-05	0.000362509686152899	0.00218481395716782	0.0032386271848257
T[C>G]T	0.000683175852115516	0.00109286887931337	0.0215941205729334	0.00267914179956412	0.0113256018222559	6.89063698120338e-05	0.000222645335148735	0.000539027359435584	0.0157095891614865	0.000100672330463144	0.000233797657925082	0.00635813149699259	5.283628227672e-05	2.65995984309809e-05	0.000340768989973181	0.0001678715225109	0.000149423898506975	0.00352750309781457	0.346357369861381	0.000268505107976673	9.82664982475297e-05	0.0359115507608054	0.000260154540787958	0.0016266790943599	0.00253161682472923	0.00129163909842456	0.000902631032245398	0.000706566881325424	0.000420810533763203	0.0077709812129507	0.000347174468540732	0.00286155022612897	0.0150560931040796	0.00237608761247239	0.00242795451847665	0.000203176810753705	0.00024162379771067	8.72420179692717e-05	0.00358718703315788	0.000568086916132292	0.0196162992934857	0.00329244004352728	0.0177137228962955	0.00641986161259882	0.00295610883818202	0.00303534992320464	0.0427108154549077	0.0147140688560083	0.0269645210213374	0.0102538257831371	0.0534521498625068	0.000311809534833895	0.000219785180035843	0.00216478631218035	0.00242274346016906	0.00457625358779307	0.00110840419483072	6.54572535375345e-05	0.000259128266195166	0.00036691950149762	0.00324883138026085	0.00190285249562592	0.00259363593357766	0.000263102276539585	0.00192845457199878	0.000410840891611648	0.0144107934329329	0.0185083001368047	0.00116672892757529	0.000686885781826317	0.00400746321538843	0.00872369707072471	0.0916731424224983	0.00675183779087856	0.00585815309962002	0.0237217100591586	0.00227542704560145	0.000178526539385479	0.0220346553694402	0.0283912361003212	0.0105071698040834	0.00297188837849536	0.00386662159187401	0.00336269707903296	0.00194456380208962	0.0138946920390958	0.00705116440936537	0.00325212335764208	0.0012970954218861	0.122884670162725	0.0360865037122178	0.000112247319472779	0.00114822417725988	0.00043604577860487	0.00174007610748478	0.00739483365032455	0.00644880860174148
T[C>T]A	0.000469067754683928	0.479022181280873	0.00510734121762797	0.00286058883439893	0.0177481080632761	0.00623355910180972	0.181965801762475	0.00481524827230441	0.0213211458060967	0.000235705123644917	0.00456642088478298	0.00465322158763095	0.000342416581661035	0.00161453209126393	0.00227657692297471	0.00127882124110542	0.00762242309145312	0.00616043383975105	0.00627676773841755	0.00285729786378112	0.0144413420605816	0.00773305600377461	0.000471911744240833	0.000113016221614278	0.00875750500565054	0.0339847773259195	0.00627582083439161	0.00357275808991295	0.00165692032044114	0.00828646619314484	0.0109991176864151	0.00162825737445946	0.00983322940330871	0.0034132711346295	0.0206787138350118	0.00663570758282216	0.00443410829998146	0.0756882810894308	0.00610653018828174	0.0196455878874088	0.013843410336769	0.00274850842264604	0.00238654939773795	0.00873317961004101	0.00449687589667577	0.00478273266433957	0.00315403352546752	0.0365795908362461	0.0287809994538985	0.0183206356332547	0.0135307202078774	0.0038064138113642	3.1425263548319e-05	0.0011291409542944	0.00170540484457136	0.0166721058859096	0.0083804889206283	9.13301812569797e-05	8.595334952118e-05	0.0163153026282773	0.00160042960637755	0.00111535183038611	0.00383439404494383	6.08070599923366e-18	5.13182130246996e-11	0.000192915158713653	0.00877459966176352	0.00423301641458927	0.000119249906319572	3.54329955395178e-05	5.52720563106763e-05	0.00515473290856908	0.0068553293128694	4.49787986339775e-06	1.39947776653582e-18	0.00831142234423449	0.00323568339242246	0.0235001467278711	0.0158197014667021	0.00911977772103496	0.00762346869819	0.00712267516239201	0.00675822807112273	0.0430989500885312	0.000265059856778413	0.00130152827108731	0.00380084492954039	0.00643349038203809	0.031155148381679	0.00295406087091744	0.00298852274107199	0.00519666715061828	0.000832020312266796	0.00263803008005239	0.00200465294103679	0.0137780466940662	0.0496662487263427
T[C>T]C	2.10679285736169e-05	0.116246837865938	0.0157652730502348	0.00714724139274052	0.0268819850842416	0.00729157993792882	0.338312689464976	0.205483594225852	0.0225716062827592	0.00860052611222445	0.00030522757240365	0.0106784271974927	0.00345191989314366	0.0383445111305458	0.0114193972462063	0.00459988571912273	0.164622332700303	0.00393870685180358	0.0054244827249329	0.00014782562677965	0.00696461343215587	0.00598162645276493	0.000107423707053677	0.000844948250593541	0.0117073302662823	0.0258724399760419	0.00955410340994691	0.000107071160360272	0.0018355396792313	0.00733954609212752	0.041901578702777	0.011064938991335	0.00763853981005331	0.00350891503345155	0.0117487016702934	0.00756953862495401	3.34831651950319e-18	0.138351809163483	0.0268475998351056	0.0409828146436322	0.00399082304701933	0.000570898543369987	0.0135808440037771	0.00748497227546316	0.00373854274814615	0.00716691313888943	0.00573780771298671	0.0531576700620535	0.017234528586006	0.0237779358405144	0.0100026902739142	0.0345218625434808	5.71431242531385e-18	0.00242593977201539	0.00191886822569801	0.015179824565959	0.0574092883806632	0.00018085820860112	0.000357619931109333	0.116924146841126	0.00222760598457303	0.00155189869998957	0.00516173139927736	0.000721353724415002	0.0048456382719839	0.000237263638217022	0.0249302421447054	0.0201818793218008	0.00027724666343796	0.0011154438421787	0.0280835986123896	0.00540330020237831	0.00866533676517181	0.00425818486439775	1.87086943171401e-18	0.0123716713748743	0.0020199564396598	0.000115381602150445	0.0214757286546226	0.0111417684246845	0.0212234232985232	0.0096407014145718	0.003610468300909	0.010208514105518	0.000618643021601348	0.00405564052347724	0.00704097728759896	0.0105616586213517	0.0509352981484184	0.00993664555927181	0.0108539741954406	0.0179422555498812	0.00139501377425293	0.00638227824729226	0.00201632684311611	0.0119226989536033	0.0350476097709096
T[C>T]G	0.11700686747972	0.0994303824033799	0.00220736823242237	0.000540999188032594	0.0349912262711687	0.067992997089857	0.142605749024739	0.105253155402286	0.000143930198461649	0.00501583350812073	9.51053703607098e-05	0.00894230271633789	0.00657028888106799	0.650536152269867	0.0204842884556407	0.0128422401897627	5.75956171470767e-07	0.000248579103460213	0.00271303831867837	0.0108086113620587	0.0290806121185329	0.0092428726487174	0.000395209805069179	0.00016437500292286	0.0228172634487903	0.00841801285062411	0.00516781584109677	0.000791892475209682	0.000100374979846215	0.00450244893252455	0.00519343006102585	0.00459377760545392	0.0314411416201623	0.00686809864286543	0.0127635845050647	0.00600477929667146	0.0251520847396482	0.0285776114135136	0.0172820360085843	0.0196406373436618	0.00912625152054182	0.00111586539389177	0.00155255280301866	0.00799179189134611	0.009657952459979	0.00647667095626782	0.00994436182216319	0.0154147795478194	0.00588148826380581	0.0148643726363071	0.0143220827682694	0.000723562716578186	6.52800337307905e-18	1.55875277372003e-17	0.00313011512042265	0.00839317853919471	0.00565247339093485	0.000431849913913559	0.00108062229751925	0.00840407450217821	0.0153793626034529	0.00418258461036664	0.0171809943858669	2.44484145267465e-13	0.0106778243374848	0.00037390607519435	0.0124815001418487	0.00829555036506138	8.46856609554185e-18	0.00379277052083833	1.35982951999056e-05	0.000536022286047058	0.0275037236944264	0.0773251085439053	0.0325232129166671	0.0053921600879821	0.00112913067883124	0.0033223882572996	0.00838015250485876	0.0259467195394346	0.0102918603708779	0.00544159389391824	0.00996893008197	0.0206357629018973	0.0330938628785898	5.96529356040672e-05	0.0017370944140391	0.00146331562067276	0.0436155790426332	0.0244897075456926	0.0127175992144662	0.0100553700723345	0.00364989152520884	0.00380488804028692	0.00397445780046736	0.00930522781580274	0.0278890162702405
T[C>T]T	9.76417745193728e-17	0.277848055294714	0.00750740241058512	0.00572290151545596	0.0190270119676194	0.00376293989231028	0.0847796984053096	0.0770038897201984	0.00296310946092295	0.0590016806525113	0.00494824634870508	0.00616614517403331	0.0221057038862644	0.078449329020414	0.012566047431233	0.00807213329147567	0.0961161623395064	0.00707813664309921	0.00133286537238822	0.000300291017250033	0.000982666676365035	0.027847201798896	0.000319907103668764	0.000970585688235473	0.00298539656100579	0.0504621586210819	4.02775796552759e-05	7.51855094049375e-05	2.40437401000304e-16	0.00569382714499128	0.0195937448768546	0.00331152403689248	0.0113838752738162	0.00229007520149933	0.0135646279308294	0.00282741925815344	0.00307782898423409	0.04202010542671	0.0164976756188844	0.0550026239712451	0.00882245513860717	0.00123734508039667	0.00671784646344558	0.00704577672769419	0.00677006760051975	0.00505635429124867	0.00356344674717554	0.0301501670783437	0.0124753958294139	0.0248696904993666	0.0137825043322855	0.0123578003917658	0.000732031882670727	0.00252419106369721	0.00217236835086596	0.00410928893597749	0.0970453125498531	2.58591536520362e-06	0.000148617934095072	0.0712921921880799	0.0413664980364112	0.00129739967908437	0.0053467728121209	0.000199653427419079	0.0286983313218771	8.19846127747184e-05	0.0415567070852302	0.183037885455173	0.00160425275539622	0.00352920360190616	0.013623890999213	0.0539991900566025	0.0107395862450987	0.00585219900069985	1.45031144478739e-18	0.00862477685475159	0.00440405070590251	9.3381530119228e-05	0.0235619569560424	0.0115344723714605	0.0107707874550015	0.00316029211581913	0.0108879706088903	0.0249582180202883	0.00035396640990282	3.30609845065485e-05	0.00801915594707289	0.00452530898984961	0.0401471490284545	0.00578521490795823	0.00558905361222324	0.00488664839978391	0.00136564278213598	0.000657321556437963	0.000929964785634079	0.0203288467082377	0.0344228670804953
T[T>A]A	0.0014327779932663	0.000190283008636346	0.00291239523516286	0.00342683897417677	0.00278344283214353	0.000118989218399782	0.000137328117067125	0.00119085575291796	0.00957595487145563	0.00959428297256267	0.00525702692403361	0.014295393261696	0.00096294442444455	0.000913066365664343	0.00476126193560009	0.0043235780711492	7.31415733508357e-05	0.00211154533396189	0.000135266893711177	8.14478286261099e-05	0.000299698718501944	0.00754564002137922	5.32590118402703e-05	0.000628288562461322	0.00418597103506882	0.000192949717081998	0.00470841977702794	0.000128685995012274	0.0370714596608238	0.0700469013393971	2.81651782720864e-18	0.00141028183998617	0.00974376111534908	0.000591493989612156	0.0293019501404512	0.000130045736628709	0.000267482756173532	0.000109887598826633	0.00275971766521361	0.000204635213250905	0.00194807855921493	0.202791584097899	0.00174921875750757	0.00101302633634899	0.00138276367874319	0.000912857819960224	0.00274383317911913	0.0041576507636772	0.00669814973101997	0.00425757633144567	0.0470291398836419	0.00338676312766413	3.25205190290135e-05	0.00283221521685925	0.00014591766951448	0.00204610627334159	0.0911071191509415	5.05740779583074e-06	9.74017840134697e-05	0.000717095621408785	0.00954730150802704	0.000401958159901342	0.00104664815573632	0.000638408081202747	0.00160633382929307	0.00458441794025354	0.00164250532226486	0.00592429392587445	0.000781042137196061	0.00049656924290516	0.00258778700757919	0.0409336900977111	0.00157938527674336	0.00215476815708481	0.0150753051952717	0.00313955818111595	0.276215997176035	0.000745987111308019	0.0038162573534524	0.0111020997314967	0.00418240703249896	0.00169963497121491	0.00560738486508119	0.00179820954954983	0.000457572343074591	0.00517276589924526	0.000696867990912112	0.00802844727444411	0.00200316896203651	0.00703382076766091	0.00986782569743869	0.00208715331254767	0.00142172970833866	0.00205431021935606	0.0186252647679942	0.0101000908542152	0.00158691468537826
T[T>A]C	9.54162403782397e-17	0.000173770069721103	0.00942852168652747	0.00333843510698165	0.00366554245377084	5.99712895868867e-05	0.000301192872037413	0.00165252186527059	0.0426847208785072	0.00141835877883845	0.0178921260414577	0.00204164085583746	0.000341081892587073	0.000398279318254315	0.00237382269039272	0.000740245378153083	0.000159436638040194	0.00728977048822664	0.000212800728757073	0.0014141005232351	8.66451427785661e-05	0.00575033044969578	0.00512042583135271	0.00025645545553319	0.00212383180688501	0.00037238790058165	0.000250441597243306	0.000799006517908978	0.0252388356394504	0.0152679876617988	3.83430862814184e-18	0.0022466810005943	0.00305921168512112	0.00132381469046501	5.24868366855765e-05	0.00173553716367604	0.00135626552110284	0.000188495548383753	0.0031003170999147	0.00196544677785766	0.000206951043180121	3.32354736561402e-16	0.00432749397077532	0.000843083581442687	0.00128010384534257	0.000696861125007774	0.00303768637741833	0.00800461902564581	0.0177126651505154	0.00965889272143869	0.0167476158354421	0.0018074206295443	0.000802626186561203	1.6902940643484e-05	0.000188537953119363	0.00392436229771386	1.44210039970894e-05	3.30018613937361e-06	2.65149050503617e-05	0.000565514430664699	0.00245974053869236	0.000360370446306874	0.0024125369737149	0.000147980827807169	6.20604975077882e-05	0.000786346841913506	0.0100759623672957	0.000897327389468117	0.00139516682288711	1.96607567975124e-16	0.000683475240112136	0.0106420339995455	0.0013839231976283	0.00194454193720619	1.4172547162351e-18	0.00281292183071513	0.00136282899189545	0.000146351613242764	0.00266669483830903	0.0111838820459017	0.00340653887063538	0.00241419470907547	0.0197858847612114	0.00212765336481921	0.00246077673192349	4.18150457698695e-05	0.000725272318278326	0.0112050114929794	0.000495640211423045	0.000665899856223518	0.00719642884826087	0.00230304224636143	0.00102457794819846	0.000488503040046909	0.00715970088197116	0.013503859298929	0.00122936412290683
T[T>A]G	1.0333985577402e-05	3.91102222122958e-05	0.00519719712915156	0.00637391760029711	0.0036581862122395	1.33786716874718e-05	1.48836677565805e-16	0.00108178371838531	0.0131340463567292	0.00557008005332211	0.0102096167581306	0.0158970515065972	0.000566346007253504	3.64727971267833e-05	0.000468156653160089	0.0031716766280609	0.000136843432565945	0.0027003888683632	0.000148742678118434	0.000251706819597711	7.09287719480478e-05	0.00550171494023818	0.00141799486738312	2.03856390857948e-16	0.00120116564195845	0.000252234000150355	0.00011955971636562	8.53949167140671e-05	0.0667632435773746	0.0495954573208684	0.000116175029522382	0.00117934041640834	0.00789310053734491	0.000251938534059843	9.61217954829538e-19	0.000384433315922674	0.000560081898250022	0.000128182816907093	0.0023319269671915	0.00121786809715106	0.000542930504877405	0.0100295034556178	0.000971923480500463	0.00062169810589432	0.00125074577563712	0.000520771071047543	0.00387705152924205	0.00425998139842268	0.00869366055560646	0.00594941572576652	0.00938480055142159	0.00367680392413027	3.79291751185112e-05	3.53580267898066e-06	0.000405945895434181	0.000393607192564034	0.000457028590209698	3.09999352063794e-06	3.02136072332174e-05	5.53908503572022e-05	0.00331411072250549	0.000515641869825326	0.000935268817185984	0.000234606044722255	0.00730321950524933	0.0053588035075353	0.00414314279865588	0.000714531926772548	0.000293091884151815	3.22443485457212e-05	0.000534663384440935	0.00792941539631254	0.00097077753741733	0.00219261416371213	0.00493787096343748	0.00771484106270813	0.000804309842859404	0.000417699767721319	0.00545453370337425	0.00959644527002377	0.00300781859709968	0.00267066846170596	0.00639179752741124	0.00203393336696428	0.00226374508590933	0.0132448081552065	0.00190944641841882	0.0175078623185534	0.000791943440045933	0.00379723784663504	0.0050176835082919	0.000431390164200496	8.89060904413535e-05	0.000765434167672449	0.0154258765891358	0.00555133598686108	0.00220844096629937
T[T>A]T	0.000511228546397237	9.85064980422754e-05	0.00619777455280271	0.00231121410767304	0.00411324045479942	0.000118982974122459	0.000328046617836834	8.69770570140834e-17	0.18487946919847	0.0167140539395837	0.0184631027515114	0.00996081282720843	0.00266103098654408	0.000483334402382672	0.00246054645053712	0.0035978291848597	0.000282445185595997	0.00315029768528318	3.01949050555663e-05	0.000789848524096034	0.00013917957946742	0.00468087574947677	0.000944353347612798	0.000737066505489554	0.00293260746576166	0.000280127236367507	0.00280568922982767	4.07694542367591e-05	0.0168359114726454	0.0235589826436386	2.82765008495672e-18	0.000798869496308225	0.00690655111678411	0.000730745523781679	0.001141413690235	0.00421655712746217	0.00044772032070126	0.000291099106412632	0.00389785710321187	0.000302832860197084	0.00137725588980318	0.036547860432727	0.00234528702908301	0.00118487453670136	0.00117284226324612	0.000996727475299977	0.00467668848727137	0.00848835571025181	0.0222490797916867	0.00906928771432539	0.0332666345503785	0.00149462287145514	3.98341562504961e-18	0.00602774514888018	0.000531069313188493	0.00164747066025191	0.00270732313715035	9.77530419651149e-05	8.18028802063803e-05	0.0013339375054514	0.00322944834647604	0.000546662699158417	0.00182778822419087	3.26944507903895e-18	0.000995797437096837	0.000385859518645617	0.0167502306552539	0.00774578798191126	0.001190755197625	0.000248199129601984	0.00296342771209751	0.0455197919246127	0.00101497812112858	0.00145901851943395	0.0560114985964661	0.00299690665945564	0.134126656829829	0.000176210828521254	0.00300568227679522	0.0177416671045231	0.00748838958608055	0.00179283050794084	0.0192985282584339	0.00210338676568543	0.00131132495777572	0.00295581203907692	0.000735574225463124	0.0052675231427313	0.00135143964116968	0.00340160433381604	0.0143639017580599	0.00134809021828487	0.000604389419742997	0.00271093213854868	0.0267946042035252	0.0190700292764948	0.00148858221797902
T[T>C]A	5.43687421152531e-05	1.00549536330514e-16	0.00680006245769492	0.000930031756010718	0.00794009092909412	0.000387894180257521	0.000829369599349275	0.00220528860834378	0.0187788208504704	0.0466500463978363	0.000950836221788791	0.00769751944860551	0.000344583271333221	0.00264371518278093	0.00812389998457451	0.00273600656978385	4.44354740931385e-05	0.0484810874211444	1.00997623240791e-05	0.00255338747354158	0.00094033935565944	0.00797506679403332	0.00093538961580777	0.000559652018999574	0.000697661710066377	0.00048432700198946	0.00541468252787836	0.042160925128509	0.00239054141029407	0.01396406844101	2.81651782720864e-18	0.000499759871845209	0.00648094195244268	0.0221417612688082	0.000954533417328241	0.000906171328179897	0.000906780657726602	0.000211981927831891	0.00189061248085998	0.000358511041367177	0.00522655327457707	0.001043780587398	0.000149700652825737	0.00122304392614432	0.0269215591949424	0.000789397439793647	0.002436228371375	0.00321475018127337	0.00936662372449759	0.00659930177926406	0.0371098415904273	0.00271737945684134	5.84043801051986e-05	0.00809785647385309	0.000458905345682595	0.00422861963157267	0.000800107449944933	0.00013027258376415	4.01203723237657e-05	0.000462505638224768	0.00211845614891588	0.00106040390390249	0.00240053833964796	0.00194817381738429	0.00217144291847369	0.000276427553708039	0.00266499220517063	0.00164785000221154	0.000766093976633137	0.000105466228249138	0.000170528124564663	0.00881765941887331	0.000617652514683723	0.0025423542314081	0.00285208449950203	0.00332877178586141	0.00782612447962383	0.000103669284509896	0.0161159668651962	0.0506876162226885	0.00360356018380244	0.00128956858658677	0.000910700179384851	0.00113274685127206	0.00514652910134757	0.0151421024279573	0.000895457601669375	0.0161857663536983	0.00195318485567349	0.0021101090937455	0.0379017780829559	0.00875118127292421	0.000123619783759879	0.000695251226943534	0.0206919689251853	0.00728147804105104	0.00146416273756619
T[T>C]C	0.00145075601289316	3.93685511539785e-05	0.0080726098331304	0.000389613022273547	0.00859720222853014	0.000573407401882318	0.000461467254910816	0.00127627780395171	0.0260851080355231	0.0164898625912056	0.00242231831173287	0.0150088226948969	0.00489831390479143	4.85128742774019e-05	0.0160767535575104	0.00629932271888997	0.000368597916480912	0.052328122584284	2.284037305941e-05	0.00235410937627343	0.00326712175666031	0.00451899719513221	0.0137443012466546	0.00116570902471396	0.00480779476321645	0.000433537860888927	0.0130733527127316	0.0550761488756531	2.37054979503255e-16	0.00228383169683585	0.000138325412158156	0.00206117482664107	0.00664772921195231	0.0329903104741011	0.00388752392280814	0.00284628044853353	0.00105409241031956	0.000223691835326598	0.00851553654254697	0.000978712273055664	0.0119211369868244	0.00933793000112695	0.00067116992811277	0.00188454001344742	0.0510908745874373	0.00164453209659397	0.00530154419318684	0.00268965480349234	0.00576784986174128	0.00610967401266421	0.0313871400442844	0.00242322380302076	0.0307188542067417	0.00857612828413688	0.000791572795125137	0.0495564820385738	0.0205140177061421	0.000174607924272703	3.94467359345732e-05	0.0246986550925228	0.00374681345541067	0.00167506986815684	0.00340872512692473	0.00677072916127803	0.000875265538577824	0.00128941345506325	0.0291471491580723	0.0195853201841387	0.00168020059834105	0.000961419823881158	0.000425707941250866	0.0318438643854302	0.00161240832755269	0.00373953157141815	0.00327121663171196	0.00227261891356815	0.000693369790096141	0.000116148913457974	0.00407452298660117	0.0143314475722085	0.00395462148219557	0.00388895872224315	0.024428071343597	0.00423692861056226	0.00221201533729377	0.000125085140226743	0.000303156758860413	0.00976822223744596	0.00354816179085335	0.00606486663375494	0.00957539857932175	0.0120409873118678	0.0366387412915926	0.00166996872288364	0.00267340250954987	0.00830462384346137	0.00235013177636201
T[T>C]G	0.000153560811254685	9.13375914072433e-05	0.00536759700964068	0.00116253873281539	0.00969915836207931	0.000966515605475138	0.0002130480239271	0.00242446824586417	0.0138876393834171	0.0226781825057772	1.7570747782178e-16	0.00886236792500292	0.000296657198892486	0.000345092071182946	0.0125066704718609	0.00416654084122772	0.000105526337879054	0.0389947861971033	7.89635690679462e-05	0.00303881170878831	0.000628362041802518	0.00767903453278095	0.00182092265010596	0.00110605073030347	0.00218759736796271	0.000730328382706727	0.0081517813741915	0.0239267921776263	0.00111272086200338	0.0054902499802752	0.000189647658745511	0.00120304531677523	0.00378404521891179	0.0274594453647057	0.00110493734099973	0.00168863269167935	0.000229730941932742	0.000136953440356305	0.00285964133328536	0.00116943016146891	0.263238867218789	0.00141987832214551	0.000308480339953428	0.000983879496756742	0.00977145320393218	0.00124363173147284	0.00353621142085276	0.00280272641450461	0.00554777992919399	0.00762206509046362	0.020709194018888	0.00235232636899258	2.05142231185722e-05	0.0134563641412947	0.000769683390910273	0.0186569809275376	0.00159757795852885	0.000110721559443877	2.53184411210626e-05	0.000749320665066927	0.00203122907289975	0.000709173720724735	0.00275904254336922	0.0630370950729209	0.00320478838734932	0.0015587712153863	0.00278720479611528	0.0018617471367103	0.000873452317657595	8.29288141559477e-05	1.52754732096119e-05	0.00450268769081591	0.00128686409789496	0.00077106239493154	1.22247586387272e-18	0.00666290757583857	0.000185610788051664	8.46233814977581e-05	0.0104504677903815	0.0101908085730438	0.00147503335904728	0.00440030262697082	0.00305402665075275	0.00155028259771633	0.00498248308506241	0.00018614237779304	0.00164258270622519	0.0250992933168199	0.0023205806265612	0.00224160564430771	0.00357965884300977	0.0134525727686899	0.00205093879792571	0.000666400966192385	0.0116710857256287	0.00243031163930879	0.00128102925623318
T[T>C]T	0.000983831196446617	1.72020947187618e-05	0.0066268511866267	0.000261553658743287	0.0086965660031831	0.000485986300319636	0.000333801785621751	0.00116330520854135	0.0583795030022568	0.0263873890139603	0.00222628950790591	0.0224997185033607	0.00163484865090383	7.98148757305562e-06	0.0101455845666987	0.00389985543483435	4.4420171411938e-05	0.0358233859811882	0.000258593550027243	0.00126722927615163	0.000395562753218254	0.00548499237242924	0.0100158700233072	0.000562646019879737	0.0013919560798282	0.000611867499492661	0.00807001448642845	0.0217177858146543	1.24189145580291e-16	0.00252799525264792	2.82765008495672e-18	0.0013387448839106	0.00809733551283001	0.0320189273577863	0.00090485099455317	0.00151855045397922	0.000306688210774818	0.000184791754210757	0.0053112691085618	0.000291333007572246	0.00461785866821212	0.00562519254448155	0.000459520365778039	0.00122875908769273	0.0369294889630081	0.00121999420960148	0.00414345884719449	0.0036848030457219	0.00669078906292694	0.00563067637231626	0.0286652682110403	0.00100207674132384	0.00083592317548644	0.0160884427617221	0.000208224771050064	0.0176860820879984	0.00715729029380721	0.000122076574222694	5.14049250809665e-05	0.00231065101205073	0.0107817010305309	0.000815914293643739	0.000787963938554719	0.00548655452876514	0.000420605966033711	0.000147809129545315	0.113020588085631	0.016977068749616	0.00103942151460823	0.000618156649565185	0.00412228140662962	0.0681760028517698	0.00147584399066998	0.00182704582230631	0.0725110099859207	0.00320416751504871	0.00329809891097095	0.000441498271697955	0.00710467080257142	0.00806164134135403	0.0072476863425887	0.00231464572337663	0.00538996728053911	0.00233001440821898	0.00251393171010097	0.00751075096830697	0.00043235626305511	0.00631297474048236	0.00311317901082089	0.00724212364784575	0.00222779445380483	0.00540713226407665	0.00101819637134214	0.00226570377966033	0.0295406298694228	0.0134047605715192	0.00189045651209596
T[T>G]A	4.75376090168482e-17	7.52994285524475e-06	0.00324345086390286	0.000145486405938893	0.00230262624148801	2.75196407843328e-05	4.93763799846461e-05	0.00035100830539495	0.0120010345376106	0.000121221414555917	1.0148757990088e-16	0.0361233591816572	0.00126976526187708	0.00337178125951488	0.00417253144011735	0.00963825255322275	3.34558937508099e-05	0.00091781869762102	8.40848628747395e-05	4.03803556420874e-05	6.35140279290142e-05	0.00599970413075014	9.93446257072457e-17	6.44172158251981e-06	0.000269762749964529	0.000648372948365115	8.70658824453671e-17	0.000232836383756511	0.00261255682144837	0.00708534941833567	6.74644828737088e-05	4.21029754337924e-05	0.000929680095789464	0.000748527467949351	0.000660404011550598	0.0292603287914186	0.000163500423969834	4.59813052738641e-05	0.00092677075930551	9.03362604374893e-06	0.000222366254021909	1.65583442178431e-16	0.00174515062142176	0.000324497635354489	0.0103283967428517	0.000437722791773063	0.00344107027857486	0.00243088223019683	0.00760728256533293	0.00187609117969867	0.0244481502403715	0.000458209119663796	8.69674545839177e-05	3.12441112130187e-18	0.00010217826383952	0.000318283198075351	0.00140748827933206	5.38316942053349e-05	3.47862852174882e-05	0.000138751733899032	0.00121122462671957	0.000547428735702877	0.000438916990302848	1.33425759928646e-05	0.00269650544981326	0.00460388468309961	0.00175128059196925	0.000397276119973156	0.000597926796408965	0.000707501699403435	0.000738809075157723	0.00483370039242609	0.00287323864256536	0.00213519746658954	0.0215943554798478	0.0030402668827844	0.0143776748742167	0.00193676237701518	0.00103054324353122	0.0288373371543439	0.00165171414788974	1.4331788220221e-06	0.00303804686042622	0.000922192556143544	0.0035915599195052	0.0227908041037999	0.000182108169848163	0.00157231973015469	0.000334907421505744	0.0266160498069641	0.0244516983747045	8.67429792698424e-05	0.00136861531848778	0.000215920191508475	0.00450332514107842	0.00180787083681783	0.000833935992447782
T[T>G]C	2.35759410082556e-05	6.3713701177933e-05	0.00563915374689012	0.000134777081373116	0.00580820253544363	0.000150979507850078	8.9815525177062e-05	0.00114348630319963	0.0217167875526468	0.000132610400385421	0.00104600127684459	0.00951294562039635	2.11264851752987e-16	0.00332398355846155	0.000913355164083221	0.000717835796806553	5.31224264608527e-05	0.00127712253785792	2.03637061011608e-16	0.000980878838693838	0.000162252318739218	0.00678465191085734	0.000104205469278252	0.00927268075107244	0.00163371695393829	0.00158362804199241	1.74756352706052e-16	0.000380909662676328	0.000804220556038976	0.00265334077923122	3.83430862814184e-18	0.0018138341771108	0.000519437683205324	0.00180711205044398	0.000311893276264728	0.0495669310634229	6.97706845293696e-05	7.54116745485736e-05	0.00196766785985514	0.000179698312039712	0.000156405589979719	3.32354736561402e-16	0.00158402656962626	0.000614954927309815	0.0220902895110144	0.000678087910406707	0.0041819632325048	0.00563293362353049	0.025111546725355	0.00389167353729672	0.0181530102531754	0.000219130134883451	0.00705934711558839	6.27123594888683e-18	9.71472922221346e-05	0.000912642394817138	2.63798853605293e-05	9.59481604253767e-05	6.4236311461569e-05	0.000557849348517449	0.00330825537527589	0.000860586622223846	0.0029546802508449	0.00058365513147929	0.00504617298471659	9.77023779803883e-07	0.00432294741088963	0.00158880929753981	0.00174770859779069	0.0093495864935249	0.000583393770967555	0.00874372486307075	0.00191428107078534	0.00130449241015581	0.0294409525199177	0.0026034257240222	0.000286911530182013	9.36444290427847e-05	0.000281531911018427	0.0143168535871159	0.00100589531222201	0.000322393183445832	0.00623253290256575	0.000916674212961852	0.00406189034167362	9.0276191529652e-06	0.00010397383992202	0.00110835385160947	0.000467345630135185	0.00908440278041166	0.0184743524066779	4.4628059919232e-05	0.00385915498543291	0.000239644936087471	0.00520076682819062	0.00231495188283596	0.000637738672660712
T[T>G]G	0.000215206356862112	7.44733572665273e-05	0.00623508731031221	0.0015500509755728	0.00530016958516538	0.000147019356959355	1.48836677565805e-16	0.000859063391303407	0.00822492751413685	0.000124332339456391	0.00244555920285839	0.0103759194978874	1.76509676831496e-05	0.00142582857834042	0.00091707586199587	0.00263999835880626	6.87623190060657e-05	0.000853011249622317	2.90377052584532e-05	8.03768728461496e-05	7.04528421346859e-05	0.00556544202034694	0.000712871634999641	0.0043693573246851	0.000973010981994854	0.00139979555943542	0.00189528913385179	0.000113565702741531	0.00508020864006969	0.00706856972118789	0.000114291035493588	0.00180160501072082	0.00729724933318365	0.0025737567567282	0.00225791635538179	0.0167665691733529	0.00010910668226434	0.000548488528577989	0.00381523178818347	0.000566031738563383	0.00078889371481124	0.00196201339976288	0.00339468928861197	0.000643086372028717	0.0295097900435941	0.00123067722077031	0.00516940227565294	0.00316855593251493	0.0121873204332744	0.00445440333662027	0.0195979687423854	0.00202120732504906	0.0168282053709763	0.000646046088216442	0.000439464403734947	0.000708492946615278	0.00155713379180944	0.000130479919588824	4.49689218732359e-05	0.00640595919007707	0.0022697136244893	0.000980912781084762	0.00359493900491711	0.00548365659560179	0.0612453541284065	8.51006511192598e-05	0.00508476586253334	0.00580934152069363	0.00126812371972538	0.0181834725830774	6.81940768286244e-19	0.00401569882992627	0.00140175396372361	0.000899339772485795	1.22247586387272e-18	0.00386198881509264	0.000391843359817039	0.0003537724504524	0.00140804796586051	0.0118182858759751	0.00214095188110335	0.000306451998192849	0.021662799745535	0.00131887968823695	0.00656475885993863	0.000199587949100884	0.000806810341631802	0.00731100656413095	0.001095587880848	0.00786358322620588	0.00522218858975087	0.000757835145713293	0.00297990566455809	0.000575211451255502	0.00622427713476158	0.00377822881021471	0.00337211644198102
T[T>G]T	5.06594456567868e-17	1.07152712912958e-16	0.00500589501440261	0.000233588939242146	0.00634614288615491	0.000282095563543437	3.40980031514131e-05	0.000693283151379995	0.0143795142415434	0.000101631547388279	0.000485204608565967	0.0374409380371628	0.00950727546502589	0.0289046634253222	0.0127908174941288	0.00749949287573826	2.32664933020297e-05	0.00132612554217741	9.20457589597103e-06	0.000262559565457758	0.00175512708342627	0.0103293068799254	0.00218441316414677	0.0686428374954099	0.00213130324004641	0.00176067930161446	0.000631384291056141	1.18466215190583e-16	0.000332802963369246	0.00323950280368337	2.82765008495672e-18	0.00144453135380595	0.00374858995712841	0.00527140864308468	8.27966180790084e-05	0.353099785889783	0.000346237008217421	0.00369168255385925	0.00320431921621459	0.000270462715341419	0.00113927440242214	0.000184328090888237	0.00156930493372146	0.00079430484216342	0.0175024124451652	0.00210907543026815	0.00476410322535124	0.00695194254745946	0.0264884497163113	0.00513754854814436	0.054656770100113	0.000738819195196847	0.000599684372664952	0.00390285681761827	0.000276614491370971	0.000484550194191734	0.00225299102193783	7.3389374893174e-08	8.99584954041115e-05	0.000723491620349475	0.00147299281292957	0.00103213152025076	0.00253659580710312	0.000219023417232466	0.0195366002496487	0.0150402282543604	0.0689715382989077	0.0115125749282828	5.17978120491074e-18	0.0148919576061027	0.00277167634670379	0.00921203866467911	0.00209715469133012	0.00173358303462516	0.0768529862713221	0.00268508264015941	0.00686829126036678	0.000349618970963854	0.000892304000437973	0.0314640055955724	0.00144097040053063	0.000116886959210939	0.00695099931044154	0.000747936798189176	0.0042170049970189	0.00500324188480065	7.47701966857043e-05	0.00285434937815956	0.00124316675470741	0.0166239282789314	0.0194936764410441	0.00011227300162121	0.00728086476292333	4.78743174429358e-05	0.016429194948256	0.00518489296108015	0.00214357781069732
