Type	SBS1	SBS2	SBS3	SBS4	SBS5	SBS6	SBS7a	SBS7b	SBS7c	SBS7d	SBS8	SBS9	SBS10a	SBS10b	SBS10c	SBS10d	SBS11	SBS12	SBS13	SBS14	SBS15	SBS16	SBS17a	SBS17b	SBS18	SBS19	SBS20	SBS21	SBS22a	SBS22b	SBS23	SBS24	SBS25	SBS26	SBS27	SBS28	SBS29	SBS30	SBS31	SBS32	SBS33	SBS34	SBS35	SBS36	SBS37	SBS38	SBS39	SBS40a	SBS40b	SBS40c	SBS41	SBS42	SBS43	SBS44	SBS45	SBS46	SBS47	SBS48	SBS49	SBS50	SBS51	SBS52	SBS53	SBS54	SBS55	SBS56	SBS57	SBS58	SBS59	SBS60	SBS84	SBS85	SBS86	SBS87	SBS88	SBS89	SBS90	SBS91	SBS92	SBS93	SBS94	SBS95	SBS96	SBS97	SBS98	SBS99	SBS100	SBS101	SBS102	SBS103	SBS104	SBS105	SBS106	SBS107	SBS108	SBS109	SBS110
A[C>A]A	0.000359420668277821	4.97556684461931e-07	0.0177041715405719	0.0309841807630204	0.0100711186572055	0.000211932117341589	4.91411841367968e-05	0.00162935348625055	0.00571396282195217	4.41648953945066e-05	0.0383551146362888	0.000583705539682742	0.00196677084027252	0.000103325151083248	0.00393841110436192	0.00932088783042502	0.000109232170104875	0.00484221336781594	0.00158237722978479	0.000867791267259951	0.000493837469976178	0.0186742675107015	0.00176261226402605	0.000610727279374731	0.0379775125001385	0.000943774685485795	0.000462095491296075	0.000149569238389065	0.00601141804849017	0.00686072511464351	0.000576235246330481	0.0237061213793716	0.00841879542100243	0.000869411896155473	0.00550103632800197	0.00103176237754645	0.0420988701397404	0.00133449729355431	0.00747623479459839	0.0169575315084162	0.00281140587168536	0.00690774358818515	0.00683412149236062	0.0197437914090813	0.00424145028158291	0.00911108852830697	0.00912983371260995	0.0302590699052588	0.0135402343127363	0.00321535191923472	0.002342329532831	0.000879370984938648	0.0239272768150901	5.94450649795372e-18	0.00621410725692513	0.00380635544029207	0.0753343175373915	0.000350287902393599	0.011075140142856	0.0960686650106183	0.127422554580072	0.0110708641530865	0.00345598413649632	0.00169264330740913	0.00497794030641532	0.0116665578522774	0.012727427325201	0.0557884523470414	0.00255255897591222	0.00514190653267978	0.00260194882586999	0.00786827966386727	0.00226333401027866	0.004442849583928	1.34334933888913e-18	0.027103073136154	0.00324074600820397	0.0018221686310156	0.0100584181547064	0.01183007256829	0.0120240756636168	0.0278539246460168	0.0104153277267498	0.00606906484326664	0.0045158658760229	3.34239731631559e-06	0.053884279035703	0.00754417465110113	0.00838781816585433	0.00762061863291272	0.0103928216187608	0.00162234889305946	0.000234813500950274	0.0033165563370883	0.00571048397447851	0.0171130335005274	0.00634202803403754
A[C>A]C	0.00128934208716207	0.000176991261366952	0.0195776262975038	0.0340828256207197	0.0110441490939293	0.000364252638036571	0.000183134006387297	0.000449391209482261	0.00189649650026805	0.00116561371653563	0.0579530632657389	0.00596412214790105	0.00221588192326722	0.00517579728601311	0.0187974455047128	0.0236975278008877	0.000575705343872054	0.00168751534559981	0.000873851258568386	0.0141492143847772	0.000362436500013053	0.00471829751980348	0.00108966510241343	0.000180632940121016	0.0162420241108013	0.000664027977962546	0.00144650467159069	0.00313413261903057	0.000130976096070458	0.00597493486155491	0.000383839914765762	0.0240585141639951	0.00829806016743116	0.000733008067627914	0.00697668228377163	0.00464138980077853	0.0475430591282863	0.000522948870647579	0.0202101745601591	0.0199287209475561	0.00281016478335088	0.0137619622352679	0.0498457027186387	0.00908692863707734	0.00217044688756074	0.0100217946510021	0.00777762281636907	0.0194388975367091	0.00636011502876608	0.00749452220091245	0.00188794489676079	0.0217693401118598	0.00667094053678043	0.000161889861792724	0.0027099984914219	0.00566784965758677	0.0460027090417252	0.000480306701006969	0.00432408936272477	0.14292306254232	0.00212900940094484	0.0066401742055105	0.00175513042321365	0.000869538074438406	0.00241930173484516	0.0202644881816525	0.00206269609700533	0.00891243917256112	0.00234905662587449	0.000907925705691652	0.00523103772378313	0.00158735195301944	0.00403104134487548	0.00315624212564816	1.87263340268649e-18	0.0207809833269503	0.00145321724076987	0.045717808800968	0.0120603159762123	0.01153680764847	0.0266235560504954	0.017573968660144	0.00987028336902838	0.00779016112285741	0.00483975544843717	8.48921925508497e-06	0.0454014760613347	0.0086395438130471	0.00807746418543626	0.00594904480663903	0.0146391675243424	0.00439485392333649	0.000319919042237145	0.0235529596730098	0.0025580093023011	0.0174325993548586	0.0143153100497422
A[C>A]G	0.00016278124606042	0.000101713577942607	0.00337685903132346	0.0259665842455709	0.00351990438403355	5.87537825284229e-05	0.000118389579865602	0.000294873023301721	0.00101110127523401	0.000619487436418895	0.00910939035383642	0.00101025732236859	0.000305396887942077	6.88586133681229e-05	0.00135454099668666	0.00151794064329776	0.000159548600605906	0.00131148141042393	0.000520360813591359	0.000725453413966853	5.46616477916668e-05	0.00269889881538044	9.18758374116884e-05	0.000132543793793179	0.0040624525286442	0.000414440190014807	3.68775225724131e-05	0.000634967232432522	0.00178149724816639	0.00250435417029938	1.5416329908293e-07	0.0218516127932144	0.00279540886506226	0.000257381483313096	0.00187426581036643	0.00105317544196044	0.0289946102893056	0.000153481351350727	0.00294920675538613	0.00768874151082314	0.000848449751726277	0.000167284692958749	0.00243893120910645	0.00397869577691667	0.00258039380370256	0.00306603060016671	0.00472335863591256	0.00706429386220212	0.00249754474650162	0.00391674354327236	0.000154510094583532	5.73890379031373e-05	0.00115108806834835	1.60735842481974e-06	0.00256703054543867	0.000588356546280118	0.0034762010669539	0.000239629912497125	0.00711226297914376	0.0105602270805433	0.00983402137958771	0.00683598260471524	0.0554851898758002	0.00291351997991717	8.61585018396972e-05	0.000432416714412566	0.00781164502797626	0.0017715172512839	0.000228892724681055	4.2249872981956e-16	0.000769019194610729	0.000897754437679601	0.0006695294668081	0.00696946831371978	3.04545114563339e-18	0.0184718140139992	0.000462398127375076	0.000286475866372769	0.0094529758152014	0.00408001207472783	0.00275445456112365	0.013744754641017	0.00412560377849742	0.00231813265627291	0.0383261118627915	0.000101957810624265	0.0303335147678242	0.00168439278528928	0.0017000608381831	0.000911876719014312	0.00445616186754053	0.000572398818436534	5.23151679787917e-05	0.00268320696209843	0.0012865126905656	0.00400433045966572	0.00190184686850731
A[C>A]T	0.000509745150511159	8.23620546156341e-05	0.0101940288619928	0.0212629407756367	0.00544592519903578	8.81160181529845e-05	0.00017868088332514	0.00048740675963178	0.00227625100815752	0.00434568162519301	0.0401288118286755	0.00313208094981091	0.0149876087652697	9.08454477604442e-06	0.0117179573852133	0.0128438537492073	0.00019536787616186	0.00128303687820773	0.000297024310746788	0.0628276802361688	0.000570044758100051	0.0121451589656717	5.16528045977197e-05	0.000449658496847118	0.0154919759510355	0.000416556914829318	0.000908734241864412	0.000580773855955693	0.00168819119416626	0.00394598587163804	3.79820163561439e-18	0.0140655120948317	0.00414901404151753	0.000605168009694552	0.00281935306399163	0.00512894442371168	0.0232796851117218	0.000404662878642847	0.00483134328608349	0.0108989432594377	0.00168612797998964	0.00171271897547108	0.0164115437769875	0.0137675542788912	0.00195012640140663	0.00618411194974573	0.00566868691316815	0.0125975189341548	0.00470019293265091	0.00686756095116113	0.00144940928279745	0.00593125090593465	0.00164822086828856	0.00439305087312917	0.00645522110721248	0.00288741578790904	0.0129802743540238	1.56366860616721e-05	0.00345229265762609	0.0659374068240753	0.0188077480537067	0.00660668589893564	1.07764587848947e-05	0.000318482949089638	0.00097237072010371	0.0209061354543061	0.00877653332525811	0.00518844160385559	0.0101209919839929	0.000364422585319005	0.00683891245419463	0.00345196059449714	0.00272556135258788	0.00240979321808298	0.00228289201848266	0.017157160238907	0.00253622290874553	7.94665436323876e-05	0.00676156889190243	0.00845008305954093	0.00839181351350783	0.0165837960108224	0.0105633113110125	0.00500808429016177	0.00189227832568192	2.63697997706289e-05	0.035922362497349	0.00844285206201349	0.0033333696290507	0.00417264870879471	0.0113658353077346	0.00331490723816979	0.000281343395281055	0.0307591241971702	0.00311681814557827	0.0132682100464925	0.00451037180353226
A[C>G]A	0.000754540168183832	1.91301966612087e-16	0.0167678933729316	0.00505879143112337	0.00847652486981459	0.000234870543335439	4.76009380668375e-05	5.98752883476791e-06	0.00132497671481266	0.00128976689899629	0.0037659329959788	0.00506296247080872	2.00253814717934e-16	0.000173155369482956	0.000316089221296747	0.000118789591020006	0.000127187999993127	0.00130696932235293	0.00336472530393545	1.71933098435072e-16	5.91139249933414e-05	0.00203082627218457	0.000860019099541599	0.000146654991818307	0.00127574915468587	0.0023705831377893	0.00654698045361344	1.61008460808794e-05	0.00166039173847781	0.00471093338222541	3.95870647957868e-18	0.00217523230284448	0.00682857871605006	0.000425245276753308	0.001393736470797	0.000202667163313046	0.00209162090099718	0.000793284226269735	0.00652015419427164	0.00151325043385397	0.00127462399243195	0.00108084189635206	0.00277079896285399	0.00144161046243323	0.0368308194212509	0.00191475242049857	0.0369094994645385	0.00682865037262602	0.00720472515338452	0.00760967875848485	0.00591688033596998	0.000307779693145768	0.000292804953334899	0.00246202108538148	0.00212139140179964	0.00103809693826143	0.00114445970273267	8.11191485448478e-05	0.000127077371911644	0.00310810397721324	0.00357867555554261	0.00126003895154308	0.00451590460922692	0.00121462837909922	0.00241277697772735	0.000387033025998778	0.0159351538361381	0.0195117509595997	0.00209039687363839	0.000315203048690829	0.00506457178461961	0.00936250375332232	0.04023329996068	0.00389515592716469	1.34334933888913e-18	0.0124838396505438	0.000747864350203767	0.00015057249804894	0.00271305457354449	0.00905335685624491	0.00540544741103548	0.00262285313654386	0.00846903926757009	0.00174573367906031	0.00353758803698784	0.000390261635550788	0.0123616484617005	0.000793663251885496	0.00262633991931019	0.0221032923779001	0.00439803901744961	0.000313220907396435	0.000442493287898824	0.000101458532820194	0.000960701239235591	0.00702685040730912	0.00291528806644471
A[C>G]C	0.000689911280483362	0.00015905344265589	0.0138823166781874	0.00290676322851527	0.00666860697408865	0.000200894861610825	2.20845403982155e-05	0.000184240264867017	0.000526071791328015	0.00388537753120765	0.00357660139407304	0.00285811153002071	3.04190753232058e-05	0.000106048354920407	0.000412106648073474	0.00037525370350202	0.00030245396234693	0.000958747529672336	0.00115261127421135	6.24019489027585e-06	0.000196168301771639	0.00327026794424215	0.000675402562596243	6.07753223190253e-05	0.00266245871236647	0.00185430617115374	0.00157138287001777	0.000954847788423019	0.000267769193994936	0.00426174735961021	3.92252185909745e-05	0.00333187714117383	0.00194411719063657	0.000524767375930021	0.00260521714699153	0.000410937448501553	0.00244215275837311	0.000482642600138697	0.00345211663765271	0.00215187761805064	0.00163821216820135	0.00223434098432645	0.00490904713397761	0.00182393932748061	0.0167648271063054	0.0015677661455372	0.0244750351234096	0.00651386978824134	0.0137633484079654	0.00515536347799216	0.00489008508222159	0.000534722580915028	3.53823546469031e-05	0.000251468889878233	0.00183519177398049	0.00180888818859147	0.000955679786637467	6.51067702923932e-05	8.30369898414528e-05	0.00123791681963801	0.00571935221945377	0.00154328241376123	0.00488929106226816	0.000541822445327538	0.00019826448349624	0.000214261711946279	0.00451485406056526	0.00229742860009993	0.00241843798662521	0.000685315025225609	0.0112950388529814	0.00460248670313453	0.0836442395330613	0.00271544813178903	0.00756401200020049	0.00690973384816909	0.000568648708012128	0.0001074634656044	0.00209141203045762	0.00772047099987134	0.00429279398079612	0.00283731371842856	0.00321621532368973	0.00230366226977979	0.00233462249835227	0.01484769326576	0.0063907714110641	0.000670990007074591	0.00262860788541665	0.0258012585354825	0.00666983775155172	0.000344817909016005	0.0004824139565903	0.000149983373951681	0.000744882099215557	0.00679218623987597	0.0027158813061146
A[C>G]G	0.000105761696662544	2.95611163427845e-05	0.000488196948470224	0.00213059195467822	0.00327255975164188	2.50833456179036e-16	8.44689699041095e-05	0.000800596171331809	5.95345973556504e-16	0.00224501927749772	0.000563913805280207	0.00322523164894759	4.5398705444297e-16	2.85731068555576e-16	8.74009128670155e-05	5.62018392847062e-05	0.000101115195925399	0.00018236908466266	0.000520360813591359	6.86508539504662e-05	3.64015745597434e-05	0.00224114283075802	0.000293421700157256	5.07856804396545e-16	0.00320983800368651	0.00103778601347061	0.00079373792448691	4.79487885817773e-16	0.00053794156380609	0.00217027400832267	4.4716737867868e-18	0.00135834400056603	1.92816738118836e-18	0.000154182829542477	2.39470149739156e-18	6.62417654601787e-16	0.00135308125986558	0.000220181018136377	0.00532989299017217	0.00194804437381824	0.000518497867138219	7.14176958400813e-16	0.000607099952937487	0.000888102513199747	0.013023679806486	0.00102631351305255	0.0240590561250957	0.00282159315325596	0.00358393742873666	0.00591257912002965	0.0030451850988039	3.04127536193272e-05	0.00814587464040639	5.509940451893e-05	0.000417529530499248	1.96118848760102e-18	0.000826226762397055	7.45417503361501e-05	0.000204064732802523	0.00151357179196364	0.00403604625746185	0.00135068506492554	0.00365532300383582	0.00302011232593494	0.000978825823416872	0.00089841748081496	0.00649797516222405	0.00362892895614465	0.00133789570769418	0.000523142474333997	7.8152011859485e-05	0.0012386130901338	0.00862386918226776	0.0344196518976422	3.04545114563339e-18	0.0115568994302012	0.000154170528735364	6.63580238953914e-05	0.0018261592943641	0.00378094375831887	0.000962916824408075	0.00131863311913922	0.00335579533641698	0.000979534805714105	0.108936539793453	3.84821308581855e-05	0.00479742698053973	0.000128067391153413	0.00086998889532057	0.0043201486237084	0.00145232857730266	0.000118786751738221	0.000176585493404405	6.66039866130704e-05	0.000237033955324708	0.00271500703888245	0.00243698000557445
A[C>G]T	0.000453991706238903	7.68038791507753e-05	0.0145390248936156	0.00255876037394496	0.00832130779277782	0.000124341149797468	6.89059140405557e-05	0.000195649235767806	0.00224140988049851	0.00312245263584314	0.00487522348586388	0.00658250426059045	1.96586886081097e-16	1.23728155845513e-16	0.000460859302969524	9.64248815262562e-05	0.000392938948146226	0.00151440433925809	0.00341406947629571	0.000155167937184827	0.000166905158637654	0.013176351902665	1.63817956329337e-05	0.000314563419897649	0.00295361000312993	0.0015611771790583	0.0032391981220542	5.78930444153777e-05	6.08076507982143e-05	0.0042123957547657	3.79820163561439e-18	0.00182212303718087	0.00286340356291313	0.000711731554235868	0.00136821519828508	0.000107630411358348	0.00162827013201413	0.000532029908407574	0.00290803823001938	0.00130638000623246	0.00115366599907049	0.00282668380521336	0.0072028447790532	0.00146905159749292	0.0198174992181631	0.00170499804790606	0.0332460834728987	0.0068229005141633	0.0205855550007615	0.00604372649881036	0.00901249165187206	0.000320749161825004	0.000281869983394903	0.00250054212625562	0.000957568888687415	0.00186832786276468	0.00187614019049448	0.000275903095002048	7.62364799116629e-05	0.00156125868906307	0.000798442444103057	0.00122266575523722	0.00191706458619002	0.00398487840473944	0.00105547920792659	0.000111802008040309	0.00515011833399064	0.00188755127782192	0.00267333776419009	0.000205193063438705	0.0217720947308222	0.0165399658709216	0.0692536233934133	0.00472499321287545	0.00532674804312641	0.00901592982545836	0.00133485423855066	4.91464213734556e-05	0.00358727516929279	0.0139500062189206	0.00539720421304497	0.00100896837404854	0.0057034668594842	0.00218434398127681	0.000942467658219284	4.70705220661389e-05	0.00685471525053456	0.000717149965059684	0.00102000785309641	0.0629892451554393	0.0197432305818261	6.48904143344658e-06	0.00075185828513772	0.000381966068193401	0.00121730539841827	0.00553339476895484	0.00243597614297023
A[C>T]A	0.0101416711645154	5.24150231390068e-05	0.0120865016839086	0.00638773393137422	0.0273598731915027	0.0319643589628321	8.9538904749777e-05	0.000986004005119721	0.00157341029243343	0.00363976567827128	0.00592286479731674	0.00847314047628969	0.000933991873836959	0.000311679210885357	0.00442542276655741	0.00126063848759444	0.0193026628146003	0.00590278700991325	0.00624256477133643	0.00960768891973904	0.00264182193590167	0.00205416934445183	0.0010388344292823	0.000573561756172475	0.00678433188938699	0.0208076302639703	0.0368034368152864	0.00206728956859212	0.00176041546894965	0.00461202530838928	0.0155963055768786	0.00768495146478651	0.0178580508414891	0.00264906663548829	0.0144652967417789	0.00102255041323896	0.00339055766838862	0.0785870447166307	0.0138710013177397	0.065700930203821	0.00480018077357727	0.00499286521832303	0.00171046498957868	0.00466956319956193	0.00670041706752243	0.00245572305486082	0.00749114561034667	0.0238097584207207	0.0162103241947873	0.0212365242610367	0.0109678762049717	0.0169809613412135	2.35167115233414e-05	0.0696024176897894	0.000907218822219626	0.0131492278846454	0.00474450636177328	0.000117581982245541	0.000253713354434723	0.00284169488035545	0.032352677443918	0.00195925152406246	0.00463795611985235	0.00115977388589101	0.0043260659719475	0.00685178740108681	0.0337328573819286	0.0762473746621415	0.00278719583151781	0.00230758790902147	0.0403825474900907	0.00177906318508758	0.00668381773981123	0.00466690855567732	0.0139528497068473	0.0420404180540505	0.00104217734334819	0.00975483160335864	0.0211002651011489	0.00913943470599457	0.00581178179399334	0.00923285446357222	0.0204905250731912	0.0049413646418081	0.00166948054874309	0.0201686807615147	0.00797366010351112	0.00376239646432471	0.0260141835687628	0.0046909294386876	0.00434659615395546	0.00931359665793069	0.000478226197603645	0.00684911216898939	0.00494752476610949	0.0146997903980534	0.0344132092988653
A[C>T]C	0.00357396599377232	0.00165032715559642	0.0147128824913724	0.00427826454886874	0.0209417669308998	0.0159186872617939	0.0181088098654588	0.0371405352470892	0.0126652937641792	0.00213314794053569	0.00341898815536181	0.00790355439892389	0.00104409407652049	0.00415488381768778	0.00665371027135649	0.0025223946135426	0.153312882779213	0.00316595849564635	2.69075714043044e-16	0.0109089359682213	0.00503911234937214	0.00606870776400839	0.00202976823493891	9.84448193324303e-05	0.00478008944265134	0.0146065457653571	0.0135284680290161	0.00520584789631979	0.000302098791069769	0.00433281165353857	0.0778261610982567	0.0101681264773106	0.0155292274775746	0.00352621506112259	0.00797755766622525	0.00620074965517685	0.00400216007509608	0.0934280578774112	0.0101378602867971	0.13038471674751	0.00268414807514676	0.00733575628042689	0.00430485620275241	0.0035823470241048	0.00458039087762637	0.00213335203185047	0.00439462831129789	0.0237726336447914	0.00891310249361731	0.0246926315130833	0.00519958523491676	0.0420592099432109	0.000144725134772425	0.018239592893641	0.000571476819128311	0.010732736585643	0.00145597828662341	0.000250148086242108	0.000186372675472586	0.00202568104542955	0.0071176961717084	0.0021321664392456	0.00175513042321365	0.000577871710631476	0.000274974686704844	0.00126749899579905	0.0186075433796452	0.0089256431951494	0.00283472714278731	0.00156177205902044	0.0439881802636679	0.00266701797529376	0.00218879773414345	0.00245425707251478	1.87263340268649e-18	0.015881143467679	0.000600242126831029	0.00104805993321807	0.0174474587625287	0.00722616915009817	0.0153742049314028	0.0101834288756641	0.0048456500534256	0.00406778853273347	0.00113017962562211	0.0177460481078565	0.00464901177771215	0.00512332642042217	0.0342126935588025	0.00430078641150983	0.00511488028364756	0.0192243259120244	0.000416436407056483	0.0172306701551613	0.00198113861196154	0.0145134616771796	0.063661848047716
A[C>T]G	0.335679671471404	6.3595296342701e-05	0.00495915869171498	0.00130332278457115	0.0117583832936903	0.135660021848664	3.70798824579064e-16	0.000860839064111317	0.00248618087600352	0.00299831403734853	0.00636868778501332	0.0103871429303098	0.0113403787876317	0.000532842108088152	0.0268386476866924	0.00146862300700361	0.0128566972323238	0.000286581724719651	0.000597233820581274	0.0465485096068371	0.0883549985615221	0.00865234959349716	7.62415037344893e-05	0.000653563882178096	0.0203958490594221	0.00261131367585737	0.0225089774348901	0.0159821800574554	0.00316710847298975	0.00815197861855298	0.0136424513145653	0.000758900300114529	0.0379790107143958	0.0120337553894386	0.016061715541588	0.0210336910931676	0.0303537327173939	0.0242030593055615	0.0134846289273983	0.0630959574112488	0.0146736713419596	0.000379446721816909	0.001017684031205	0.0125577574910119	0.0154093261273613	0.00835896998129677	0.0106142894669539	0.0248144506509025	0.0137178980094128	0.0150052209528344	0.00863221727347245	0.000756188204341811	0.00224333245963776	0.0250994001548622	0.00836604699035321	0.00902146704296452	0.00768291043732334	0.00112384731117328	0.0020106396607996	0.0254397164004346	0.0115754615555305	0.00673691089571595	0.0101213145494985	0.000609352615360759	0.0102104924601128	0.00319064450315867	0.0412867662045113	0.0185311547842752	0.00412651995209999	0.00797983392459833	0.00431649361797975	0.00130192010527633	0.0418419113389557	0.13663687819819	0.0386612378855783	0.0116620784572113	0.000308341057470728	0.00312505748215555	0.0196962339905253	0.0408731781859146	0.040416272074875	0.00649109943431575	0.0334326565118858	0.00592434968667911	0.03264597936862	8.112985320102e-05	0.00443053576745813	0.000878818639945429	0.0585153653811359	0.020847093980312	0.0387318463311671	0.0283028882613572	0.00151013234953982	0.0482285015631281	0.0148263784288401	0.0237233284479116	0.0375881716667585
A[C>T]T	0.0038151250740245	0.00156644037971398	0.0101104712620624	0.00306330479486442	0.0181256217588203	0.0104270464916443	0.00534601817952645	0.00741407362838655	0.00868691630699595	0.0353019566806555	0.0106725563828306	0.00666465682977675	0.00263605559434994	0.0044195970361694	0.00549509018317102	0.00226875991336092	0.080056713970488	0.00250297344417165	0.000271418516536989	0.0122460734789958	0.000914125490634412	0.0068746184338307	0.000616066677982951	0.000144955693153574	0.00576967509136451	0.0268464064193961	0.00952705265382308	3.90006454300686e-05	0.00060460764135391	0.00334350068889454	0.0237112845329684	0.00584997406238703	0.0047834707054064	0.00272765391350368	0.0046436403406922	0.00653714299713663	0.00119668029304185	0.0213248727691919	0.00777015442778898	0.113468446025716	0.00272442720174354	0.0053887984558891	0.000683814387379119	0.00331498114418572	0.00595579058761776	0.00170499804790606	0.0098052962822369	0.0183719708541897	0.0125643479250038	0.0194799872957443	0.00692011146493816	0.0261957388204781	0.000724579942346167	0.023029314489229	0.000816946865320267	0.00577483157581816	0.00271604112361199	9.4515124858447e-05	0.000179761773112932	0.00548421710018796	0.00283890538334031	0.00125841639575836	0.00122339023622904	0.00383871524522144	0.000644923161751756	0.00258145313514167	0.0156433587858593	0.00679704505851214	0.00236621826172945	0.000244590033169581	0.0399815798408754	0.0057974571936549	0.00344087059296794	0.00520213972963998	1.31875072553944e-18	0.0245122965382457	0.000934397533482895	0.00141315279819507	0.0143390158208493	0.00653164418289306	0.0125087601424516	0.00326968787017927	0.0177108842904273	0.00238115950171052	0.000825250410619442	0.01094031884891	0.0066247948919645	0.00320269754079705	0.0347030009055233	0.00133891055655389	0.00261132180683924	0.0055323691581035	0.000368203418550821	0.00996597536124131	0.00144369683858982	0.016670618011645	0.034854866925299
A[T>A]A	0.000161048725757471	4.08254546027387e-05	0.00231890248261692	0.00343222940334029	0.00307362357945268	2.43120278821092e-05	0.000706565407537752	0.000864085304900601	0.00727963834915517	4.82275780597849e-05	0.00841622149839242	0.00659266406867654	2.25934079884282e-05	0.000512749319616025	0.00181391783353855	0.000870752379312699	0.000154821591026523	0.00274848815784391	9.57874368502322e-17	0.000235697718198668	0.000529590472944146	0.0133793000129482	0.000426781855181708	3.12065619887381e-05	0.00091120579383678	0.000289857982207895	0.000189304157745822	0.00163574502701003	0.0314297654977289	0.0465707240141307	2.83722508358618e-18	0.000510639203847805	0.00860880276166324	0.000751194922832863	0.0749274030303449	0.000112328387118824	0.000204617157840109	0.000133551898102562	0.00305671498572177	0.000269057618569687	0.000389386101896889	0.0725007264438495	0.0018781430521297	0.000948675334723287	0.00119894044167774	0.000702928513961712	0.00205621892967087	0.00412900924466215	0.00420351358601779	0.00401867288471959	0.00410962556363264	0.00500338269397664	0.00615829576985878	0.0018364975221963	0.000177712456422733	0.00115909298893851	0.0760921933316601	0.000134183970066956	2.82462917379655e-05	0.00214732315382705	0.0506761354480735	0.000639747999176144	0.00187759774988201	0.000371763918093025	0.00178969801790207	2.32085632435968e-06	0.00168425270250157	0.0115157691877939	0.00070568234821519	0.00164716615333987	0.000581022277439305	0.0718332564802537	0.000702462617187703	0.0024319190461425	0.031927605499476	0.00481495404151789	0.0448162077614101	6.61060041844157e-05	0.00443751605455297	0.00528236985860782	0.00403094087109973	0.00109794955416493	0.00499185941793774	0.00162130127829668	0.000589964087947255	0.00362032775287769	0.000775583581508269	0.00565093300839606	0.000575826074895044	0.00329311919032475	0.0010837607538105	0.00265978633543303	6.32737541605329e-05	0.00154249382066259	0.0147884891256507	0.0171137816812723	0.00112984484663247
A[T>A]C	0.000934502066972464	0.000778085580818395	0.00633947728626807	0.00267736867919556	0.0060080787328243	0.000281258810725345	0.000507964552715135	0.000337351190162047	0.00417947987863249	0.0012194352714123	0.019136840055611	0.00304729432648353	0.000179977061509005	0.000197638336988503	0.0128139507809171	0.00303370159062067	0.000340833237572124	0.00299902925446937	5.85613711559977e-05	0.000297745785605571	0.000454479161622724	0.00933190823145126	0.000876975864411316	0.00029987995847213	0.000668835928014902	0.000195754090171031	0.00400234667985157	0.0055602713367959	0.00723139069423991	0.00875293931994527	3.96115753839349e-18	0.00151372678178323	0.00780948530468284	0.0036212619263942	0.00159244960323323	0.00064982641855812	0.00137622434396712	0.000300983901745304	0.00491393213414196	0.000696766268197169	0.00106456877907303	0.0650573188418458	0.00588444792967318	0.00115736942278856	0.0018413280523165	0.00142648715748267	0.00232153559607133	0.00472515554202924	0.00666341843655842	0.00441191163504407	0.00493105648316383	0.00314025215601451	0.00316715195917152	0.00207942811182771	0.000350205047149747	0.00160855191874386	0.00821830206341168	0.000112576366463217	3.54838865586174e-05	0.00328576819929958	0.0012602790614787	0.000887821919532242	0.00171868063282016	0.002582308930057	0.000540463576828515	0.00410332075258371	0.00687309641277756	0.0014285249733092	0.00183623069763267	0.000192601410944107	0.000307694755812188	0.0174468076808649	0.00300726779747961	0.000355254916405309	0.0328307025689075	0.00266991975219314	0.000538445865788847	0.000108185311140893	0.00329080069205981	0.00611268913695618	0.00447152124754708	0.00215853013267352	0.0271389497366889	0.000864625188020646	0.000962321456422426	1.41001983899966e-05	0.000616075809183988	0.00633184270425749	0.00190176925551341	0.00185980513995047	0.00204746911138766	0.013798488665852	0.00483047493871598	0.000971340085282991	0.00548366632226746	0.0216062982688415	0.00344917155725302
A[T>A]G	0.000449910387870888	2.12817138422184e-05	0.00798254145459307	0.00885729480575986	0.00744634497440916	1.07640235277462e-16	0.00041912402500031	0.00106129437852566	0.000242842740322228	0.00393443828254226	0.019291739801616	0.00280879674761063	1.94819599018256e-16	1.29243742220018e-05	0.00108811933942634	0.000592144049441484	2.86369983521054e-05	0.00325171129291896	0.000499048146837341	0.000266840496546627	0.000274826124042239	0.0100034852610407	0.000165679132919279	6.42082684652155e-05	0.00186528164664598	0.000688261562483485	0.000220057529829592	0.0002298499994283	0.0584524310030419	0.0368087820976403	0.000237666947127192	0.00126718757445492	0.00516239451291708	0.00060554004190797	0.00126346668946814	0.000194607805617696	0.00160715142728903	0.000460169430148133	0.00383490319123407	0.000526731988086906	0.000612102313195359	0.0477458059047895	0.00100144091933132	0.00192842317563756	0.0026011682793647	0.000747886804409332	0.00526851609301518	0.00754169852343003	0.00782302563600796	0.00757962346654794	0.0032723529233396	0.00369490919310966	0.00112838966024847	8.13261454385094e-07	0.00141348688093419	0.000420802698022348	0.00805325285218427	0.00018533791212114	0.000103453439236985	0.000450029539607352	0.0323539169382705	0.000843212264282777	0.00179358987190867	0.00322480754057498	0.00667128044337829	0.000462105388802515	0.00583868964688605	0.00432169104435799	0.00151487686204593	0.000286314656187165	5.1618426850367e-05	0.0265730556286648	0.00148625280995476	0.00185144465671671	0.000754123052167495	0.00874625815148177	0.000507093425783559	9.64459491893993e-05	0.00605622647835899	0.00528795602757432	0.00302506787042249	0.00438209324425263	0.0233180364735859	0.00260578833928466	0.00204753618424841	8.17180117257656e-07	0.00340356746399713	0.0134478282967897	0.00156201011199036	0.0026123439602708	0.00283256559563068	0.00187661144061011	0.000155004508127541	0.00132155002197581	0.014082850094925	0.0143203390086035	0.00334412084441229
A[T>A]T	3.99262647272079e-05	1.02886576482168e-16	0.00279700198411181	0.00166245149381307	0.0027985137048353	0.000445200043772118	0.0014644212769841	0.00311783539645871	0.0322580063388146	0.0241607399836516	0.0116940242378535	0.0106331135268711	0.00321679331635799	0.000870201577320322	0.0351002656816976	0.0109854796303123	1.36614760245116e-06	0.00162477723128964	0.000283367659391535	0.000770918270422159	0.00268410696861964	0.00690487089331231	0.000668618753879072	0.00034196938742055	0.00310938576118456	0.000261385683326646	0.0102782860834511	0.000819786760307638	0.00133918193889464	0.0117030936698868	5.9755643492487e-05	0.000630479535364747	0.00681459898796469	0.0016443300652083	0.00144238019316243	0.00120323879700041	0.000702180312036286	0.000195380137652894	0.00175334408491665	0.000345175263419901	0.00246496291942053	0.241064714117334	0.00306781194113562	0.00129362287781191	0.00159969160886877	0.00104128242081874	0.00256843002450528	0.00500034012451034	0.00613586787432083	0.0109904691820417	0.0415541230103134	0.00279282752551679	0.00186704281592349	0.0128249192315765	0.000221949858843379	0.000930520491815952	0.0403970027203309	0.000148731094537323	8.40075969096926e-05	0.00104638426405252	0.0143379973060484	0.000466148562350689	0.00159959365585004	0.000126857934592302	0.00178483334171277	0.0144414057101485	0.003511592969269	0.00446753443151099	0.0010707269947797	0.000327355311011651	0.00429362208049614	0.0489193703511198	0.00299070934194641	0.00112014050177789	0.0308504427629536	0.0020157401900719	0.0185751855436031	0.000124426277323758	0.00438395106625712	0.00729879340095313	0.00660404429169883	0.00126788867316075	0.0112457467660994	0.00175319101308042	0.000126499251816305	1.76467714306992e-06	0.000660952970298494	0.00506795223614734	0.00338378500608141	0.00126847656331357	0.00391655360805917	0.0272203890602729	0.0013266335498696	0.00559857205545769	0.0487988241558611	0.029685060593484	0.00245224694421717
A[T>C]A	0.000219428793238842	2.6266220531689e-05	0.0069693790438092	0.0028966267141443	0.0192413842166927	0.000546887813929818	0.000178462306694157	0.000353962558831397	0.000169075353174099	0.00236490357551585	0.00421674268846359	0.0105378802268454	0.000332019711420944	0.00263417847401704	0.0082223163109716	0.00238490226138775	0.000423253313108111	0.0391274185338927	0.000824080892969552	0.00484468615921167	0.00100985652495385	0.140164099925938	4.07715151199046e-05	4.85047680751472e-05	0.00073921112298642	0.000955129532241999	0.00396390355015039	0.00789506846598659	0.012296465475848	0.0326657289432353	0.000303420516764601	0.00206841149057134	0.00873540301330871	0.0419087813164932	0.00264603763911886	0.000358537210093722	0.000647898862188169	0.000224793864856807	0.00793345845939649	0.000353208957165039	0.00560752235849131	0.00325197386275094	0.000783519812674061	0.00204120773456047	0.0390588171956748	0.000985513125300782	0.00433703452227027	0.00696866051780242	0.00828403633654073	0.010640806458094	0.0079327896269589	0.00436385244511366	3.57346399192239e-06	0.00741514743603026	0.00046374462187791	0.00794193344272683	0.00156044152332996	0.000223640017844211	0.000134225082928517	0.00105363062218966	0.00116151490889724	0.00135539848103959	0.00360218247226193	0.011355135359529	0.00182750843883498	0.00574354539297849	0.013658877516125	0.037837527129794	0.00351076934700411	0.000535225278185706	3.71892577372337e-19	0.0189873032402721	0.00137276220198301	0.00226433782425134	0.0742412993341332	0.00659859129960528	0.00417234907140361	9.20785562012499e-05	0.0392943017444558	0.0174722701683466	0.00522171371221181	0.000658655362491298	0.0144120245362489	0.0031604682491428	0.0056091754712778	0.0161578333628143	0.00284842648099187	0.0280550918687052	0.00370137006031251	0.00313552263374313	0.00445388470230578	0.00690479090028963	0.00322903454099643	0.00406010964436225	0.0292897250547265	0.00948834821720351	0.00234635081001952
A[T>C]C	0.00127393968614112	1.90528059993688e-05	0.00682307118696811	0.000542300151506267	0.0116173536838566	0.000582093023385129	0.000172101134719342	0.000329405090786366	0.00065136371652594	0.00443739065187987	0.00450120066053928	0.0113463089613531	0.00335833588236424	0.000299096925461172	0.00852821157976413	0.00307304530618324	0.000724947082268467	0.0445981134676603	0.000127536247483441	0.0050424741629446	0.00105919070594701	0.0155531799837364	0.0111711067851869	0.000261487478634056	0.00159210412987849	0.00045599176316938	0.0035088011297726	0.00984118823284665	0.000927392639118898	0.00155938406416721	0.000126893116964128	0.00146663357079845	0.00834534473758909	0.02685083269733	0.00201782911721202	0.000599526741286516	0.00157577722816821	0.000350765396643953	0.00599062581278709	0.00055065771015066	0.00350187176983461	0.00180226345950334	0.000656403505592956	0.00136780037412268	0.0425945858112421	0.00120589686802706	0.00454634101246382	0.00267977811607395	0.00466779906398507	0.00981813461179163	0.00663972428978717	0.00274869930528968	0.0262253638237868	0.00259128716713787	0.000294538501009324	0.0427159898421986	0.00650806929860656	7.99881592332468e-05	3.71237067333417e-05	0.00773906808096949	0.0180173289657765	0.00141449627123732	0.0024552578574144	0.00627363474330869	2.93788179302976e-06	0.00589194733028712	0.0103256780518029	0.0048237178423934	0.00191702478366094	0.000239240549909224	0.000250153674272076	0.0272845711719629	0.00163378036457184	0.00159538166308341	0.0632591588114606	0.00300562723320596	0.000280928938914522	9.51380741441259e-05	0.00425306285894694	0.00347587967621833	0.00410894784483369	0.00299298185914181	0.0372963968477418	0.00248123433708135	0.00442484867652454	1.05751487924975e-05	0.000555663452311256	0.00801925797289665	0.00330901211242483	0.00233082782094846	0.00220964386609667	0.00691766066852032	0.0198002364564925	0.00114104736433426	0.00631288708560754	0.00679688207138565	0.00335683857644323
A[T>C]G	4.18338587475388e-05	1.10164165771484e-05	0.0101851924780035	0.00357148978342273	0.0311897360655814	0.00205695931875537	0.000133519651950031	0.00102047549483164	0.00123147593092269	0.00977229378027412	0.00590597995404356	0.0145528232049299	0.00186971426884524	0.000293280010310387	0.0149875448662568	0.00767099865418991	0.000232916191470094	0.0734761667342768	0.00036202124997305	0.00934696852328214	0.000122144661336533	0.0725564921659232	0.000311476769888309	2.17936740757124e-16	0.00149222517392779	0.00167004604481039	0.0135084728292472	0.0035960456356039	0.00747535177702624	0.0138469155208141	0.000315546011349508	0.00111512526819577	0.0164634054640153	0.0760558870001912	0.00584481683139919	0.000518526045799576	0.00178212386939741	0.000199791473801704	0.00619073777769019	0.000806373182196654	0.0645521993269893	2.69200986722819e-05	0.000692726196708968	0.00292693525051758	0.0175500511044142	0.00150269849305181	0.00731822702399934	0.00658847372812017	0.013195555447964	0.024550199810003	0.00868307436735351	0.00631305868225989	0.000462403046632059	0.0204873308985922	0.00137367016210659	0.0276888175298712	0.00225923434156257	0.000113594088551033	8.58531419031881e-05	0.000887493616669042	0.00347277088729234	0.00185648321576725	0.00515579021068393	0.153997914502175	0.00331093156821338	0.00860255342061211	0.0103687070773749	0.00621991752739679	0.00243487042425975	2.86188635623243e-06	8.38434899405679e-06	0.0063840777941738	0.00262488673203529	0.000468820200034001	0.00829535357384327	0.0120411550794072	0.000154332906283495	0.000367604758794333	0.0346458411583473	0.00625790678796846	0.00212395236866295	0.00225184662855186	0.0363085594178314	0.00459475323558564	0.00809353977427667	1.88121672827023e-05	0.0042949613331053	0.0472529531298815	0.00491461831223902	0.00386474574908826	0.00198009881630158	0.0214849936315929	0.00632975641307655	0.00874484389039196	0.0345349161809023	0.00548585762118463	0.00333160273854082
A[T>C]T	0.00125233557150782	7.15149367759339e-05	0.00791949833002513	0.000616015407003013	0.017287593627958	0.000134632732649954	0.000242754272678581	0.000808606539546505	0.00168606951291925	0.0299804806536327	0.0069696384270495	0.0163153596388506	0.00162288680083218	4.58001151577167e-05	0.00624918266052414	0.0028159946902026	0.0004788327256185	0.0367591523461965	0.000448431999304913	0.00248777343909158	0.000261376861302904	0.0853693089240604	0.00356749470079838	0.000293888358750189	0.00168160683587914	0.000695429821687405	4.13539698980608e-05	0.0131165866277501	0.000402821745191863	0.00358433671559959	9.68706781549131e-05	0.000854649780060302	0.00663165673939419	0.0199247803547685	0.00147077404084282	0.000421133649737446	0.000411993767909729	0.000217310467669718	0.00356990965154853	0.000249474894414959	0.00447777320223145	0.00178509970212789	0.000845000929971678	0.00215744278068641	0.0277202905627239	0.00133605705762631	0.00570762190367966	0.00825801533293544	0.00999458444566171	0.0103744957250825	0.0105676430635599	0.0011008224063164	0.00383877997206087	0.000111177197406985	0.000535614623333684	0.0142369635247843	0.00077686518405811	0.000244580286394447	0.000114382994717853	0.00213618642001949	0.00090888302130205	0.00192726895211165	0.00248057961020829	0.00329999015360012	0.0062378100991758	0.00617494596199217	0.0099615710087597	0.00415679380089416	0.00412994599605304	1.63156274573317e-05	0.00378147932423246	0.0412257718383561	0.00184125732179963	0.00148482143701936	0.122567977527496	0.00535240420175802	0.00226704995480035	7.82831673827367e-05	0.0141179202106698	0.00586958657591237	0.00952099279294312	0.0010853445682394	0.0158001763329953	0.00264979883330754	0.00487652230920264	0.00102532306643903	0.00130469658716542	0.0113192623650514	0.00408418559802519	0.00887352050903025	0.00218332608809119	0.00240978515835478	0.00148179571345798	0.00288852912434749	0.0300794000948845	0.0137094455216049	0.00305076985623485
A[T>G]A	3.46255706371785e-05	0.000101321626419519	0.00166842722341565	0.000382573401480771	0.00160761341689529	6.35624737101159e-06	0.000172270769163044	2.92963928382792e-05	0.00698610455422177	0.00200691389827746	0.000707825925824308	0.0234117440262919	0.000855674748630606	9.77617900832535e-06	0.00113672168592897	0.00317034676976186	8.09377087242556e-05	0.00106856105102903	2.64925613630822e-05	8.15137177093482e-05	0.000121494219319258	0.00648693386631143	0.000359595045794366	0.000702847050600726	0.000263847137003722	0.000859247992600187	3.88803103144806e-06	0.000185321569153614	0.00114603054149593	0.00606714110477725	2.83722508358618e-18	0.00103743774121834	0.00222816088360965	0.00144308556850329	0.000597323581785573	0.00644582804161641	0.000134538315482519	1.43510812539951e-05	0.00143113356843046	0.000145660714490167	0.000439181107567837	0.00198497163523478	0.00117143895256615	0.000423793634731588	0.0115631152278111	0.000406215025427782	0.00150247251891253	0.00222535405205451	0.00574519239748124	0.00189442426843212	0.00414818805943001	0.000451433050471645	0.00105858277162783	9.2185725609498e-09	3.96044380521368e-05	4.29293699606858e-05	9.42879280896863e-05	0.000105110820578656	4.29170329516992e-05	0.000297660788434761	0.000324237593976547	0.00062529048671993	0.00146318737414773	1.50469521043596e-05	0.000110070551178712	5.5597606870411e-05	0.0036252511593043	0.00634542415486038	0.000631585775786212	0.0103725825987316	4.728167850195e-05	0.0153083921948659	0.00181768940926493	0.00195473019236741	0.00538537945773196	0.00218993572110652	0.00396991756470891	0.00073338034515165	0.000911846914422007	0.0129268777915775	0.00142459337935476	0.000114669428174361	0.00618415843703457	0.000265501434638857	0.00164112595459855	6.86040332289358e-06	0.000281050613663183	0.00162585133763855	0.000422718310418787	0.0152292747062715	0.00218133582408717	3.76291418258704e-05	0.00121453997890603	0.000412116742935564	0.00466840270049538	0.00200075741903143	0.000732310580094556
A[T>G]C	8.67453602139484e-05	6.61088059326935e-05	0.0022860802578545	0.000120595509542058	0.00225411323309423	0.000105085856600045	0.000187264267004336	0.00067325724085416	0.00128317350760129	0.00300342487119884	0.000600160028173248	0.0074885637631964	0.00115036896151879	3.12589900784565e-05	0.000919427493223263	0.000584191391046686	3.61186236343167e-05	0.000734817520403348	1.99396079702937e-16	0.0023771668368398	0.000224267458473579	0.00531701749473442	0.000615729886658199	0.0046486613288396	0.000653600594711907	0.00145088330174076	1.64182963372727e-05	0.000430059429067251	5.24835553206211e-05	0.00120836728852044	3.86854054558933e-18	0.000941874307494452	8.78593476545955e-19	0.00260278188101727	0.00104599870545826	0.0235188292816637	0.000562187857450053	8.42445461378108e-05	0.00200766892861947	0.000336992965592991	0.000282017412006728	0.000676948567916654	0.000772333605817237	0.000504224410295792	0.0117578801290762	0.000786773920425739	0.00239408383531859	0.00399683900390751	0.0150868082022017	0.00270273008354429	0.00188068169820281	0.000317157582035871	0.00341013465428499	2.60662226172615e-05	0.000411508444247697	0.000714911963886152	0.00197422867303946	1.73424775310996e-05	3.77614145790679e-05	0.00050620812864717	0.00381817995521128	0.000398014749869264	0.00192439125780315	0.00127901233727763	0.000804573903804398	7.64384232774346e-18	0.000843370842837893	0.000771011607382053	0.00114580777307774	0.0090686837678332	0.000983911619172861	0.00459177280826262	5.78518429811102e-05	0.00034445700346138	0.00720673897906364	0.00113165240725668	7.02497211310824e-05	8.41179213470807e-05	0.000329222224385389	0.00252688621512159	0.000731390139639683	0.000155113624263637	0.0060178380251495	0.000411049731730732	0.00114223839606657	1.07559205667282e-06	0.000115342521048249	0.000930898283907876	0.000565737028590567	0.00287558488875595	0.00124326541346553	7.52271485322811e-08	0.00488950123495537	0.00149730515454785	0.00563038531320653	0.00137881115070348	0.000478949384965399
A[T>G]G	0.00010576860911313	1.71088287751168e-06	0.00521680588317906	0.00101430299848202	0.00648289244482553	5.19092610295719e-05	0.000197066731985775	0.0010000660529846	0.000695151125185455	0.0112716331938051	0.00403603476912051	0.00542423453851867	0.000279583597200906	0.000288861420832747	0.000918877993560866	0.000842519355391818	0.000130287440091481	0.000842109930485222	6.97852314069552e-05	0.00053443520336005	9.41535262661404e-05	0.0052458687708263	0.00059561741467356	0.000967455397538848	0.00142765784536979	0.00127964584917933	1.95275024078622e-05	0.00017331435893307	0.00284545666384137	0.00423671117883865	3.8110231992446e-18	0.00130520315101971	0.00590697020700192	0.0022186998992814	6.95711577424661e-05	0.00983279043895275	0.000272179210401793	0.000295719890814999	0.00306487300249233	0.000939535726045582	0.000417742704406265	0.000271847439499904	0.00337327578565623	0.00071344052449442	0.0175500511044142	0.00143344965072079	0.0058151059782324	0.0042492969149558	0.0125322935027902	0.00590455148955769	0.0029159572699894	0.000469792244438012	0.0275390237668624	5.62505839283023e-06	0.000652991401045529	0.0013465686336715	0.00397798256757602	0.000139900037686087	5.4087410761783e-05	0.00309444562281571	0.0244412739315976	0.000843212264282777	0.00316221802086757	0.000876720491902991	0.119424152201704	1.1442333329679e-05	0.00123820527411784	0.00249718162028249	0.00117593212041403	0.0212295794982346	0.00069458790454682	0.00564703730074589	0.00128344984641801	0.00129476826944552	0.00301649220867021	0.00418881127485433	0.000330713166033593	0.000734782675029586	0.00106961465772431	0.00511022221682596	0.0015595689524753	0.000149992445386269	0.0277667392660266	0.00111912531545759	0.00432031545065861	1.19172100433408e-05	0.000285092582047074	0.00533539912562016	0.00100557060316515	0.00251722410817819	0.00115788717137502	6.45889277239722e-05	0.00283554637478094	0.00113178066278242	0.00537577398816252	0.0031897648271494	0.00369406774217052
A[T>G]T	2.44358373111876e-05	1.73476918194148e-06	0.00181736478824377	8.5294386289201e-05	0.00218013245070235	0.000103522526389334	0.00012196942774765	0.000275678402977439	1.41236202337722e-16	0.00840629122961082	0.000346143068791308	0.0134461065680522	0.0044532790499038	6.77850742344166e-17	0.006384577659551	0.00240672978277432	0.000114678447830916	0.000737487831778562	0.000149633207846	0.00462550837294443	0.00102131121291316	0.00499661569429808	0.00572447730731259	0.0373302799811317	0.000729753954779036	0.000647469006444575	2.33563427180523e-05	3.56111566738326e-05	2.22983008120132e-05	0.00200914570833604	2.75593839361256e-18	0.00164975448658757	4.57426522537265e-19	0.00317618119865468	0.000145373886844249	0.0813955786293606	0.000290186902329363	0.000316595560226031	0.000330016294798881	2.63815409241993e-18	0.000368528750967687	0.000877292650620508	0.00109475510249364	0.000414633502802168	0.014264399732849	0.00109487787896158	0.00269433344885112	0.00518475348006931	0.0211126896539681	0.0042371632861232	0.00454348951211337	0.000371425610428616	0.00246030914465181	0.000591278790828566	6.08986474463903e-05	0.000279156147544736	0.00482851781665408	4.38481770739143e-05	2.99008563274676e-05	4.4720875880564e-05	0.00103525207479712	0.000728601500222201	0.000711698370592933	0.000143294475355367	0.00103811744007088	0.00286338246723233	0.00332237868432977	0.00105957501033704	0.00131546433123675	0.00737449326297819	0.000711373603001851	0.00221224114627635	0.000464980513945981	0.000578951387252373	0.00541967271899103	0.00180989710316526	0.00162106258506352	7.12050926215376e-05	0.00169088788832766	0.00437772868948348	0.000950387859321859	0.000186277096452087	0.00421633860907922	0.000362558739919109	0.00124363579181593	6.16460548645759e-07	2.98593105086123e-05	0.00371217817302144	0.000971842050055488	0.00382247468509577	0.00296848241531238	0.000148447522546694	0.00514965946651075	0.00120688470992729	0.00884209400390828	0.00175569706469166	0.000807978617906583
C[C>A]A	0.000167645215589431	0.000236351344565981	0.0253666110473499	0.0784817609339753	0.0082594841423478	0.00120211752527999	0.000442314665023221	0.00105592250138942	0.000170798390550668	0.020992529862614	0.0461951855011878	0.00665071424641844	0.00378272203779872	0.000391779178387184	0.0209954697045047	0.0122113361169367	0.000612425854293084	0.00769081610623364	0.00161225663366054	0.0167283262862854	0.0289638373219531	0.0160777241670825	0.000332717629556994	0.00036056222554185	0.0722800843276034	0.00129929057023641	0.0371789352110447	2.80144829494332e-16	0.0023972982919976	0.0089827467242662	0.000138025441732045	0.0219109136621658	0.0166703262052769	0.00185993693367782	0.00709059081212775	0.00353856601508999	0.0478211805932003	0.00075417844497917	0.0111067237417236	0.00124895577082848	0.00323291623440682	0.00366361269885746	0.0306521387671985	0.0579071057863129	0.00457973963242908	0.359213727696415	0.0104391712661325	0.0151484893945133	0.0109755579401511	0.00962215281192156	0.00349953381572392	0.0116476912442194	0.00712282778803967	2.91165939039525e-05	0.215032915437019	0.0178751175142617	0.0362047803781874	0.000640337171294568	0.133837750987641	0.0240594092364937	0.00835507375053384	0.0553754748614625	0.284186562047632	6.55880085124678e-05	0.00700841845600134	0.00304152565019164	0.0119240124591336	0.00775327430200501	0.00210016718954924	0.00130676802085372	9.92629785661122e-19	0.00730914579724855	0.00620634908977053	0.00561251986333302	1.77933044225235e-18	0.0275324969478735	0.00231135887600672	0.00671399870981559	0.0218144769284344	0.00879858425636405	0.0817046015120724	0.0564253946219295	0.0111840341461507	0.00746603068608548	0.00106783126261817	0.0254861185514784	0.0775037092149942	0.00913882161403552	0.0046251005880246	0.0112587206675273	0.0104230420633432	0.0171376000086861	0.000560496009078774	0.014158782288062	0.00302592529140715	0.0241925514284211	0.0108189262371505
C[C>A]C	0.00107369536546779	0.000120883213830411	0.0318413393045906	0.0865255578505873	0.0076194454369799	0.00301571125367512	0.000260449052309386	0.00160269080144533	0.00540514465373366	0.00520407570009144	0.0498970598753226	0.00296974532481363	0.000268237954094904	0.00266944710355992	0.0130014394490893	0.020234009569376	0.00109076911681138	0.00677965861803322	0.00124443528736316	0.0225695023925164	0.00390626828355157	0.0155836745082538	0.00146050436460649	6.10483722630477e-05	0.0213714446366878	0.000842788546213899	0.109168231945164	0.00366246504347155	0.00643493707921998	0.00833666742640368	0.00064285450975548	0.0336080314544156	0.00983286380398333	0.00222354937920579	0.00348153020797076	0.000212104301830413	0.0363444628812675	0.000425338972041295	0.0134416031314698	0.00553199077509978	0.00255302458182858	7.70042647578681e-05	0.0377654289938367	0.0234012962294899	0.00129240909296952	0.0731481990012556	0.0104535485003751	0.0133279378273713	0.00826166732219161	0.0148012194233841	0.00150847996801862	0.0367660193048592	9.83220605930972e-05	0.0346869241304862	0.152298567436991	0.00920974670565478	0.00865829328298584	2.16146452228147e-05	0.0186595025841324	0.00344977852617288	0.00423589343929562	0.020462093014223	0.00337191279011456	0.00297785251785661	0.00469420514068809	0.00914549354073586	0.00602823612839518	0.00256294060179796	0.00623439849840429	0.000312771676952762	0.0057826893846359	0.000585964360415188	0.00357024025964436	0.00442249678952066	1.98631211472685e-18	0.0180818326506198	0.000971775631633516	0.00419031431744314	0.0183201739867123	0.00724846974512468	0.08672254591242	0.0407430483430147	0.00357443460132734	0.00600736436395883	0.00198479747803076	3.33789708667131e-06	0.0644313598421949	0.0165840509118145	0.00501371087536928	0.00840451925429331	0.00982652538785885	0.0140229687535203	0.000952485321269107	0.0302241841623594	0.0014206347134746	0.0120659777587887	0.00677647882221923
C[C>A]G	0.000114854073360699	5.81242751120336e-16	0.00649118591314637	0.0546552353566093	0.00882288626074348	0.00249994246990573	4.9695125611924e-16	0.000866878477411767	0.00686533705690668	0.00028265945427992	0.00901108659396226	0.00435429613416925	0.000126599511653435	0.000144551949587947	0.00664307999882506	0.00285500255353739	2.09062996419852e-05	0.00380828441653161	1.14388861767097e-05	0.00324873574424909	0.000105199875888253	0.00617036547191142	5.74278789357373e-16	6.80638826619992e-16	0.0268867698836221	0.000532861604869743	0.0168526586728158	0.00573119123298058	0.000412435724876501	0.00358595296242785	0.000272579626112671	0.0316604595832921	0.00330721904374114	0.00109536309359479	0.000853350014749286	8.87784058926345e-16	0.0299538885463161	0.000916806860871372	0.000783372827461162	3.83572413666266e-05	0.00101900169108183	0.00128428780639704	0.00517348052665966	0.0169015484916577	0.00243711340940356	0.110298243166214	0.0136090245675935	0.00409029080547244	0.00279961878964409	0.00818883432102134	0.000880327708893121	0.00433022279941051	6.30749150399835e-05	0.00879780347468979	0.140724019707092	0.0118278904356785	0.000914895194511121	0.170536709457158	0.690431901633251	1.27057898839319e-17	0.0118068410788955	0.0300964284299755	0.132134494064145	0.0141190164409775	0.00164880235412962	1.8908906529615e-17	0.00336401029670459	0.0042016516027973	0.00176066594341583	0.000962778804862787	0.000157566493098216	0.000618309547650153	0.00128984002252593	0.0300997851514037	4.08156841918356e-18	0.0084217134322822	0.000966052313546377	0.00437404240817331	0.0142483329345625	0.0046843334673818	0.0145971753085659	0.0328019308432549	0.00399359188137216	0.00308773299693154	0.084051098332189	0.00322175184529516	0.0357735201970358	0.0022347349926785	0.00238597748333612	0.00234608844117595	0.0039466542548292	0.0106426740915756	0.00179521959200112	0.0172954287357918	0.00159174445080127	0.00734608171393592	0.00545259346259522
C[C>A]T	1.2228413110225e-16	0.00048829458736588	0.0177217192704261	0.0684935246361938	0.00736400420156929	0.00647220153085945	0.000369121253137668	0.00140869969885735	0.0215922012341272	0.000172897115215908	0.0388035541330361	0.00432766524155598	0.0210052879835486	0.00639371958669106	0.055180385041462	0.0231127566576516	0.00015172694045789	0.00159320260840789	2.60965781728458e-16	0.272360073429138	0.0202986397915361	0.00392912520602679	0.000157717180675587	0.000247166357680374	0.0361908496734559	3.45785911924961e-05	0.254340115856972	0.02460071931264	0.000147089571781548	0.00687496478198677	0.000541145424290333	0.0150566409172213	0.0144863224799942	0.00961351935991801	0.00442528648247648	0.000361186631228998	0.046740525096469	0.000297696666623562	0.0295604881494303	0.00274499688591144	0.00309212100400095	0.00118897269173958	0.0863274210544689	0.0640852751084929	0.00256958703361674	0.177072448921734	0.00636161216947069	0.00754354622809061	0.0128832922078443	0.020516874200408	0.00397726360639697	0.021625669880685	5.72297647786249e-18	0.0907520825789111	0.178910131959918	0.00970750494658931	0.00102451993456069	0.000468046325738178	0.0292310520290265	0.00125517890484989	0.00619452462532028	0.0185126521808817	0.00427294549538023	0.00585881211826791	3.24997732270868e-05	0.0892554170794395	0.011485543359646	0.0025099084012684	0.00194180509870832	6.11262850891113e-05	0.00571479906110101	0.00150611697613305	0.00343319150358297	0.00327064980241875	1.81619229948314e-18	0.0190610902761007	0.00202220738057805	0.00271042486283968	0.0150557637078643	0.0139058293713258	0.0416373706869394	0.0544565981155826	0.0032013271592983	0.00436473589429474	0.000748079806052422	0.0138524828948136	0.0651465423628109	0.00731755138367977	0.00250300689447377	0.00320376865907849	0.0135319555164043	0.0745142972156139	0.00107694518383845	0.0485434340347081	0.00496745657382756	0.0174879606288846	0.0095392167051389
C[C>G]A	1.29472358901654e-05	2.53388603397171e-16	0.0217589147681066	0.00761477297048043	0.00773701340925184	2.71318421486512e-05	2.16642331455853e-16	0.000424221057307769	0.00032279327418917	0.0019110437123748	0.00575999818642213	0.00123731002470559	5.43575379923012e-05	2.24843662655313e-05	0.000132722502113029	9.97298755892059e-05	0.000258646216371944	0.00190142013979487	0.00646054431513904	8.77082151323348e-05	5.79152644280335e-05	0.00548806958955096	0.000623705295875215	0.000258115456235685	0.00059875256833572	0.00174223040307292	7.6004018630757e-05	2.4859698833506e-05	0.00137549958131478	0.00505919619090829	0.00015904875498546	0.00225147588564077	0.00810988842418878	0.00048015352584745	0.00661508716193492	2.51042001234124e-05	0.00290279836213438	0.00124714394081955	0.0021279233823706	0.00115830575520375	0.00179606510660521	0.000223574505229633	0.00395709894142909	0.00128682478063273	0.000628647534078134	0.00159336312056614	0.0297671418281801	0.00443240046468398	0.00898174073096653	0.00806960081216722	0.00305841681210058	0.00427751401483802	2.24487685916249e-05	5.49524448328117e-05	0.00129200419851769	0.000572920433149364	0.00140698256725114	5.39107529493631e-05	0.000126239896217056	7.01463821467606e-05	0.00341145590265037	0.00113838087908448	0.00231433338648711	0.00117289105342847	0.00329675943718862	0.000250189767827428	0.0012170720869985	0.000996132828107051	0.0019589004649942	5.21370463179442e-05	7.06752407390719e-06	0.00209791262742639	0.0215310940775011	0.00443734993797424	0.00821387329931715	0.0172142395275344	0.000660387414708513	5.44258668894469e-05	0.00283358256289331	0.00457370239150326	0.00940045261274342	0.0043372933470534	0.00283992310959208	0.00297145827172315	0.00622142970909883	0.100195329094028	0.0114149229900958	0.0011192075171019	0.00154770135013123	0.0123078873215837	0.00338718285779432	0.000142603288549567	0.000322405728285142	4.33991767981276e-05	0.000287549667940575	0.00504787124555613	0.0121720397601524
C[C>G]C	4.6058747143205e-05	0.000445238372367281	0.01774556825684	0.00745835131567764	0.0112554348718905	2.74139288983366e-05	0.000142161611710637	0.000992633989214437	0.00395327703653489	0.000462225158423418	0.00702159594097591	0.00238198250418208	2.96100624520668e-16	1.86360265157939e-16	0.000279085806811112	0.000170134772704676	0.000195807397471559	0.0014113731935431	0.000833051445041365	9.00093419906372e-05	1.31469971820647e-05	0.00783498186466963	0.000295878571156932	6.9217862468565e-05	0.00246425859231747	0.00198884935532737	4.83253723274116e-06	0.000384558561910159	0.00114027635047822	0.00461400486493315	0.000260203137253897	0.00502676031552926	0.00578403745777876	0.000474161594246141	0.00196714220848248	0.000146933806676069	0.00624454964510086	0.000869313955403648	0.00215529128473496	0.000926496277461511	0.000548031132960114	0.000247483733738157	0.00720976408126048	0.00158711795745772	0.000496958312943032	0.00132614006490659	0.0434987616134341	0.00536565982477405	0.0172746432356623	0.0105261708833444	0.00196972408878718	0.00742045916861936	0.000254252455347038	2.84978737846969e-05	0.000806879554902574	0.000383739446068912	0.000389377427450391	7.39057394513116e-05	0.0001670223555697	0.000344978210724808	0.000160348877904904	0.000899254635204213	0.00572750262907555	0.00102312984807365	0.00358011429459239	0.000308044318363025	0.00439112663514138	0.00179265772351532	0.00181880485306915	0.000175547368432279	0.00381272820936532	0.000402166320987761	0.0669676290399251	0.00244480536937988	0.00229233924961856	0.0132283135568484	0.000167589176073292	0.000184885162244515	0.00520142316266632	0.00484931889877844	0.0172029362435827	0.0044244502176035	0.00130997626569128	0.00348349705810522	0.00782988283386474	0.0210376656425126	0.0076958639008416	0.00272727917077189	0.00198340426936797	0.00564488887738479	0.0019224194887872	0.00061593793562847	0.00033818391107792	0.000238326239352081	0.00038896688827107	0.00624570379596645	0.00357027427027124
C[C>G]G	0.000433860029780178	0.000126935076141526	0.00387919476881258	0.00758480846333479	0.00634941814718238	0.000127654317003738	0.000172930123205619	0.00168063821862446	0.000941737029666187	0.00438370270012047	2.77478705110665e-05	0.00138892627267579	5.48415987981473e-05	3.82941918956135e-16	0.000497892713662071	8.12029282386196e-05	2.54235131368332e-05	0.000563106529318466	0.00128913077081397	4.4944649462021e-05	7.97739240119384e-05	0.00517743346408203	0.000600222221692718	6.80638826619992e-16	0.00802122068580681	0.000108657367760726	0.000426419599840732	2.92362375874753e-05	0.000724792468668929	0.00192303910739209	3.89755694198214e-18	0.0018699461352131	0.00212902087041982	0.000126161489198714	0.0011581167309375	8.87784058926345e-16	0.00263108559778214	0.00027031211998315	0.00203343600206913	0.00124070887486999	0.000873430413132532	0.000818839916712926	0.00204587532081781	0.000997430486500363	0.00104727491754309	0.00206971324181352	0.0291621965179587	0.00234909683686389	0.003131020927614	0.0068952692348073	0.00138626387155211	0.00108255512415016	0.00625954964083994	1.80615043959774e-17	0.00133262869870511	0.00026284200968175	0.00226191352305681	4.51612662133804e-05	0.000319073767389223	0.00348306172829197	0.00557392668048193	0.00125696874320257	0.00316185985951272	0.00103333136141163	0.000679070802966503	0.000187400770070291	0.00239882167897042	0.000147121189130766	0.00149062640100328	0.000856084386304416	5.00933937595484e-06	0.000158060015233359	0.0073463083825391	0.129361227071402	4.08156841918356e-18	0.0106743309037255	6.88740388165842e-05	0.000100403535234564	0.00431874175488649	0.00240895347689769	0.00432097465445814	0.00319482045237925	0.00354412869060812	0.00177971374076756	0.155144330082781	0.00163517306864162	0.00634199392162826	0.000323324203778123	0.00107803649601719	0.00221098126625126	0.00257861538383103	0.00160436528787861	0.000154414735930533	5.92395920272329e-05	0.000384751481683427	0.00643573895654505	0.00405031685632899
C[C>G]T	1.2228413110225e-16	7.37640156491334e-05	0.0256619713821827	0.00676993974099698	0.0108133990818113	9.70298081774697e-06	9.48976846387044e-05	0.000841438779660283	0.00678154985164865	3.28111671692587e-16	0.00645550009039297	0.00428523787201265	3.65439337143296e-05	1.70399241891564e-16	0.000292904486821867	0.000287576672634109	9.74719383958159e-06	0.00225945065595809	0.00752300635455704	0.000186461704011726	5.97514839985438e-05	0.0151799915364779	4.48920210364301e-05	0.000262104610576914	0.00377860406873494	0.00323514183103018	1.01891231328693e-05	0.000222823441402191	0.000427896447285951	0.00480697981088573	0.000211793057042147	0.00414718014248332	0.00022534323109001	0.000841518917341664	0.000382573459860787	3.95040926876937e-16	0.00602493412160253	0.00102239361522233	0.0036235437223182	0.000508904431146751	0.000809084142512706	0.000141202006186534	0.0169515662286034	0.00221385507387758	0.000843463611273077	0.00122218489825585	0.0424107481480906	0.00715741147112493	0.0285758707449848	0.0121120232799565	0.00754929621876161	0.00701040609485439	0.000935390903704112	9.04151469757027e-05	0.00176143473046006	0.00175436836384143	0.000205804583864536	0.000135705605110433	0.000113941705999096	0.000558827111287569	0.00318889753819349	0.00118165858697386	0.000441190015823423	0.00140908132848939	0.00378855120555923	0.000962656284224249	0.00401504392067589	0.00160070676437409	0.00332606178931129	0.00016503419048522	0.0134838343678025	0.000846937658519703	0.0416724752377645	0.0064338541215772	0.0052400235366996	0.0180358245473524	0.000582150850781489	8.4207730157721e-05	0.006440930431658	0.00836360727565002	0.00892288735985747	0.00356181053755563	0.00188822428196637	0.00375903816831789	0.00609471329017627	0.0461833435279284	0.00707670104437479	0.00109345984552269	0.00163766091325812	0.0237492997495895	0.00421354152510181	0.000100055875666514	0.000386758060178634	6.10533176756739e-05	0.000787652178923409	0.00780597013980752	0.00346357119628441
C[C>T]A	0.00107465012651749	0.00490883605493807	0.0181512196158173	0.012350909175652	0.021565814350294	0.00898285782880983	0.0486060658405098	0.0991084773976077	0.00424646203914841	0.0515402797350856	0.00307583887947924	0.0100314930414663	4.37714966765139e-05	0.000113548305597383	0.00452979339250101	0.00110800013847991	0.00403329152606351	0.00935101035000563	2.22270936496108e-05	0.00280173788843525	0.00748348001985541	0.0110843541871194	0.000925971239199867	0.000608034362717962	0.0114280671178404	0.117132982284193	0.010481295149499	0.00170350392204092	0.00158509887786147	0.00593133934074096	0.0568553464157683	0.00464097335750196	0.0161071400724266	0.00222928488661215	0.0243345706685017	0.000508996374238203	0.00671437563129565	0.108020309104593	0.042766075298722	0.0170220605041634	0.005495958795345	0.00892418453829804	0.00522829190009028	0.00700489163645386	0.0051344283821481	0.00399754867121054	0.0094159254557548	0.0273177718442723	0.0157053479360442	0.0251760362269491	0.0101604113033166	0.0187768829421046	8.18467065397997e-06	0.00366100569147877	0.00193348923030312	0.0325418806028868	0.00127158189990794	9.87098293439515e-06	0.000274688571129986	0.00410613931038109	0.00386631573182374	0.00315466553378085	0.0124225263206591	0.00349791434803422	0.00812976464659181	0.000365473156009449	0.0204215854224582	0.0101495128384616	0.00270290615656641	0.00168329490631119	0.017895257825141	0.00280591110971845	0.00359487498518586	0.00549820289333485	1.77933044225235e-18	0.0105394137926105	0.00120070545384354	0.0300113443081781	0.0430487949402809	0.0117812297264621	0.0139614712194784	0.0147340370044617	0.00574728538956144	0.367319355868087	0.00219222946955037	0.0420170127603934	0.00971608604327727	0.00130224344048201	0.0389537973681827	0.00748058967267439	0.00789187988786156	0.0113965594963677	0.000510331460677517	0.0019708994558659	0.00112320404845238	0.0100173528475011	0.0190013169840285
C[C>T]C	0.000161954069642268	0.000215642715291059	0.0254227291615927	0.0124848677201948	0.0235780897269687	0.0109125993002735	0.0600117753571453	0.188186858990029	0.0104429488021741	0.00420204851117945	0.00516974738065057	0.0135494606274776	2.96100624520668e-16	7.08504791861715e-05	0.00893231345138967	0.00300171303303866	0.139388385521823	0.000402343762351303	0.00173552566514659	0.00158101065659437	0.00858605561336555	0.00490117769489719	0.00216557608832874	8.74878132918129e-05	0.00737096725305878	0.101090640700718	0.0143497173024785	0.00726858464426905	0.00463373557375896	0.00716115740843144	0.192856205060781	0.0085223804525502	0.00746895233994024	0.00416731391190561	0.0111471407432797	0.000408641404725757	0.00161530906746941	0.112912192566521	0.190036451229332	0.0319326265598873	0.00204509315751653	0.0010780261352685	0.095214656682908	0.00773864589306568	0.00333422652791959	0.00497828744492471	0.00445371947144127	0.0358538191257228	0.014134429090324	0.0304229264016688	0.00303665701279675	0.0539160218945573	5.21586540951186e-18	0.00327407951737851	5.11464768197024e-05	0.0170124487757236	0.00757395442882843	0.000182341026009185	0.000321648271093983	0.00507320336387433	0.00628034597648866	0.00196005290940214	0.00436923909494828	0.000261865197225641	0.00500715231694049	0.000726984865208762	0.0185131125129589	0.013893101560598	0.000429994933146002	0.00232415586382302	0.0450123827553042	0.000706775560271296	0.00548330934534993	0.00589039024133335	1.98631211472685e-18	0.0143999450509833	0.000670189115117049	0.000247770475103828	0.0456330738316412	0.00603288664198307	0.0204793263170031	0.0178225068975878	0.00312283256363785	0.0424200313732822	0.00111297334112936	0.0203034757719208	0.00759318344620675	0.00852503343252896	0.058489709757421	0.0064172549701999	0.00945603788617909	0.0417034959753274	0.000516059767960343	0.00603350334544096	0.00113406619881279	0.00922048714497039	0.0252092852212453
C[C>T]G	0.241581510660439	0.00722012968620343	0.00579293085476004	0.00738403308489442	0.0446244272796715	0.184844235421604	0.0149628190230235	0.0469558555397383	0.0321340814501372	0.00876740872173886	0.0039373963989769	0.0206908578622821	6.08441618506808e-16	0.00638227561782833	0.0261666803868872	0.00165750857100474	0.00209133365072276	0.00013310980071508	0.00525689996990013	0.0273082184132513	0.0394186715916772	0.00245041684366409	0.00491561948958747	0.00165722735075332	0.0376414787327077	0.0354488675998693	0.0374251474150619	0.0180040456250219	0.00129188856948656	0.00608051895964467	0.0297741750819754	0.0125652457007021	0.0299716632163096	0.0101063854377776	0.0240605844477346	0.0101962838963421	0.0309658436114872	0.0378436044248346	0.0195247959106865	0.0258769988887426	0.0161502249608239	0.040726511420135	0.00627872259674018	0.0126880638307909	0.0106684932656118	0.00756948717005485	0.0179477906280575	0.0165279077073698	0.00853057545787375	0.0209348983939793	0.0340663087032305	0.00442235358253228	0.000239487568042437	0.0364614926727757	0.00455954170099775	0.021815886803585	0.00513150611239047	2.32648947159839e-05	0.00185008873277675	0.00264908851085444	0.0568375897384666	0.00526687480923214	0.02673918166782	0.0673808001561459	0.000169477736935266	0.0223654377602762	0.0201211871064379	0.0229939679628303	0.00237635964482231	0.0103136702198416	2.27697244361583e-18	9.4757372316516e-05	0.0137680413179054	0.281184084204548	4.08156841918356e-18	0.00597431915879117	0.00089513888760637	0.00240022171842272	0.0291977489242562	0.0225021663147483	0.044144014820457	0.0131198565933467	0.0187419478504884	0.0919169900962254	0.105743192216226	0.00046055181080545	0.00668112504804411	0.00169978429913815	0.0987751210363421	0.0272230390429052	0.0229920891941323	0.0526050109492675	0.00860417282630629	0.00956080355479921	0.0159310858376013	0.0237860138673864	0.0418321574630821
C[C>T]T	0.000107497621706828	0.00168177548396063	0.0264675039717201	0.0158825564373783	0.026210863547262	0.00930379075345125	0.0561619411601747	0.119124967037501	0.0329480981801425	0.000203930271839886	0.0170500461744803	0.0156983940502201	0.00012506038285866	0.000456694530322247	0.0120930124269258	0.00316611070379927	0.0658493305472324	0.00489547786941907	0.00170443099863159	0.00142465231580132	0.0110334070957194	0.0304546601611869	0.00200312802174397	0.000184695695031043	0.00663000399580957	0.259213231132593	0.0118086489459963	0.00041859898783817	0.00213948492486339	0.00669076578533455	0.145549509780351	0.00377736756970968	0.0156360306133271	0.0022216116111312	0.0102067073944806	0.0059071039224271	0.000606096137234948	0.0463084169253703	0.1536297787545	0.0440022024132464	0.00329989159426246	6.7723244815009e-05	0.0491804699354146	0.00609074919960696	0.00879757071578714	0.00394563650554536	0.00737440634087742	0.032483688296175	0.0136968336087465	0.0410808293712058	0.0116016016569356	0.0337196460325541	0.000815862921990265	0.00527555325115998	0.0025176526567175	0.00748530501905679	0.00450668541363344	0.000265318314539991	0.00030961058019228	0.0129883686021211	0.00496050741742462	0.00253071944732436	0.0138957587740475	0.00393059561924466	0.000822951476020387	0.000635928653390824	0.0447670386325326	0.0354716711738229	0.00232632057893977	0.00283723697077063	0.0427945624001379	0.00411201911330455	0.0024427803754484	0.00466075662050839	0.0073360329513796	0.0146785459969582	0.000735348862055716	0.00102236311604898	0.0544027895487861	0.00954383322724014	0.0261362087151855	0.00862835360771834	0.00845122065846627	0.166391694929813	0.000552028823019338	0.0135972631009701	0.0152418489721781	0.00387575130559686	0.0531046567549527	0.00520055020093468	0.007215363493272	0.0332969832644233	0.000329485306101958	0.00275271147653262	0.00155056038701917	0.019086349346215	0.0232055167058343
C[T>A]A	1.32119166843332e-05	0.00015792044220017	0.00511962043995653	0.00800930909955007	0.00225063321871424	2.51448495641364e-05	9.84081695872118e-05	0.000593311090667953	0.00310974508506554	0.00133309187050314	0.012518240381585	0.00379576958859114	1.51700074383033e-16	3.04925012846149e-05	0.000463682879688393	0.000849021000643458	0.00010428460536704	0.000443101800315967	0.000137654466322298	9.09774367726728e-05	0.000137910378570505	0.00283813847411809	0.000279950627877565	7.12286291390396e-05	0.000302777288509008	5.40694830606486e-05	8.14346186115958e-05	4.46742878894273e-06	0.0964151495243416	0.0964863394697556	0.000241523817829129	0.000651235503194326	0.0169424218958904	0.000712177928772664	0.2647523246185	0.000139571435618552	0.000983995258765435	0.00012018874776639	0.0122294451434179	0.000187217635406972	0.000510865824830668	0.0254659938784462	0.0308398805860691	0.000747834688250777	0.00127709148984335	0.000483679329599015	0.00292017536563315	0.0015483986007059	0.00245882919644025	0.00337597556285474	0.00304424226331406	0.00723585372139742	0.000835632062448682	7.27078440599512e-06	0.000360162009710055	0.00275239620481179	0.0117840937044111	2.67382901425871e-05	2.47520409262921e-05	0.000118031003411718	0.00418286053617356	0.000673135811547613	0.00179564622854986	4.42181930592036e-18	4.73847464129457e-05	0.000834687897672557	0.00500888861532888	0.00177944941100325	3.78842327224318e-05	4.20369258513961e-05	7.75204633724832e-05	0.0097014483766713	0.00122920711282325	0.0031329193553326	1.01763951372872e-18	0.0201384793351508	0.113805156087376	0.000148730326221372	0.00473879345214484	0.00823371970041824	0.00697645033978963	0.00175312669000861	0.00650938675621343	0.00141361192729361	0.000783004222456574	0.00874790675903022	0.00210278086834945	0.0258097425969201	0.000287333768166029	0.00250730433554594	0.0394983049740328	0.000875333396568959	0.000179317758797036	0.000795307413270358	0.0100713152578452	0.0101006918867247	0.00139610022285239
C[T>A]C	0.000213361554508995	0.000280137178557654	0.0202761819652416	0.0119878491743021	0.00582931760181262	0.000367716635595487	0.000256357680815491	0.000896559259470498	0.0212152893289488	0.000118943381156912	0.0339876736195363	0.00438185067253984	2.67999936499859e-16	8.05373770074119e-05	0.00339698956442132	0.000758486120704327	0.000212269405780577	0.00802874103905625	0.000397940991810676	0.00305895563092639	0.00017082655678696	0.00890332747048496	0.0461525254976526	0.00301124293624172	0.00301991439378253	0.00040079625643305	0.00647396595065034	0.000877170716915483	0.0735441252086407	0.0316782375908339	4.12574921698526e-18	0.00162987585238997	0.0179814918219019	0.00193256109714195	0.00397069912860258	0.00237766943306487	0.00125697449654075	0.00077093886035472	0.0221294633816284	0.000661492585365281	0.00120013143438989	0.000776398547694717	0.0341813955597777	0.00153086405252783	0.00166697473879057	0.00192426775634672	0.00672537883626568	0.00738740693976522	0.0112542124232954	0.0158156236684759	0.00473925573381708	0.00174500457466217	1.31316064145553e-05	0.00336745501735766	0.000949396256245967	0.00382053776752405	0.000849089137985217	5.59260060940639e-05	3.03322636920698e-05	0.000578019222342278	0.00180205257400699	0.000225166105723673	0.00386861745876525	0.000767673378609559	1.24605067541083e-06	0.00120693788658081	0.00912588177114562	0.028267525404944	0.00156055464118963	0.000575129703637097	1.00293676786698e-18	0.00196741770362098	0.000520838361883772	0.0032543051299806	0.00622437160673091	0.0199686816691353	0.000697573583942922	0.000117524211146842	0.00467175789910904	0.0116517808186345	0.00907694203217756	0.00625993232041627	0.0451440804148621	0.00389391014531834	0.00154553455450322	0.000151126374923038	0.0018815340919667	0.0553052931352962	0.000950302154685102	0.000848663537213111	0.013818044391911	0.00560488528966479	0.00223212772691506	0.0016878452912002	0.00878565784653142	0.0224603105473405	0.0039214256508704
C[T>A]G	0.00019464616446428	0.00018929736428324	0.0166386572904392	0.035338083813295	0.00622681927206477	8.49253954802412e-05	0.00012173175415508	0.000914433254372733	0.00168362681852074	0.00194241739379003	0.0355488740812138	0.00822594760433798	2.96560200155115e-16	1.86649513575548e-16	0.0012121398479179	0.00137001195013764	0.000337931653611865	0.00223695253594028	0.000290990638560675	0.000363737632709638	6.35133534338198e-05	0.0017802978703903	0.0156365277110222	0.0010665845404247	0.00350555131011276	0.000323552006453899	0.000135980750891452	0.000176353152809366	0.24738837909163	0.096407490109634	0.00013490262556683	0.00485131192075095	0.0792131828033098	0.00168131164196727	0.00688005024404099	0.00157083494788671	0.00195321733227837	0.000644488813341538	0.0217024225282812	0.00158784794602555	0.000641254340292139	0.00245768067157219	0.0667078593649189	0.00248299559175701	0.00254430602371619	0.00187634414630995	0.007858107880142	0.00705504735846158	0.00739265553149293	0.0151559297746957	0.00512923133652106	0.016727558975957	0.000355545181793358	0.000667297223857302	0.00344466331368941	0.00550880231573005	9.57846514610189e-05	0.000188084595841311	0.000151598899904994	0.000616902323346904	0.0087258318396634	0.00132670757403536	0.00313931920022334	0.00222815266562117	0.0200596980341066	0.00218022518414231	0.0019767746995489	0.00120350595594086	0.00014636236043835	4.71536067647228e-07	0.000138922566335481	0.000342239422151722	0.00297616870337001	0.00202923167068827	1.98939505537182e-18	0.0460089449821643	0.000805476044889841	0.000225660222607761	0.0134697313228176	0.0113598291254071	0.00884027068017683	0.0121416888495017	0.0319388394756168	0.0046624418740168	0.00376252550352596	0.00432574832446436	0.00923597766694148	0.15269309328092	0.00135355084079693	0.00571924559808555	0.0108452675863474	0.00217340257189659	0.000385321478797825	0.00089467001060473	0.0245052483606356	0.0131077485366079	0.00617037312731156
C[T>A]T	0.000116694590310584	2.11654548262498e-16	0.0119598070052688	0.00958556581468178	0.00399275896237391	9.87571898641149e-05	0.000301255454738323	8.66530198179063e-05	0.0637422537659705	0.00139070616920243	0.0402225082000279	0.0051386680459417	0.000373598776627301	0.00014698068940922	0.00337326860806609	0.00215051137346943	0.000134097734723581	0.00177789076346285	0.000503093246539636	0.00118299917727649	0.000607728559537753	0.00843227795103822	0.0681134737828159	0.00865744104003864	0.00184389388847498	0.000179237728310027	8.42463289279374e-05	2.34003923379923e-16	0.0667710041518843	0.0338391759113512	0.000286320814451737	0.00345866520896915	0.0344353108496901	0.00070738310765517	0.00634329342375236	0.00149971570623094	0.00145923981923803	0.000502000791577836	0.0268784617071111	0.00055780143406134	0.00112018419103956	0.000420581338048303	0.0568588671078797	0.00169900343917942	0.00244733117124162	0.00185857664656855	0.00713987619042515	0.00873327936976615	0.010080598541705	0.0120746444629171	0.0110662006951402	0.006349189334286	0.000182169130859795	1.18179417035708e-05	0.00101128460255565	0.00344561965166749	9.34464125991669e-05	0.000164087534153722	5.17474019487473e-05	0.000186675898911144	0.003619461779856	0.000689794454526343	0.00611928628312632	5.773273379133e-05	0.00489871511129064	6.23999857398929e-06	0.0122497575729406	0.00136232464568635	0.0029185249153372	0.000122104244255399	8.2913992997031e-19	0.0151065754874735	0.00282605643727625	0.00558355652129524	1.48626803224583e-18	0.0185944555797418	0.163705687798632	0.000315166127097865	0.00633437942132887	0.027808111680558	0.0123306588896939	0.00538751706603206	0.0274816433771882	0.00340608730787653	0.00110200783958195	0.0177919792496258	0.00144688560716746	0.0147082521879358	0.00166071693595233	0.011793297217408	0.0294594025786173	0.00260468099536909	0.000298844697017689	0.00129498963379319	0.0119381564438678	0.0292672919340622	0.00426856798299996
C[T>C]A	6.85176144327047e-17	0.000196263460840314	0.00569348210468318	0.00288112639436093	0.00845576950846984	0.000627077058401947	0.000250746227465346	0.000810505324484965	0.00678408274918093	0.00844567424770328	0.00157466260966081	0.0108563775390265	8.29989882304615e-05	0.000567694680263296	0.00824594899010212	0.00181463783963695	0.00018589861974307	0.0368439659789543	3.12205870285206e-05	0.00185476679188505	0.000297220390717009	0.0094604624648233	0.00716002520457667	0.000492326805483674	0.00021563131742941	0.000254453240178486	0.00661656134904694	0.00829935681119468	0.00507686034871301	0.00762741012394734	3.58402079718115e-18	0.00111992783348842	0.00581711322529143	0.0392301229098863	0.00391929434175028	0.00131595953499269	0.000595443251155439	0.000713269960063613	0.0048383482552437	0.000341599825077697	0.0103405846801331	0.000638261733298025	0.000779791472307338	0.000890279532123833	0.0406716937286613	0.00105147713182811	0.00433888410272312	0.00384459294821932	0.00978809223394325	0.0166684624723443	0.00866179374621773	0.0020329304406115	0.00167126412489742	0.00856293179272826	0.000573572589501087	0.0146139131826913	0.00160768686221195	4.50019071414888e-05	4.04450352949443e-05	0.000513099730178547	0.00286159687691442	0.00131868450148769	0.00491491231213331	0.00676739383362713	0.00268073271722924	0.00236378001273661	0.00940636368146078	0.00281267861069054	0.0011849746102677	0.000556727802916883	0.00128850648129521	0.00704257087354207	0.000745184696732943	0.00192126765083642	1.01763951372872e-18	0.00312078118250382	0.00532200874670127	7.24874408084017e-05	0.0206909861183674	0.0228889120256877	0.00368029110325973	0.00199427895148535	0.00122285269457268	0.00181049615972644	0.00375615939070765	0.00644876395804406	0.00123748199816578	0.0182078914309451	0.00195856561921748	0.0016623901301083	0.0640997790351918	0.025460330067112	0.000808047337552667	0.00215712479714401	0.021878457268074	0.00378784700055716	0.00170850251461754
C[T>C]C	0.00135726109548603	3.27200022495069e-05	0.016517114016889	0.00231896094593055	0.0116810988552701	0.000687383493189722	0.000254393543726846	0.000786127079731745	0.00566796563212105	0.000130062319616845	0.00814772983377813	0.0214192713578465	4.95138896134268e-05	9.42129045950135e-05	0.0119049139724659	0.0027945458209396	0.000713905378981261	0.0712550763632455	0.000141955966770206	0.00553722818011376	0.00150523526669792	0.00495150006362213	0.197145357193976	0.00868420970738951	0.00242777383311354	8.09942683629117e-05	0.00482550139516695	0.00359537890594778	0.00178855085728058	0.00192117219045764	4.12574921698526e-18	0.00195236541685828	0.0122911463086417	0.0415833831019928	0.00808270552868364	0.00461443877551107	0.00164030703063377	0.00136923513734584	0.0103935062925603	0.000943389889486277	0.0364152690304304	7.67229772101434e-05	0.00209231585693928	0.00197125049264373	0.0313276371340752	0.0022100503794645	0.00826051960083845	0.00548516733857268	0.00723072618185669	0.0183872348158761	0.00779971619668283	0.00317550292367126	0.113976274922714	0.00331564870236358	0.0026199692435312	0.0965554090337904	0.00933849174361446	0.000246731799598601	0.000105111325764641	0.0191232613289454	0.0859905425892182	0.00127691820136644	0.00349894995964359	0.0178284852325277	0.0056422919053547	0.0032713723562412	0.00631472237860942	0.0120422187344295	0.00545242710093801	0.00312181551993338	3.25954449556768e-06	0.0107532073651644	0.00302656210020511	0.00121533647181124	0.00311218580336537	0.00475367075681497	0.00042461035021386	0.000120981852993543	0.00476549271383197	0.0114311726813626	0.0154171646260444	0.00810590791134759	0.0654709559325278	0.00512646107594201	0.00220127248137518	1.94382289146408e-05	0.000891361735530152	0.0396234511010086	0.00351577615682682	0.00150897126275507	0.0254308925106633	0.0323375925373638	0.0112294088869163	0.000753559760892548	0.00506252205000884	0.00909047846385762	0.00358918103790652
C[T>C]G	0.000216273916507506	2.83303214914822e-16	0.0127310944276847	0.00598029155856107	0.0258518656860306	0.00392872527449491	0.000113036861611694	0.000755987372100801	0.00380173639502927	0.00151346586067278	0.00162288325596307	0.0238567987182676	0.0013964687358711	2.12713184390152e-05	0.0196969130022802	0.00452769472521075	0.000145145071741742	0.0593347613153579	2.85853010135316e-16	0.00512904825702777	0.00107685961283329	0.0166103599822273	0.110086197632075	0.00583125553520911	0.00176915688893837	0.000548057727495076	0.0288545316615662	0.0203159032383223	0.00298927617925826	0.00497112432397475	0.000397553338326203	0.00407008696684514	0.0168753040420901	0.116069504939473	0.00885024563969591	0.00485283098803421	0.00385711131336318	0.00139437955440288	0.00517608547548736	0.00207208526289853	0.0535494724642118	0.00170357189137304	0.00178804590406239	0.00214651424078709	0.0158224017435411	0.00267747924493715	0.00897904374161689	0.00633203071369683	0.0117553475633686	0.034062110289531	0.00915699216430952	0.00399665153919912	0.0111107932358257	0.038753720682915	0.00157585802658681	0.0645682876076271	0.00510101984247846	1.94651820824295e-05	7.05721043382085e-05	0.00289322564086803	0.00392127109168496	0.00132670757403536	0.00807661109573886	0.223975750413898	0.00118979102500787	0.000659552672770209	0.012718786298727	0.0083179405582973	0.00172686009850755	0.000718139530006897	0.00402676895949592	0.00160969793941871	0.000632866739691945	0.000613102898221183	1.98939505537182e-18	0.0101034220013396	0.000436299161005187	0.000137889570106125	0.0185685601959901	0.00359996271447489	0.00805108168491238	0.0163375016106388	0.00977498345534855	0.00324679125503044	0.00949402184664626	6.3622139766175e-05	0.00390203763707037	0.0392357593770425	0.00418287718810951	0.0014967881909581	0.00353757299864249	0.0730390452786095	0.00665385428723186	0.00450649829959275	0.033503482100334	0.00430486459471686	0.0028120749619574
C[T>C]T	1.91165776333121e-05	0.000176541723092166	0.0148791304568473	0.00207958069958791	0.0138353750076579	0.000700679885490546	0.00147785673341919	0.00443324959807716	0.0564125474083651	0.0480095687610626	0.00621620583897606	0.0380770636277326	2.42423061777365e-06	0.000511919576237954	0.0193643763024819	0.00484012293990289	6.99291033009716e-05	0.0544034429036846	0.000107736914139954	0.00176592664340524	0.00101288093256299	0.0200153624767355	0.401332497949262	0.0203377624303235	0.00208865835468809	0.000321476941085329	0.00569900116856901	0.0228722813213625	0.000593520188465343	0.00300564105704298	3.59393722885088e-05	0.00261561535269768	0.00843006475119456	0.0611522559334752	0.00455595690616531	0.000534365507168926	0.00131184207355317	0.00336307984738119	0.0119652505163262	0.000917048699826196	0.00307050375610298	0.00249524224236961	0.00272306025629405	0.00187237147325891	0.059876438983294	0.00336276337787481	0.00741614744364625	0.00623058039112672	0.0119170863406871	0.0230977760793499	0.00966603814872155	0.00271748700633488	0.00848030083166018	0.00660430599946512	0.000454323453252684	0.0916917673971524	0.00669989261069966	3.06703130945209e-05	4.75664343358591e-05	0.00123259952404366	0.0066390122867562	0.00188565392370698	0.00385209433646384	0.0233223375462925	0.000640673214768834	0.000211031833546773	0.0278195423645993	0.0295519598264925	0.00959730575758567	0.00194256869904158	0.000761633015151917	0.0242153244120462	0.00151944670226286	0.00485230334442572	1.48626803224583e-18	0.00402108982732892	0.010355406292149	0.000111901564150446	0.0134280468852516	0.0168039255462749	0.0137530464869782	0.0048353289800502	0.0026194193479577	0.00331144341313758	0.0025264904321679	0.0112649940299238	0.000587952505880162	0.0160017682115624	0.00315572391593218	0.00233083450517209	0.00902153363996293	0.0283395896757791	0.00192701837186339	0.0039716472425311	0.102283982632472	0.0127521415618267	0.00306058072349302
C[T>G]A	1.09075126114844e-05	9.94311247757524e-05	0.00281772589717683	0.000483895868188595	0.00164664972781633	1.86887395409122e-05	4.68385438624777e-05	0.000190177160052104	0.00293947084817605	0.00122545095830854	0.000803803010129833	0.020603344084247	0.000105449918969749	9.76263231890366e-05	0.00744877173079685	0.00442782627130819	1.2564273909698e-16	0.000724706175362982	2.72686139869357e-05	2.84546501114149e-05	8.16364462893777e-05	0.00350125556822654	0.000199964549922322	0.00155992143694783	6.20079463793892e-05	0.000401946341611219	0.000544593799993074	3.13946934279497e-06	0.00369842483356557	0.00606556617666703	3.57879627706864e-18	0.000705504881871205	6.44298405178326e-19	0.00107128418712246	8.00191088543681e-19	0.014555312697293	0.000394102440644737	0.000111202762413768	0.00116951471221831	3.34720483775228e-05	0.000498539211831038	0.0011389857222111	0.00217520847029268	0.000283702355494609	0.00211492815196373	0.000530052430562934	0.003132981794407	0.000961855837803999	0.00330714366063736	0.00198759240083281	0.00291809942368257	0.000499618361877546	0.00167740839699278	0.000137241332845357	5.27065977499094e-05	6.55332429717102e-19	0.000115315364296363	4.15879672190978e-05	3.54311603380788e-05	0.000546735508352889	0.00190316773012292	0.00044305567423314	0.000725071274286203	0.00258823150702705	0.00105818410231696	0.00408225579773887	0.0001097409135343	0.000360912390547541	0.000544011115168718	0.00204576878024952	0.000509343222955547	0.00366289886778343	0.00236306018292233	0.00319413580855587	1.01763951372872e-18	0.00440582138052441	0.00997447436040833	0.000355441510641181	0.000624403320073302	0.00721748770127376	0.00130265501884273	0.000200336224474182	0.00385223458275972	0.000392570212136546	0.00238135137720877	0.023258971864766	0.000319146226267975	0.00340263636774802	0.000129795993304696	0.00850779418738601	0.0312828243773454	0.000514617995059572	0.00191870784756557	0.000265994281947805	0.00276979921423674	0.00259021416969417	0.000544791042273522
C[T>G]C	0.000115095930228656	0.000177955481708086	0.00801934366600919	0.000433330893413296	0.00517787170411492	0.000523212251107707	0.000168941310647564	0.000741204943905329	0.00883442663148075	7.28583072769276e-05	0.00226972454817958	0.0103736472184134	2.67999936499859e-16	0.000873750648218662	0.00279512596173519	0.000610337516780297	2.2196591686988e-16	0.00163442167882607	3.28141174877902e-06	0.00125468967492954	0.000109917466435372	0.00168694624111844	0.00118515081683131	0.0422111769997666	0.00196393080486111	0.00207857063522801	0.00159851002497194	6.936091068219e-05	0.00117457079168332	0.00344177892097252	0.000136687825232882	0.000767000606129537	0.00328901964975195	0.00658403473608621	0.000538375346590613	0.0389233175598242	5.07172697718627e-06	0.000213323034592394	0.00149976910985782	0.000457956405252918	0.00114810938136064	4.21596557936927e-16	0.000536544355106871	0.000593471901451923	0.0034201730768154	0.00134317737566377	0.00771747719885869	0.00293889323483897	0.0135066554644605	0.00433921770883758	0.00358044144360964	0.000763947040277743	0.00788064599666224	0.00262143455136776	0.000256519155386884	0.00208392969137674	7.65952772758806e-05	5.09085792715414e-05	1.57562537077483e-05	6.67691984515078e-05	0.00309614354074554	0.000755428613882251	0.00364509783531312	0.0198210799932286	0.000527973193865	4.87085802009952e-07	0.00117293257604123	0.00131830628586821	0.00249308157820646	0.0046547494773648	0.00215518374117653	0.00429183324772664	0.000168240254338627	0.000718267771240494	0.00414958107115383	0.00363051553470011	9.1010727083227e-05	4.86968480443997e-05	0.000497582275442254	0.00870965407524591	0.00212004099231594	0.000771526478719682	0.00778647745963099	0.000717265627008759	0.00378056858474751	0.00656799956165502	0.000407475521131269	0.00545276027549087	0.00161467217755931	0.00703268572551436	0.0207347529799117	6.11371438616687e-05	0.015179000035742	0.00249528771670859	0.00694035329903019	0.00394212159416118	0.00138422006688464
C[T>G]G	7.68975393625171e-05	0.000153724389750393	0.0134873969172501	0.00412096370446453	0.00761884274206729	0.000682357687521661	2.42218742931715e-16	0.00133592215254354	0.00208482352342998	4.1768378451182e-05	0.00605361245193883	0.0219978264841531	7.11478507098593e-05	0.000402719866919262	0.00924377216763945	0.00419919385917041	2.456204191473e-16	0.00094078956740444	2.85853010135316e-16	0.000499135533997916	0.000210723364737756	0.0038717173516572	2.44605087077973e-06	0.0203796432592347	0.00319977118792747	0.001463687543382	0.00299600769575339	2.83589482012648e-05	0.0118245761161492	0.0105374369847642	6.65918489658697e-05	0.00293200532470394	0.0148603423654227	0.00820008121217052	0.000630149603506042	0.0302083811752338	0.000327509537474656	8.62032998134547e-05	0.00174083554734293	0.00122748529160836	0.00143244857910427	0.000915852272546977	0.0072897249914811	0.00102916668872217	0.00599502006478218	0.00167606010801616	0.0113595884187506	0.00264245631350573	0.010374200840035	0.00716917075286041	0.00499771148841348	0.00637668007217031	0.0558542574662635	0.00397856198012642	0.000655597054870316	0.00204978690817854	0.00603894907440854	6.30993287212215e-05	7.3185450640274e-05	0.00437570361039681	0.00793622431822985	0.000858584516174381	0.00283490015550184	0.0256469640553446	0.141671610314992	0.00610188946546828	0.003355920515521	0.000980479236861996	0.00212698702828183	0.00880340511512727	0.000875281198587888	0.00214695957844362	0.00200691629020843	0.00143651359412927	0.00459179434552557	0.0112669950729447	0.000268491288342943	0.000393022344601213	0.00274859954991391	0.00386388554221664	0.00287283918040016	0.001350483917906	0.038642288641313	0.00209256235819623	0.00915820452807665	2.03435355260478e-05	0.00180019169390565	0.034588063057152	0.00139167098378638	0.00355189721671391	0.00198383341303782	0.000687666431385324	0.0206291053542583	0.00352386378640296	0.00735585423158545	0.00605075755230158	0.00465342392788898
C[T>G]T	7.67490204841502e-05	0.000192677772307496	0.00662027102100919	0.000974802945179596	0.00677840475007661	0.000717231687119554	2.15042776809835e-05	2.84793349048774e-06	0.00445017811210844	0.000188652163676718	0.000552337978181146	0.0653907011619975	0.00129169862721229	0.00328507748398512	0.0301923730897602	0.00604124106558309	0.000110092048930849	0.000407729403348679	5.33898721797564e-05	0.000824670060968001	0.00144118453909525	0.00327993667876301	0.00500252485284372	0.611244239038949	0.00337775240591841	0.00180882088498455	0.00422056465626732	0.0001949937828377	0.00131770306281478	0.0033058585885829	0.000188590139234935	0.00339381533083906	0.00804431443523091	0.0085943708897804	0.0016821994191064	0.147059549755594	0.000565270933153899	0.000217369786009158	0.000822827659032692	0.000568738123143401	0.000192031575606711	1.02834693890203e-06	0.00232059500660657	0.000927517378278067	0.0048827810043222	0.00541822331070032	0.00426493196848225	0.00396076241111275	0.0197661142617549	0.0089833466877667	0.0128962390218477	0.00291878215379344	5.61643966639003e-18	0.000328930141631606	0.00054941421548487	0.00191423313981524	0.000131539350871885	2.97642477150668e-05	4.53710604434234e-05	0.00042069155532568	0.002299657379396	0.000695435875186993	0.00193315398119136	0.000768163496261034	0.00110525496662741	6.9469934863132e-18	0.00590735997486256	0.000495676324556635	0.016677285905119	1.6643265811971e-05	8.2913992997031e-19	0.00251539184825519	0.00205234732770041	0.00168854354978123	1.48626803224583e-18	0.00389628739742732	0.0157974881090304	8.37159811145892e-05	0.000535526699528254	0.0432250080193333	0.00238826628764963	0.000983215993290875	0.00262779581053073	0.00126906004648671	0.0012657986573954	0.000692175483046871	0.000505816209027967	0.0072071808569102	0.000939276589052911	0.00495165614654056	0.0123767317008927	0.00518120840153156	0.0178827706267321	0.00298436466975435	0.00340775976233949	0.00806555121770302	0.00210752288431489
G[C>A]A	0.000863359497087327	9.96063645647808e-05	0.00817461022509818	0.0312521494501349	0.0115308650803084	0.000286814349795063	4.01108716957504e-05	0.000702689123280056	0.00167318792915023	0.000247345012362791	0.0283507995564829	0.0108778210642358	0.00146372770966317	0.000559008623616563	0.0103097136057097	0.00300296053210467	0.000166282567747338	0.00285716853027996	0.00111139892044514	0.00217083042332677	0.00161366275471809	0.0135360510086352	0.00204160553454165	0.00135033008140527	0.108270723119666	0.000814806182661483	0.0108600170222299	0.00274612767236067	0.00299308199763505	0.00415990357090077	0.000313262489325849	0.0545650752181362	0.0154637128401527	0.000665362355694452	0.0153601622492314	0.000276536973458073	0.0871240083198817	0.000941720864375024	0.013828373019619	0.00461954843150814	0.00536990931949042	0.00536882052150341	0.0102897392031252	0.0714469896546119	0.00295061531547262	0.011505534692334	0.00723153902056083	0.0113642587729438	0.00483197712622018	0.00444857330550656	0.00462050368527083	0.00787288466577069	0.0101606029542071	8.00720704188867e-18	0.00693701383541293	0.00838985417922083	0.0166131272182455	0.000414994494643252	0.00468346185709823	0.0154414613970253	0.00479610532292249	0.00808407643509961	0.000373799417612104	0.00547827976713487	0.000974998143153967	0.000270643714882175	0.00263428401076464	0.0034957856511914	0.0986469861778901	0.000582244175561404	0.00272902043489901	0.0025095509250242	0.0049972247138023	0.00473737897233872	0.0156619895776651	0.00769671959417968	0.00192315571059148	0.00293800635391921	0.0106904091271531	0.00308726324167467	0.0144425512627689	0.0649875100843893	0.00744596504329011	0.00273212352465201	0.000923960479692935	1.0383311223193e-05	0.0446100463522449	0.00647842129099567	0.0146488612536915	0.00606810700115896	0.00496366803494513	0.00240595573133316	0.00159976501165826	0.00828770221487369	0.0101889997256611	0.0179795095534807	0.00981138520608297
G[C>A]C	0.000220245660710542	3.06378201721008e-16	0.0148585769263987	0.0409209057204342	0.0102824434574609	0.000729150657705647	0.000162207702236552	0.000240788414703501	0.00140582866957273	3.88675569498968e-16	0.0364942486343557	0.0111911390234718	0.000634287910932948	0.00231853842074583	0.0108260313722018	0.0369575977302856	0.000485278635720583	0.000715451783327181	0.00062799102573629	0.0277960881194008	0.002086170748802	0.00794421486087951	0.00174556106500208	4.47256813641875e-06	0.020431667749952	0.000323722219245107	0.00675504634670686	0.0107869692592694	0.00272284293710822	0.00441908059637302	0.000597928361806921	0.133508070145865	0.00881165405292062	0.00106224324610158	0.0209684781541853	0.0021498218816142	0.0963339888808774	0.000586556931903616	0.0269843168840034	0.00440864093993517	0.00140144741527335	0.00106314284201177	0.0622248842326042	0.0240918237694738	0.00108169900562202	0.00715909946189268	0.00868560889752068	0.0146426041917967	0.00635759340721091	0.00840433236376109	0.00128541151126869	0.0325377469341648	0.00219531188784647	0.00579055106524879	0.00625969789613206	0.00415639053258607	0.00619271240682082	0.000227024674813037	0.00175253104261764	0.00980036841724998	0.00474722186308588	0.0085386151202006	0.00353904672010469	0.011458316065411	0.000260322956208039	0.0108844539776235	0.00124621208006448	0.00163829221202484	0.146895835029467	0.00115959202823855	0.0122768015994584	0.00104509961770145	0.00445278156650246	0.00370021117321354	2.15143086096195e-18	0.00813072577153891	0.00097996595656557	0.00581791729545382	0.0111261115595198	0.00278345276523167	0.0376373108829552	0.0534538182103689	0.00606499049582462	0.00296377489580379	0.00307286995189641	4.09181500467155e-05	0.0482382233999149	0.00863919785800763	0.00603437272551333	0.00707249945763582	0.0084985459122944	0.00472497325677978	0.00850732761686236	0.0600240151812349	0.00166479559993423	0.0134797264132535	0.0132243908276974
G[C>A]G	0.00069647451073502	3.48760414075243e-05	0.00355996773273126	0.032856159737728	0.0057439432037363	0.000520683980530707	9.11711761439184e-05	0.000149141736122068	7.68076649800488e-16	5.81922355658676e-05	0.00697000398779141	0.000523183194183628	2.7578017742322e-05	0.000141474845157835	0.002372757275903	0.0002353139283437	3.03733041069918e-05	0.00140059078706776	0.000417043013992807	0.00251546226553631	0.00061814706934754	0.00464258931975747	0.000263990697798906	0.000271483553685567	0.016305678435439	0.000445569812663625	0.00342798476160967	0.00470897309675423	0.00151280793972297	0.00171825792087924	0.000240192704652235	0.12552850256973	0.00163658452157173	0.000375748615121088	0.00503375549002476	0.000152058660859623	0.0448104207995123	4.81474125358419e-16	0.00222791500382	0.00195054057198185	0.000904248174221123	0.000941738126962839	0.00114769877892383	0.0110681473839992	0.00158915170335134	0.00285219183969726	0.01033886894187	0.00860251067416421	0.00221502171939893	0.00315728512483477	0.000714308452494284	0.00235026973260366	0.000419897125253724	0.00136999060673758	0.0041696959820557	0.00101207912715698	0.00254461912303932	0.000885525309360607	0.00881442574213292	0.00057613361245025	0.0113127663646994	0.00860631151002363	0.0954445092150367	0.0129267263176495	0.000191119165135734	2.65179246058907e-05	1.9873548906573e-17	0.00756292075983006	0.0251631215564559	0.000953700007457312	0.00167372445193524	0.0013712088875701	0.000499774941673152	0.0120028846261934	0.00226719138207048	0.00413974411072373	0.00052955397431047	0.000106968258735018	0.0115702496515195	0.000884009777024262	0.00398303526980228	0.0334386426959864	0.00180119281972441	0.000975512567510695	0.0281548594319222	0.000154059688366517	0.0305424669792146	0.000919158047035567	0.00624716612251407	0.000968336229258414	0.00180431021290823	0.000903699129850708	0.00328241008615165	0.0210583784840731	0.00157123930440721	0.00444231306187234	0.00666170085522732
G[C>A]T	1.33528840369239e-16	6.48428913788959e-05	0.012565799841354	0.0229795369515481	0.00845003836751801	0.000905504643225909	2.41464626257865e-16	0.00015175876762128	0.000633979662869576	0.000119427791209989	0.0345394020510696	0.013219377360826	0.0147167027211894	0.0023467760176831	0.016185415310125	0.0134549118601801	2.4485571179528e-16	4.34869694658374e-05	7.89424648430954e-05	0.144127089520822	0.0140559888356077	0.00999377189859616	5.90754970054005e-05	0.000791886146417425	0.0678242763459609	0.000299505529053517	0.0027442187147652	0.0125172648681144	0.000806458268489203	0.00358947618142555	3.14613771110533e-05	0.0523041157357716	0.0131820179545402	0.0012011880464528	0.0115505536285284	0.000306972132382145	0.0831958312213286	0.000943474527626758	0.00406087415302011	0.00367099102556409	0.00425727479140485	2.82814581144411e-05	0.0261658752820727	0.0798099326932033	0.00204495936661005	0.00955216928565834	0.00678531731342029	0.00777623465687791	0.00750599906219383	0.0087689134170323	0.00319578924674569	0.0202567923044389	0.00166442299256579	0.0129157885856384	0.0070390708276589	0.00306510774332074	0.00231291779215328	1.2029630443089e-05	0.00380422500915905	0.00243132415984498	0.00460282143523538	0.0045268685828353	0.00108111588575313	0.00778582267560608	0.000922372390814719	0.0214609863781778	0.00297884579787206	0.000489412083320269	0.523793045206567	0.000164164772101818	0.0112618477891835	0.00145757214614372	0.00946735016058883	0.000780349141111981	0.00686624758312724	0.00900185144034187	0.000869881600190138	0.00106616557232114	0.00859305956524804	0.00467900835246004	0.0129254712232965	0.0688523286352766	0.00175102817474523	0.00275930553390795	0.00234120885110622	2.67388605269652e-05	0.0312118918355328	0.00672347787308388	0.00676987842569783	0.00136734405212284	0.00795883471200675	0.00544379080864798	0.0173523649265604	0.0779517878640186	0.00634378745976866	0.014074168895843	0.00535646791574315
G[C>G]A	5.23933579939493e-06	7.55714181268754e-05	0.0145606664300961	0.00523176815903434	0.00529063221331795	1.30237724198557e-05	1.93638690945002e-05	4.81459771543044e-05	0.000290018837396717	0.000288569671929936	0.00302252357027372	0.0019162999743347	1.81439752985707e-05	1.31533240211305e-05	0.000208341064335491	0.000129476008344957	4.70967057256557e-05	0.000813860450349693	0.00175668999928238	2.31592633803488e-16	0.000700428505846556	0.00165073750595998	0.0010070391537822	8.1052388215009e-05	0.000630750977662453	0.0013112977170075	0.000672717217434077	0.000497896213177061	0.00187906430666771	0.00281068968317109	4.01319634854136e-18	0.00238612518873074	0.00477656930132744	0.000529874784462869	0.00201957644830047	0.000324399653351488	0.00203678187052271	0.00051430162982676	0.00193174990020004	0.000897277733480457	0.000938820793260374	6.38413272983673e-05	0.00352374058463104	0.000935037191950134	0.00190922261041609	0.0011505534692334	0.0252262967092513	0.00298231253082729	0.00298480523011712	0.00507998312272378	0.00305042986423623	0.00245070337407088	0.0148585163712469	0.000228387856583453	0.000305963788649641	0.000116525752489179	0.00251442012854609	4.3241692556784e-05	9.03410496148838e-05	0.0290342959928137	0.00415094322385485	0.00135388655408595	0.00119408075233429	0.00231164462482626	0.000970436482968626	0.000233227602084742	0.00528250583315626	0.00270476816191229	0.00137914211036184	0.000183570344600646	0.0112564390834324	0.00278186025205777	0.00573641135774862	0.00174586993349319	1.8094817946237e-18	0.00740164403432983	0.000854735871373993	3.13417130159498e-05	0.00280891252926093	0.00486332983162434	0.00323726626839424	0.00327186906986256	0.00267257272344992	0.00107566879136244	0.00348407728320473	0.0350758565715737	0.00930427654645381	0.00117170740137987	0.00151783149508696	0.00634419128200663	0.00102485913709731	0.000293989469343695	0.000466179596043738	6.65054997203743e-05	0.000392170640556426	0.00361277793033116	0.00697807481975865
G[C>G]C	0.000106549505930192	0.000358597137555094	0.0117641752484874	0.00676135676490817	0.00682808009985632	0.00054706274122931	3.89984482167837e-05	0.000506216576602426	0.000896169314497499	3.88675569498968e-16	0.00332905482572509	0.00474115570643941	0.00011951306565602	0.000123655309700239	0.00056552448792231	0.000479907750700978	0.000136596452982139	0.000495840482788352	0.000666979718648561	5.37072406263185e-05	0.000509394180871664	0.00577591013355814	0.00113870492421158	8.92904789824607e-05	0.00158256849422941	0.00153529788453462	0.00341936855512835	0.00216654779562789	0.00146372511043824	0.00413240653887239	0.000140364422697084	0.00603915464331366	0.00325500118093738	0.00092348135306953	0.0022828591294718	4.67958839858492e-16	0.00174958696167607	0.000303965442235343	0.0094256848479834	0.00109607095191749	0.0011234742307089	0.000438433387425964	0.0265261461348482	0.00135516468697214	0.00161308948149027	0.0012311825501999	0.0266192023322763	0.00410257384448441	0.00562026243379085	0.00890109840880561	0.00478251387362242	0.00172401513157133	0.01974482494086	0.00147553600951113	0.00110336707979294	0.0011083708086895	0.00405729347627354	0.000142382832414466	7.77332886803726e-05	0.0426665141512549	0.00164994848838891	0.00169139253862632	0.0871387386080995	0.000276103487557309	0.00191174437973675	0.000145797800704609	0.00425899508914361	0.00226023576106106	0.00195861174135071	0.000180767283379728	0.0189133553319062	0.010487642268857	0.134156434955574	0.000950270232348771	0.00372434626627294	0.0061940289506049	0.000689606109696146	0.000187686484557035	0.00307314163414076	0.0076365792513568	0.00851264539241775	0.00191623175996709	0.00239458260685004	0.00166830840423535	0.00285731449465717	0.0275426177660819	0.00777944989194828	0.00133181794218272	0.00312904117487165	0.0325389393339065	0.00828268490804377	0.00443950437615388	0.00249261424337061	0.000746032138224591	0.000452045582772537	0.00509458592421687	0.00722158736821104
G[C>G]G	0.00019695823319685	5.59522103156685e-16	0.00602456077846833	0.00708662252008716	0.00370656164001788	3.23609009277336e-16	9.67487069197816e-05	0.000689266000803904	0.00062281674826029	0.00174230111184651	0.00124137238623976	0.00159402493357637	5.85704567289315e-16	3.68631638791542e-16	8.72286392131275e-05	5.14833451473617e-05	7.07982052565852e-06	0.000298878584451493	0.000612847980701548	5.02871823757607e-16	1.54503495544537e-05	0.000277617401646916	5.90170973166883e-05	6.55203814630752e-16	0.00137821787861518	0.00129758888684545	0.00151093360824139	0.00032600713728912	0.00061981089700467	0.00144450848075362	3.69139323547e-18	0.00598117611055337	0.00103965349039389	0.000214934836462918	3.0894881045402e-18	8.54608169894591e-16	1.34021957781079e-05	0.00025370433202839	0.00104748736953766	0.00015258895218444	0.000123156407770621	9.21384656884955e-16	0.001337850042506	0.000394146315613243	0.00181213627812027	0.00212352915878613	0.0225035866631958	0.00156810624195566	0.00232203014005393	0.00417762139375117	0.000506509039666287	0.000494442680661327	0.0303654014522316	1.73865582088245e-17	0.00138657419351865	2.53019781789271e-18	0.00151117273692087	5.16174389554939e-05	4.73316547096731e-05	0.00661135639469963	0.000705727131418401	0.00215157894290447	0.00563648682380465	0.00364423596767551	0.0141633561033857	1.52227514080802e-05	0.00562919633980644	0.00473721303635155	0.000746575682407345	0.000493967483076633	0.00372174589409811	0.000101435613006652	0.00171147821220467	0.00790088352072501	0.00226719138207048	0.0051253980571406	0.000198900787892521	0.000115656036094208	0.00231981981246153	0.00272396800612224	0.00158942408396634	0.00189997949898046	0.00519835276185313	0.00116931887636284	0.0402611135563049	0.00658268642035622	0.0061475425159418	0.000271810089690182	0.000862576667918165	0.00192615669162505	0.000797871488974588	0.000201043833975443	0.00029111593669686	0.000214203965582714	9.65542664712593e-05	0.00155238501625834	0.00360593017255891
G[C>G]T	1.33528840369239e-16	0.000169711070631519	0.0184717245860779	0.00329517913724038	0.00832613751168939	0.000236314701775391	4.54776426135889e-05	0.000285967707358173	0.0022355182843248	0.00142323228507286	0.00624020473412417	0.0132348202952554	4.69307004626675e-05	9.4708817889305e-05	0.000207634465297801	0.000503490672488249	0.000205441662871752	0.000797101918209567	0.00346561399874862	9.18120955548064e-05	0.000348310768339531	0.0055654968623928	0.00098932477909466	3.30716942280862e-16	0.00133906714115667	0.000351068639427225	0.00332832967595662	0.000291131499777186	0.000665949255032497	0.00271261124441204	4.11339687795001e-18	0.00324977746716075	0.00249830670600142	0.000448423838746337	0.00710803480151643	4.31367147877587e-16	0.00315672073011067	0.00043671249053675	0.00388733270063421	0.000255958782739126	0.00124248347247449	5.6353423946553e-05	0.00998645291689086	0.0012144993102759	0.00201325481595108	0.000963623265107739	0.037325004506487	0.00383303750841713	0.00995788891346685	0.00666781529597429	0.00583436266399604	0.00310007206014152	0.0215536885058293	0.00211453189105669	0.000938542575575863	0.000766276935830121	0.0036416148632356	3.94741139665182e-05	0.000135493052541596	0.0170431031882185	0.00380233133106081	0.00109677078575446	0.000543403024585507	0.00571500242314166	8.52219251519277e-05	2.39262653608332e-06	0.000666038970381339	0.0015101871760879	0.00237228922629888	7.9331686290681e-05	0.0841472367947134	0.0060868925955762	0.0140857739147105	0.00328894413206245	0.0137324971494558	0.00711043359300454	0.000568769574383637	0.000144253663574648	0.00200206626582692	0.00856209448863616	0.00420641310024873	0.00249528175476651	0.00174383413288425	0.00203230503507048	0.00340205569448706	0.015591668543766	0.00583092253681248	0.000982663234153812	0.00151369358916031	0.0195327557728896	0.00557698062658038	0.000239478425996506	0.000509683578150516	0.000343745574784644	0.000623667130309261	0.00427798022842465	0.00304814520234358
G[C>T]A	0.00242615065539716	2.5768235844485e-16	0.0188027508289485	0.00404497806170382	0.0219312543226623	0.062870811287347	8.39759629098223e-05	0.000805361597300759	0.000250181181310079	0.0005373872039231	0.000323339877900601	0.00983512915644552	5.10450505066456e-05	0.000277592491456387	0.00442613706165487	0.00143313794753739	0.0198531302364948	0.00646470596703844	0.00840868936953764	0.0178467276140186	0.0519331807658078	0.0102188545223837	0.00188102947042872	8.26761422360108e-05	0.00961523466163974	0.0610604058431676	0.0424345070857485	0.011959769077344	0.00319441012488518	0.00416285063956475	0.0499174999267313	0.0262298349846257	0.0114546016795065	0.00368900570478623	0.0201957687515048	0.00576119197023099	0.00933151018331099	0.0496325668736022	0.00717808668571508	0.0231489587122185	0.00651451589354409	0.000445172838636031	0.00760002052763421	0.0039258903215075	0.00368827059042039	0.00227234307775649	0.00844029854573287	0.0333805597166662	0.013463522894266	0.017651328137653	0.00898680575403876	0.0343098462160889	0.000836883529827619	0.0995940196526565	0.000918809444790535	0.0146822448136365	0.00158647829757362	0.00019038975270386	0.000109360061651104	0.00263157340758071	0.00544126620439292	0.00174631741088428	0.0079432337330536	0.000234331312920463	0.00741226569194603	1.18383313478333e-05	0.00716413687139259	0.00865015615468012	0.00233687997979035	0.00139648410955319	0.0900203024852174	0.00154619007231131	0.00467845498838703	0.00125504414951593	0.00104413251787884	0.00777808789384121	0.000885263851970956	0.00942523164538427	0.015338248634951	0.00841862296611292	0.00581267442084806	0.0160848333437768	0.00608841972540654	0.00422308026977315	0.001120409120176	0.0877019900263625	0.00518430968561437	0.00598500366981486	0.0238823636233556	0.00901406593084336	0.00426479335630451	0.0341550991716257	0.00693669998813346	0.0132560792548536	0.00403043882004161	0.0143262555248697	0.0613048821037199
G[C>T]C	6.02807683417213e-05	1.77232233282556e-07	0.0182665067890466	0.00524446105694104	0.0290327828713275	0.0886480883361159	0.0137523552212159	0.0294546293770995	1.80165951735005e-05	0.000316844122357473	0.000341262863703692	0.0109398402541047	0.0179786941925398	0.0137293863527706	0.0131494986447512	0.00821643543620737	0.137795102950173	0.00312259180007403	0.00128243821693	0.0101257175579944	0.108078750457623	0.00988821007490469	3.02707435801471e-16	0.000252569783873318	0.00964894317485093	0.0472490980577334	0.0636050388546333	0.0299044683120895	0.00294318887524266	0.00349383285478057	0.170205047365317	0.0455804901947527	0.00946537856121795	0.00869253029212801	0.0339892261533418	0.000396240985765959	0.00849189995544951	0.0724291451794882	0.0143079636455644	0.0461567705137772	0.00744157126260667	5.04523722435839e-16	0.0220638035626367	0.00426625989700072	0.00397253513212444	0.00337435301939332	0.00562377514062172	0.033780404390647	0.00952980733764496	0.0254965417572776	0.0153609383069697	0.184542440442925	5.32477030938436e-18	0.100931671910346	0.00101924923458032	0.00623458579887927	0.0030429701072051	4.84623239579743e-06	8.3386400486971e-05	0.00204282144759412	0.00447222948322501	0.00142310232557285	0.0122426328839369	0.0164407394947485	0.0020473288856235	0.000750345489101218	0.0114843706957993	0.0047783511468798	0.00267600939340765	0.00192819060206705	0.133979155058093	0.00100385255742507	0.00414015076809132	0.0020761943794456	2.15143086096195e-18	0.0115088711752875	0.000762195482061046	0.000130282225981308	0.0192109159971629	0.00840176113926456	0.0207319899606178	0.0380706770112094	0.00374772700722666	0.00382422302044711	0.000431426359084717	0.0889040739340154	0.00552702667570132	0.0111043251109022	0.0385617316506825	0.0170910277907462	0.00881649187150006	0.128877604376727	0.0497179798788663	0.102093707090783	0.00566354835238829	0.0198012138868316	0.0905996062528661
G[C>T]G	0.2586567482589	5.59522103156685e-16	0.00131444912669434	0.00103507642446087	0.0301925219683586	0.259612609085526	1.18415268779866e-05	0.000359973731654624	0.000118671302198904	0.0005019112291309	0.00485865337113076	0.0145634458198565	0.0391375618766801	0.0209220440072297	0.0245309405479548	0.00551659946486215	0.00389507033355066	0.000233714280923285	0.000452643223470806	4.34916171898471e-05	0.423828111725992	0.00399399243308832	0.0040096838460176	0.00251193096181255	0.0319211702221786	0.006976977418418	0.0447603166561913	0.000120934311366706	6.51391765642866e-16	0.00914979332159487	0.0248265398398799	0.0483827620105052	0.0261157120913719	0.0194574362293983	0.0289363803882194	0.000827560976193198	0.0356535088416636	0.0113625095829534	0.00451542368218474	0.0231307079124905	0.0154409407658682	0.0692821828516733	0.00572717372257618	0.0130617885819994	0.0135674692126318	0.00932687398475778	0.0125070632264665	0.0225535285250475	0.00558494160124551	0.0140893071315166	0.055521288332875	0.0100884258133727	2.29115005250488e-05	0.112316647601685	0.00301255591903314	0.00379529672683884	0.0055897109942235	0.000363077784185111	0.00134216709558998	0.0129865957853238	0.0113127663646994	0.00602867965157052	0.0112541844632053	0.0437766795184014	0.029465723015696	0.00557875375926424	0.0255432273932619	0.020389408480613	6.74125876412009e-18	0.00821648785937507	0.0202177670558226	0.000440654470473377	0.0178631942009071	0.025646917274534	0.0249391052027801	0.00463257231604571	0.00072759802504282	0.00215721312731252	0.0154215291400341	0.0269495156456212	0.0382230597459078	0.0163906368448666	0.0269475089454454	0.00602164945220499	0.025341421721718	0.000419789618619426	0.00430598667954784	0.00344101895258676	0.120745159025755	0.0762898744501601	0.0311591899893884	0.0082120476939633	0.359056868976013	0.249195372689639	0.0159658148433176	0.029160061592217	0.0657973899214019
G[C>T]T	2.29933070411604e-05	6.38297212011006e-05	0.01419935349415	0.00412981314118099	0.0230455604233967	0.0547720177683098	0.0174444202682198	0.00556449847258077	0.00132384606040145	0.067934294457332	0.00591920644252978	0.0165242209288086	0.0178986917104744	0.0267364816707135	0.0139377628268358	0.00305870192379497	0.0768749047900144	0.00422274286956708	0.00163012210687317	0.0120105907934018	0.0596221065998068	0.0115789897839275	8.29570809012007e-05	3.30716942280862e-16	0.00728321647926281	0.119582860128078	0.0364793672067877	0.0113217958621203	0.00257598145541352	0.00615507156286198	0.109012149529321	0.0195178958307583	0.012328324901607	0.0073218108588694	0.0118311345036498	0.000198172399449163	0.00503501907157338	0.0193729695473831	0.00659458097842828	0.0597237739806741	0.00524485497041665	0.00108261840646632	0.00688996647823083	0.00419869692135464	0.00367775798974269	0.00336269966540079	0.00991877369405314	0.0284439788232671	0.011390820728049	0.0285610411012706	0.0137828621489881	0.0968073190439623	0.00222721459466226	0.0761231412218415	0.00200397049026979	0.0051085129055346	0.00662708203220399	6.65317149028181e-05	0.000200633717848423	0.0194267532503442	0.00793819909345049	0.00109677078575446	0.00293987543406393	0.000286906928374645	0.0066115894294105	0.00113456162796804	0.00944064863190624	0.00703355511411078	0.00310706947478988	0.0011034790808177	0.199632561369735	0.0079610460203085	0.00807098816556587	0.00105732749309254	0.00686624758312724	0.0114753838928949	0.00110408032538947	0.000137439256411857	0.0220802017575802	0.00680884395303327	0.00961425517183269	0.0106177005005238	0.00233346980284876	0.00500115651842629	0.000456914730191123	0.0681711486017225	0.00813504870485731	0.0065944519122374	0.0308057388926967	0.0115837352370465	0.00518055476342378	0.0376245231154689	0.0266158232220871	0.041189151828575	0.00207933975791143	0.0197131440542201	0.0261058336926413
G[T>A]A	3.12131938104562e-05	1.8130477388563e-16	0.00569517113485425	0.00641576279461014	0.00291912260424057	2.40896115872393e-05	0.000278924387642404	0.000348605810080395	0.00193966210924224	2.45546637841018e-05	0.0105507778221882	0.00262721153523004	2.81704466885832e-06	1.19449572306662e-16	0.0016393046780956	0.00135063398927854	1.09041031499836e-06	0.000838639363049751	5.52105832036018e-06	4.23518253789572e-05	0.000253350902830265	0.00103977903325107	5.21259531740799e-05	9.26352731810739e-05	0.00111822473044799	0.000133111673518621	3.93194260023175e-05	0.0010563728827605	0.0503121380982241	0.0432287086152693	4.09171661512371e-18	0.00096905535650514	0.0291751519788192	0.000739031573460106	0.110075148515776	0.000144681042414861	0.00216539592482916	0.000231169907497015	0.00141116538931214	0.00633485181114904	0.00069396548109729	0.0255417526777031	0.000525933453352052	0.000653435377659034	0.00117032049520897	0.000602423000359228	0.00366816197580404	0.00247010646903572	0.00476912793824674	0.00309168432658569	0.00245138340525827	0.00862154838148944	0.00475061193602872	0.000851162413643202	0.00019394205020657	0.00500122396969181	0.0168489537975098	5.04767813048941e-05	2.10624143388011e-05	0.000560061690389197	0.0174721829831571	0.000361708997595288	0.00270918870227641	0.0017304433663857	0.00194970229450914	0.000368562592948968	0.00326564997751283	0.00185818596745277	0.000171835072586117	8.63704899353485e-05	0.000780305155482886	0.0211429518569522	0.000914278333193181	0.00441204072700691	1.27314764427161e-18	0.00463962435543892	0.054361429636611	0.000160540646689876	0.00473213476211161	0.00559810614725757	0.00414698562564179	0.00348551559805456	0.00212598949010812	0.00216758435834483	0.000831725113414999	0.0074581327233418	0.00159183733370097	0.00723167730534376	0.000300547396202484	0.0017911089827838	0.0153240497824858	0.00322776152501884	8.04860067872168e-05	0.00183256720885665	0.0174004341404014	0.00623568777098504	0.000609659452288775
G[T>A]C	7.97242580463649e-05	0.000171210384852602	0.0096993993954345	0.00402680883409612	0.00372066382089856	0.000371490407777288	0.000250455657093438	0.000272728871951846	0.00409116644146638	0.000186500033657823	0.0178874921458941	0.00337851771093501	3.05078620136066e-16	0.000106382659930359	0.00954330787329627	0.00470755263539067	0.000427424747824908	0.00295403082657786	0.00017219161929318	0.00322248448872619	0.000469416432406282	0.00108108006199966	0.00441058680166263	0.000531011776891306	0.00219070986710144	8.81224496129184e-05	0.00291147096312381	0.00473140567312887	0.015396560961958	0.00849027274219372	0.000147188310438014	0.00233162088937275	0.00757881947934115	0.00174477722635616	3.78170416993982e-05	0.000236579825096265	0.000800684703087849	0.000205564522149378	0.00347422932746465	0.00952271039152929	0.000498542677850671	0.00522942117996423	0.00655583128838753	0.000753165165807742	0.00126616172682349	0.00121453289096824	0.0041845686216175	0.00470763501426819	0.00713164389801767	0.00476954503708897	0.00387286267818031	0.00212501992380865	0.00164344031741222	0.00278360492648951	0.000662997224050344	0.00131791572417885	0.000385947817226927	7.73948613982757e-05	6.11979906761853e-05	0.00129138249802131	0.00530052564388643	0.000442732607992673	0.00264231213985012	0.0107325338636777	0.000238601948815399	0.00334311626816688	0.000941110947746961	0.000903304479995285	0.00214475445250314	0.000140110603313714	7.48952844574397e-05	0.00198153609933012	0.000416087259209214	0.00256404424336497	0.0106283012178805	0.003236097260951	0.000379778909084229	0.000300030168962379	0.00260362097124841	0.0068100033408551	0.00175324829167188	0.00399114544694652	0.010114053252142	0.00195764572111657	0.00177308301320707	2.53267397377181e-05	0.000612319018039663	0.0122066583393763	0.00109963461158431	0.00220585759868158	0.00510423275253036	0.0195432356887903	0.00467163349998156	0.0016825731363716	0.00345844447899335	0.00789502180819169	0.00208012561738933
G[T>A]G	0.000128138212367362	7.02762788685504e-05	0.0126777966837161	0.0123501540078854	0.00442906236781685	0.000124857942789015	0.000273290019167322	0.000589028966877989	3.3719432500395e-16	0.00189468283137803	0.0174213903335993	0.00105842312267934	8.41729023292122e-05	1.61833453275401e-16	0.00225362179478076	0.000638513020504219	0.000114318423743482	0.00345265163014208	5.2472178137595e-05	0.000119385900507163	0.000125610841184928	0.00831744710273024	0.000759879948798518	0.000310837677417825	0.00173278168458298	0.000463740282064608	0.00204171178080068	0.000907651061901277	0.048103462638943	0.00601839442022706	4.14439145710469e-18	0.0020822459961771	0.0417110978826956	0.000777478327668389	0.00212853157228738	0.000121173852562853	0.00313045810739141	9.38798934088775e-05	0.005806091709975	0.0127909430909216	0.000959936180804782	0.0118930709416489	0.00111304703594488	0.00117703493851337	0.00148906840324197	0.00110590848117991	0.00668307508325586	0.00482099723680221	0.00780651693309958	0.00617648101272048	0.00203833303911956	0.00756325568199155	0.0046865942022304	0.00219700173805472	0.000902133881427658	0.00266588501203074	1.86932869755621e-05	7.52259598579661e-05	6.23221060449583e-05	0.000206281546152775	0.00497803551749739	0.00120642725366392	0.00326631522652431	0.00265637289363155	0.0135880086556248	0.000518361043060966	0.00326846718234101	0.0248103387788584	0.000461048155530684	0.000386477705977494	0.000324648789610629	0.00584917348285246	0.00301202491373374	0.00433014257679395	0.00497661312793941	0.0098796697177659	0.000290991930407715	9.45776736678873e-05	0.00683556934187563	0.00582552535365372	0.0022058962861665	0.00521080835100553	0.0100019755894708	0.00183447362678551	0.00274691935217762	0.000890750268931016	0.00379318722846781	0.0180040948076414	0.00107529393236832	0.00143354480673772	0.00352877978745983	0.00405882728184989	0.000382577254643753	0.00141322648842038	0.0139614525626493	0.00399119604960813	0.00172695716007376
G[T>A]T	9.62803725812935e-05	4.95589927704256e-05	0.0096308728522197	0.00372833481896789	0.00248599696659005	0.000113764784793979	0.000206596442331279	3.59694599256855e-05	0.0220919761306089	0.00880808540363016	0.0224822244218264	0.00246347224909822	0.000351939028673845	5.64034655240188e-05	0.0107190017367172	0.00582830823849288	0.000112873177696797	0.000901726666409503	0.000286331810570754	0.000610838066224884	0.000404240402894956	0.00103716729594664	0.00375989750489749	0.00145998837353423	0.00234716524714172	0.000193463416164157	0.00295296436529407	0.000821163139096589	0.00864868512394886	0.00481972595221703	3.66705567669e-18	0.000784835407626581	0.0158020839608692	0.000764057041543378	9.71710667670396e-19	0.000392244840650508	0.000655670220720308	0.000130264618827351	0.000568800128451643	0.00430910194990623	0.00146360512925037	0.00976016524877274	0.00203627444940756	0.000807227833547145	0.00165949108370204	0.00120483139839036	0.00293594963758571	0.00378063470519166	0.00561562806625832	0.00482132382736987	0.00461585633539923	0.00226644867424678	0.000977441176113952	0.00226485302343517	0.000320021457791912	0.000954962166327657	3.35322712032563e-06	8.70599531362111e-05	5.31735543041384e-05	0.000583721515515275	0.000121375043248073	0.000543384006905752	0.00183779940898125	0.00133361826826687	0.00398740603772344	0.00457398548272716	0.00754843582631517	0.00241355385899306	0.000987657723699595	0.000489932690445859	9.35901509713851e-05	0.013878701064911	0.00186078246172262	0.00316825342292126	0.0185400970068614	0.00300324839783723	0.0225154659283604	0.000414417922902391	0.00336313154464198	0.00488655868540163	0.00515175848588424	0.00189095943616765	0.00442424551785675	0.00358255033472349	0.00179742823855205	0.000917765274778965	0.0012263354726848	0.00355199356298119	0.000275112442569554	0.00134109444361386	0.00531349206355212	0.00792981702062044	0.000386932975963391	0.00140340274599761	0.00914326822647293	0.0102663300922892	0.00134579758647783
G[T>C]A	0.000403690383682593	1.8130477388563e-16	0.0080506814821772	0.00201797284758833	0.0112151584848773	0.00121459349277531	7.02531330345491e-05	0.000176291345193257	2.48883757287268e-16	0.000828721974836912	0.00214312675801184	0.00943813385197152	0.00187250150638266	0.00790938786619831	0.0109780463696981	0.00212386187318866	0.000573635128257452	0.0721879865034889	0.000236488352863421	0.00807755079440092	0.00639575297716509	0.0022786657022128	9.92620163415199e-05	5.66474692114481e-05	0.000494814087023318	0.000671897287146489	0.00195272220935772	0.201342872827063	0.000675513315313011	0.00627387645163931	0.000142580636944595	0.00228376092907496	0.0141040099478722	0.0788111396863585	0.00478326545194716	0.000612400252135847	0.000681815387239599	0.000656971409260911	0.00336451524650426	0.00658709275331469	0.0104523222878262	0.000146528860638443	0.000414438807454309	0.00173754334656827	0.0312424757288885	0.00114683025283088	0.00552442913059391	0.00380509177443163	0.010752894233332	0.00487269330900412	0.00637570211549552	0.00418145142114678	5.76407551854474e-18	0.0198115381287864	0.000422793009913274	0.0181191884803589	0.000439125454887727	6.09605190093023e-05	2.75399425580752e-05	0.00105585341696086	0.00101064587759761	0.00167048683790136	0.00341540434418198	0.00846654576685143	0.0020941251323578	0.000640596887744654	0.00378540745508537	0.00195693050939033	0.000478442486730502	0.000603008555452275	7.10247092523503e-19	0.0264797902158248	0.00322981672793965	0.00141234874641121	1.27314764427161e-18	0.00403225235527461	0.00457584969534558	0.000100528219671672	0.0245774380436921	0.0110448412769182	0.00303164718036826	0.00189962614244558	0.00173753857349369	0.00215914245082197	0.00235217446811806	0.00937929588287457	0.00236701524015878	0.0272354314801754	0.00537099168396814	0.00696518830946729	0.0424004350440655	0.00644949253532271	0.0101321192584286	0.00514711798272888	0.0704804453360739	0.0126074434116874	0.00288188629516978
G[T>C]C	0.0011742321707219	3.58093229593334e-05	0.00731345119989904	0.00131989845739059	0.0101519143429331	0.000843260933253636	8.27980289126704e-05	2.3656898318435e-16	0.000762363469299291	0.00386320855910654	0.00347149817145018	0.0155858032820475	0.00859211934000492	0.00460992535431161	0.00840785638691264	0.00384377783862648	0.000980227831422763	0.049614667022485	0.000241068796855309	0.00771979879686757	0.00924487730156963	0.00211593135898629	0.0193287518956347	0.00229544110002992	0.00253897678270582	0.000420020138373507	0.00257028348361383	0.0962245951419744	0.00187173937167155	0.00210423624259544	0.000439461460656467	0.00362145420714757	0.00524687492448797	0.0376265144323125	0.00315278101870568	0.00117688166531618	0.00364316430567802	0.000626858373284054	0.00784387897875713	0.00888554614844987	0.0109348938965029	0.00139595295692524	0.00239358514369115	0.00167104805147327	0.0297727954734065	0.00234231335509319	0.00819081698359406	0.00368896036944269	0.00479954577744941	0.00564067522646473	0.00632511202391613	0.00382272656061286	0.0270611559245494	0.00136821267093176	0.000592332982216596	0.0759119457127051	0.00184510311482808	8.05157829217584e-05	0.000101504021857001	0.00661680009747126	0.00312524466810937	0.00227469301887633	0.00653727709094343	0.00528866767807663	0.0040884860114455	3.85170173785638e-05	0.00360995718958125	0.00112552376279075	0.00344460540595198	0.000808822731558295	0.000988646297248395	0.0228810760586158	0.00800708517602818	0.00293805194441421	0.00708553414525375	0.00211128480863764	0.000207204728469297	0.000127698568867217	0.00363264746266948	0.00437742325499191	0.0013388168078782	0.00550802192100785	0.0187139170210104	0.00267363607133081	0.000532655609646667	5.99843835893322e-05	0.000294353905398525	0.0173935751027977	0.00572396381971101	0.00672310146914189	0.0106184300371816	0.00995949628577048	0.107460176567448	0.0011618835283764	0.00863649405678282	0.00876253477777382	0.00444646556995855
G[T>C]G	0.000609437178789257	0.000117864775356868	0.0119127573605149	0.00223434051499905	0.0161644622742585	0.00156872776942044	6.82782416558722e-05	0.000474994851465469	0.000352412117536335	0.00360691481701706	0.00313808319175167	0.00847543933242082	2.57130920813895e-16	0.00100597788596595	0.0148623321779047	0.0041812990582397	0.00053893190461167	0.0570856734806933	0.000217693669940997	0.0109436803650444	0.00399671010945785	0.00641417535854056	0.00390326710152944	0.00130268361831453	0.00376856405014014	0.000909349629278245	0.0038917150196334	0.143120208894241	0.000745283290611197	0.00232822140932119	4.14439145710469e-18	0.00223276956141333	0.014631641282571	0.0910468302037303	0.00166757531027549	0.00123524997105186	0.00255739620693563	0.000476931757478267	0.00516208805128065	0.00939304396434382	0.240274117266997	0.000801371204539348	0.000189814268645526	0.00185106399187707	0.013553275983016	0.00170913087348703	0.00575125190652138	0.00359780580091966	0.00741209640741191	0.00870180614200635	0.00500318174387403	0.00312458807436461	0.00124975817626326	0.0171982501813881	0.000794403157882771	0.0392107253852856	0.00442281172085938	2.45534067107967e-05	3.69721323552421e-05	0.00384576076764204	0.00529133857391454	0.000854786343122772	0.00211155746802796	0.121750429153953	0.00653311561020042	0.00196168653356625	0.00627120512033495	0.0134997435706214	0.000900185133295735	0.000536775187789993	0.000190438311598684	0.0107385229212341	0.0026370343777513	0.00251889066992046	0.000995322625587852	0.00785374189254592	0.000145532820918315	0.000115079686958791	0.0105560310442603	0.000272052881773179	0.000939034317337005	0.00692546566204709	0.00497866288346811	0.00266255664596832	0.00418243570258942	8.2463977452737e-07	0.00236083108464247	0.0233439861534393	0.00498694750750802	0.00439721837375698	0.00111933692343571	0.0274615965257704	0.0263955367346954	0.00510434044401292	0.0410921285018596	0.00612003133569241	0.00205503547307215
G[T>C]T	2.66029722028126e-05	9.86444919793502e-06	0.00798657775446474	0.000509944104642567	0.0105770686114217	0.00041560852162277	0.000547547807327209	0.00440654453750119	0.00769410185908642	0.319745547259362	0.00503249797201002	0.00948821592093123	0.0043703236806198	0.00600595170807616	0.0088411448621821	0.00183697761018837	0.000163115397836105	0.0456283507432628	1.7756565082996e-16	0.00798295153371088	0.00282005818623468	0.00257681459853348	0.00410455512862565	0.00135834313375191	0.00213686997934113	0.00161333641898052	0.000637290808826661	0.116557839292949	0.00077392746651088	0.00209882616411617	0.0005072337393622	0.00239045343594496	0.0111083956556605	0.0505706652729083	0.00364238941801567	0.0010302473389544	0.00094980239278594	0.000303496247883392	0.00338108122944444	0.00902393026598871	0.00807477884515227	2.89795354384828e-16	0.000299745605616668	0.00190995972387528	0.0395116812764504	0.00199713920925374	0.00539094847934567	0.00630965057947458	0.00599392351399847	0.00547330865384768	0.00397249552575458	0.0016667115445226	0.000386499400323436	0.00790561876193806	0.000872215001170329	0.048305169580074	0.00326063409181492	4.14571205410561e-05	7.10332842732027e-05	0.000868898456132986	0.00333364888794098	0.00208375446362754	0.00413061646729008	0.00389993317499492	0.00981275882223535	0.00219755686172056	0.00510209497791507	0.00176006517008003	0.000778352914312588	0.000535311122196837	0.00252488933166496	0.064389504580055	0.00602564165640481	0.00297944717147542	0.01640085518712	0.00314614795439384	0.00179289802474687	8.68329484135193e-05	0.0103502542699563	0.00552812267156111	0.00762913397461318	0.00204217449513553	0.00327628734220107	0.00275443931705955	0.00250104401023835	0.00268187687638729	0.000539601574332864	0.00969368751294297	0.00553124976472271	0.00853478408237437	0.000380831314852899	0.00169823998303835	0.00665691328523104	0.00240643494360679	0.0434941871868584	0.0156614337593786	0.00256776174161468
G[T>G]A	8.57209632971888e-17	0.00016992728955484	0.00356553237179074	0.000416119706573986	0.00200441116149491	2.05470216479394e-05	6.30475052563596e-05	0.000214068062020374	0.00278055624276542	7.74974198755619e-05	0.00107980609496817	0.00822862486457804	0.000173632080109248	0.000258803640236459	0.000305970966064608	0.000343321345228499	6.78320182966509e-05	0.000418304512366466	7.2268181297849e-05	5.71786342637914e-05	0.000100646099683933	0.000997745629347735	0.000399467968362519	0.000267510294899119	0.000608034679720308	0.000447931759643497	1.56994830440908e-16	0.000258224883752678	0.00148968890196442	0.00315953897472916	4.09171661512371e-18	0.000660439048089887	0.00447298608573712	0.0012930688520857	1.00110243912768e-18	0.0014468104241494	2.83416971286224e-05	0.000132097190393728	0.000225786343392445	0.000828791667115615	0.000497770371652029	0.000490670087270872	0.00129099480763214	0.000137369654607455	0.0120085086493177	0.00034000136979322	0.00246269743018563	0.00082849734293034	0.00303860226256161	0.00118040009914527	0.0018937730618303	0.000819047200395869	0.0469680229285026	5.63385429622167e-18	0.000284447995446985	8.19872781916697e-19	0.0231673121298561	2.96486233802669e-06	2.76235235673562e-05	0.00663351474027195	0.00187569065154577	0.000780020642237726	0.00266657204706526	0.000126255403482391	0.00454930695824093	5.89818112340915e-18	0.00137294575988436	0.00724423270546323	0.000828850574781854	0.0223453909487669	1.34236700486942e-05	0.00944315620686125	0.00101317025582733	0.00165562401405398	1.27314764427161e-18	0.0101897856924756	0.00887051382408009	5.90887077652728e-05	0.000463195482399309	0.0036230112970049	0.000935474004438473	0.000185244120264652	0.00456919121255594	0.000570594697878604	0.00225742486929603	0.0192290416604204	0.000157206432631745	0.00168746084056007	0.000616762572465412	0.00491200644595892	0.0103156065151876	0.000210840361337751	0.00486713738258732	0.000228902550173823	0.00406249217677695	0.00183231653054507	0.000594624991621065
G[T>G]C	1.37793335640464e-16	0.000173824204046799	0.00303430368345269	0.000282995191000796	0.00218636946176516	0.000161815040497773	0.000135291532290378	0.000341975383957659	0.00299177869004673	3.71391260331661e-05	0.000869198933247139	0.00932279597238363	0.00113968753669792	0.000814737497193986	0.000859262381331023	0.00220843301933159	2.52675640600144e-16	0.000347629221435735	2.94063875895044e-16	0.00247883503893644	0.000462243626038046	0.00160206300070983	0.000264635545337262	0.00956433664145917	4.15400055362347e-05	0.000795886172237871	7.55953694060245e-05	0.000773570335857948	0.000356233847303814	0.000765257837891477	9.1409564046252e-05	0.00151803385702755	1.29572559016264e-18	0.00183580894973188	8.17491795033798e-05	0.00386947352022267	9.30443525072981e-05	0.000398703759748095	0.00104107547147364	0.000857275527052299	0.000877269812223807	4.79925845615193e-16	0.00597806882840412	0.000373599024766957	0.0112220536281138	0.00101825617613861	0.00689502705901397	0.00130006487103325	0.00448848645596077	0.00104103467087059	0.00160664588981974	8.14029040580925e-05	0.0934165962023548	2.15792651500842e-05	0.00054037471455803	0.000131791572417885	0.0176046528115728	8.42605144639128e-05	2.93562260433593e-05	0.0117946314068355	0.00729682747399669	0.000622489580690517	0.00170282350941397	0.00182655998011605	0.0041271786375765	1.29659849710257e-06	0.000269564545247375	0.00388161366930667	0.00178729465458581	0.0366836482080168	0.00140364266680202	0.00157730517179608	0.000802108858398257	0.000934416144582815	0.00354276707262679	0.00163032325111538	0.000103602364234686	0.00131178291704062	0.000397963281507295	0.00421120650037974	0.000744189492006282	0.000466294649061848	0.00465477772785689	9.15624910732683e-05	0.00163525462046546	5.97177863289352e-06	0.000159579233071883	0.00185508714307893	0.000421832678156926	0.00400464686266713	0.00583112895549152	5.40458097386882e-05	0.0297527051986683	0.000675356382596038	0.00281947634142826	0.0017060492343171	0.000920490693126281
G[T>G]G	0.000181268563643157	4.0865986614784e-05	0.0119127573605149	0.0022909060857226	0.00571144295606562	0.000175441193886521	0.000306273589615802	0.00216396363184492	0.00915969701484949	0.00533318083524349	0.00443352085385081	0.00533240886092131	2.57130920813895e-16	0.00126111707280883	0.000717137739847516	0.000236739932828295	0.000124886035756275	0.000682276956887501	0.00047557767904745	0.000777001304923703	0.000233085206872419	0.00101158205264729	0.000912948496652805	0.00190888306632833	0.00552028309986157	0.000486640706727935	8.33557056885535e-05	0.000260552181941584	0.000577241143141081	0.00179182409794696	0.000139118719899114	0.00261744117344007	0.00948872850849599	0.00300505739049856	0.00642626533362774	0.00528909670336961	0.000658593846490591	0.00131370438468988	0.00256594981234557	0.00293898746293073	0.00629123545523063	0.000102946632235097	0.00401491962986791	0.00153919945757432	0.013553275983016	0.0019741835385291	0.00773513389640648	0.0018664295412765	0.00385971006742792	0.00326350594724104	0.00171048936326656	0.000399090540071967	0.250993118794844	0.000102394099714393	0.000156778316550184	0.00133294250601537	0.0388065973669907	3.48584767650069e-05	8.32846822826699e-05	0.0363844169787349	0.0884210515382827	0.00128124407061139	0.00390143187005394	7.49496316615603e-18	0.325025184997021	7.99101244828696e-18	0.00114396384580989	0.0284589189772602	0.00209069337198671	0.71069055144578	0.000204722123173639	0.00323436396829046	0.000447076859373799	0.0020577488978851	0.00497661312793941	0.052449923085728	0.000436488840629969	5.82434529968738e-05	0.00176053359012802	0.00113662913054592	0.0019566160646568	0.000398158851699079	0.0250530571922731	0.00204860701006143	0.00510135842768214	3.43787153958277e-05	0.000543765365225889	0.00538137594600946	0.000297404339984717	0.000602868510633954	0.000790378130719331	0.000208027365581034	0.0235454623464612	0.00042069529408409	0.0034493875793717	0.0021518079299934	0.00215039096255421
G[T>G]T	5.44745293353526e-06	1.75981773691161e-16	0.00456487717311861	0.000170206527887359	0.0018143145563623	0.000361019433919732	0.000563751039743355	0.00117722315535451	0.00734585384263158	0.0068775453380766	0.00103210220158308	0.0186684973295385	0.00182578764293417	0.00269484454392361	0.00625129372246319	0.000803556789649268	0.000105990163980848	0.000162606803418305	2.31155284188551e-06	0.00160371851772565	0.000668921687809865	0.00256607776363908	0.00567117948060611	0.105340900386811	0.00145171486678151	0.000233113355575786	0.00244477981606723	0.00226981026681873	1.82011054374289e-05	0.00110939872701915	3.66705567669e-18	0.00160561802831832	0.00216691970807888	0.00554261753016718	0.0022339987782689	0.0249390076305887	0.000704692453626575	0.000109122522349806	0.00202576544463736	0.000549130947444293	0.000375048767613608	0.000544115580162559	0.00238514612729957	0.000352441394913469	0.0168912440863999	0.0021870313209219	0.00426394596115598	0.00149413364575043	0.0068970793520883	0.00140140561092548	0.00354358900006723	0.000641579222625032	0.0556619419063167	0.00199420972118763	0.000311236018474504	0.000477481083163789	0.0903573921188652	4.33179071617541e-06	4.14024147376511e-05	0.0271066541165499	0.00173748761494627	0.000578894925582355	0.00119959230670715	8.72114182520585e-06	0.00112145824010017	9.71011793166076e-05	0.00269382987696861	0.0147252948447026	0.00487288217437404	0.0364565558819539	0.000923843307701687	0.00348548515114926	0.00155604359427951	0.00112081169951694	0.01640085518712	0.00292183764295236	0.00389985912480463	3.06836241066956e-05	0.000163017364962375	0.00578109451251143	0.00150620513504828	0.000289726681368861	0.0010632815307849	0.000536213690908004	0.00167608697750914	2.12494108629611e-05	0.000134452966917265	0.00235085228019101	0.000746610263622304	0.0025898974460998	0.0013251789249834	0.00418728709945854	0.0853997775821945	0.00148256327743672	0.0102305868882913	0.0022090060900597	0.00114870718981556
T[C>A]A	2.78025864163653e-05	0.000571076900894751	0.00745718967458936	0.0304423074498298	0.00687204419134889	0.000184937322775666	0.00029818376614077	0.0021126344271738	0.00310568769319455	0.0129807836590953	0.0270002566833311	0.018525725462518	0.0879436462729375	0.000263777511454697	0.0570096611769802	0.248630830360115	0.000140293027005263	0.00388375377818488	0.071553784204947	0.000280087106953707	0.00937362414896726	0.0131314982596436	0.000168541584772582	1.29766430136613e-05	0.0566947151087445	0.00106834319142127	0.00132985542597806	0.00144897620944284	0.000817006121787215	0.00626288185101016	0.00153129848693747	0.020218191705981	0.0061481028219681	0.000973153172894061	0.00778765901419268	0.0196049909993556	0.0313659706849787	0.000537553357793213	0.00151849853785997	0.00770792617444013	0.0112066821870219	0.00630960373004556	0.0042491252358924	0.115084294673343	0.00223724820036967	0.0131250358759967	0.00486121874770777	0.023836775538715	0.0233597842139392	0.0101447407148925	0.00382789921349194	0.00402764644717226	0.00532327353231474	0.000687987437000916	0.0454786166544747	0.0110848215589151	0.0195621591748776	0.0529234087638683	0.0151230130473992	0.015979211011545	0.0336095223863385	0.352064992096863	0.00178676593786003	0.000546141052981705	0.00153457603837418	0.211243439823094	0.015414821469458	0.00727216018205771	1.75635965216083e-05	0.00175941084338203	0.00162664744559816	0.00262124425052695	0.00683314987455105	0.0020661743037869	1.39944519949994e-18	0.0138151322801378	0.00309276662861931	0.215244382142223	0.0137333630390937	0.0105323424540263	0.020292696714232	0.0454407414630462	0.00749658228697992	0.00302567828413519	0.00186883049388403	0.014462254161522	0.0399482612900573	0.00693080859608338	0.00723311047780686	0.019167406945704	0.0184832919198562	0.0019351304323022	0.000406303391742181	0.00387282064812849	0.00772068263620674	0.0164460972276483	0.0153670957904775
T[C>A]C	0.00142933390997948	0.00020310471229018	0.0199143118697394	0.0479561315970605	0.010717895935641	0.000345844524997351	0.000650060220064813	0.0034280398572138	0.023394961693492	0.0118123030236393	0.0304020000158946	0.00358375444071703	0.0124694869338736	0.00300443693691054	0.0108180643907423	0.0184903725967128	0.000977336516990785	0.00429676575549452	0.035598331769287	0.0262208780425776	0.00423284184647082	0.00954125302771496	3.07096724524933e-05	3.11976827949553e-16	0.0447764344965036	0.00116946366219395	0.00350360500512609	0.000313110395812153	0.0024195978229917	0.00770087257812183	0.000638153602670112	0.0470728194213038	0.012079769432261	0.000873766743643642	0.0092197284326119	0.000828410457571074	0.0381275520273127	0.000250896911685096	0.0102371984985057	0.00983823574526737	0.00643321019283833	0.00240996700874934	0.024898756675888	0.0842347027840655	0.0023777061181564	0.0113999216451789	0.00854167998319759	0.0340193585334074	0.0170732778323342	0.00923781814878367	0.0026591197106001	0.0570100917912625	6.06452252002495e-06	0.00239365316970941	0.060987257246696	0.00855379319985621	0.000125517840328791	0.0021624303905646	0.00314007573012078	0.000996121307851926	0.00359945673859172	0.047470905910799	0.0032563755631388	4.4191473190494e-05	9.76030067829488e-18	0.017021187548693	0.00102170551054979	0.000565887255908466	0.0200021390504792	0.000189793355751098	9.45565440773889e-06	0.000305342156960008	0.00421289749845287	0.00288177048504862	0.00431811390555868	0.0196943750800046	0.00160961848924701	0.0389872160655993	0.0158655700437245	0.00574752380001826	0.0218228909168457	0.0422516814186943	0.00376968391583039	0.00442839010072019	0.00449408313964518	4.13083780290129e-05	0.0507932543777532	0.0104740343787919	0.00772077209102657	0.00856415719511146	0.0161980034640633	0.00221422292677515	0.000804373842056747	0.0146431472992825	0.00491901466697534	0.0177790758157686	0.013742507854693
T[C>A]G	2.37160898886392e-16	0.000191871050161044	0.00314685820083712	0.0209845613950492	0.00506139407769237	0.000261507686382676	6.61568939436788e-05	0.000550080916333155	6.88577138264692e-16	6.36347973300508e-16	0.00433295416577392	0.001220576963333	0.00273157712912579	0.000852974853652383	0.00633557167994313	0.0186014649392748	4.34888826610478e-16	0.0014185432895921	0.0275847985287786	1.43775743714932e-05	0.000105460860976735	0.00455990467348377	4.95599102160115e-16	0.000250495603668281	0.0245566337676627	0.000555334727826066	4.34351571374647e-16	0.000170619453735632	5.91790705766924e-16	0.00258611250261164	0.000165104167943586	0.0167181285837908	2.23011834530866e-18	0.000321191185409797	0.00401440073919992	0.000445141355397079	0.0303912436089126	0.000160600932576109	0.00196238307927196	0.00474548426308954	0.00324735332272669	8.2601705239137e-16	0.000192250689726999	0.0301990443788938	0.00315341499856555	0.00444204661736443	0.0061587036650584	0.0118549415580968	0.00372115793853506	0.00418774118424683	0.000602534435430471	0.00179691989754228	6.52773956403556e-18	6.39309252195655e-07	0.0327308506599228	0.00567077639041831	6.96441466139567e-05	0.761642691385679	0.0468572051206132	8.86938826844531e-05	0.0107579344281594	0.255910779270915	0.000752910227688517	0.00170132687132777	0.000219942233414756	0.0132559461579297	0.000605043868570383	0.00678012322738785	0.00118199806729842	0.00044941566714008	1.96501336913749e-18	1.3538688523953e-08	0.00216449724114111	0.00411873118705201	0.00203252651173578	0.00430771465080665	0.00029718938285912	0.516669045947652	0.00557114517755914	0.000468240708700731	0.00527705264539169	0.0225375361826498	0.000479131709769096	0.00103351668307891	0.0331707127188906	3.67079848223619e-05	0.0162517264790665	0.000716689020654763	0.00312744574754776	0.00146984536736804	0.00322507292409706	0.000839812794131482	0.000204628398361375	0.00248573269240165	0.00222425986650525	0.0050676768629065	0.00497724172441827
T[C>A]T	2.57472854345747e-06	0.000407513336246748	0.0091615552161884	0.0327370361370903	0.0115069961712987	0.000402152217272093	0.00048570761993694	0.0010644871561023	0.00476387980612214	0.000225385000395125	0.0299527792392198	0.030830726865657	0.649600324833557	0.050013545349111	0.185336233425287	0.340146933010445	3.8231339433832e-05	0.00271791040141448	0.033321818386117	0.126309473883042	0.00454642261297083	0.0116553973422804	0.000264752582159166	0.00278701219374824	0.0971271990651932	0.00110714780267841	0.000728570522331392	2.28337222929471e-16	0.000429490801605287	0.00737194149626456	0.000178807506609075	0.0160308188289286	0.0225845588115886	0.00150522368997072	0.0111824643605151	0.00079137249472094	0.0295567675091035	0.000532265709255841	0.00379876716094673	0.00791400930035661	0.0124920829768204	4.90232290403095e-05	0.0127842462683832	0.175936155614717	0.00282858282066848	0.0213632269081703	0.00551797953673315	0.0213901640533376	0.0175673751209911	0.0120181942236805	0.00707097532263816	0.0223428534382929	5.70805220232233e-18	0.0138750472809766	0.0456576731765462	0.00280181635122844	0.000230317497244594	8.27106714440246e-05	0.00416816872783288	0.00161238299200083	0.000360985958505017	0.0479655595694298	0.000604044924404042	0.00609124208297014	0.00371073562565643	0.401846310303308	0.00691493186529617	0.0150317007650291	0.00293996279428119	0.000366468867575986	0.000973930954165319	0.0028744698202755	0.00751226189459995	0.0022098081493702	0.0150634573762823	0.0170219632388251	0.0022998442146108	0.0511012783770691	0.0126388751677817	0.0096548044581409	0.0067930265654087	0.0441775107017936	0.00944959226676859	0.00537841934689787	0.00160366705562207	0.00314299237349916	0.0435790255365052	0.00741488737205932	0.0116216524368288	0.0134372596462922	0.0227687676517889	0.00570585616375168	0.00218291227272405	0.0248388157831741	0.0120411444578937	0.0224336768072142	0.0125526909418391
T[C>G]A	9.42245709855542e-17	1.99290393853596e-16	0.0117931778587387	0.00273827798586093	0.00682832889751077	2.58043626158445e-05	1.703894136609e-16	0.000185037574724984	0.00239088630317267	0.00425860848584683	0.00133189221166353	0.00293142391156086	5.19201392716027e-05	1.31299092684977e-16	0.000245095157227739	0.000116078118959869	1.21414611512642e-05	0.00108142457419112	0.287120880992442	1.58942365505273e-05	0.000116625406393429	0.00305185693660165	0.00332647892691758	0.000167429043476805	0.00164399313346929	0.00135478295963564	0.000100322373685757	0.00064906185478155	0.00370987261230125	0.00606841874394631	0.000151691903823638	0.00254423590443966	0.0086817594034898	0.00135909413608488	0.00315686212678897	0.000157662406201131	7.42515205364333e-05	9.80876113343366e-05	0.000323293416267569	3.73154772312438e-18	0.0122425930049444	9.13577919969156e-07	0.00534567363182823	0.00324847851392296	0.00200233678144555	0.00197246320725212	0.0282080733249841	0.00711928077004032	0.00847970267819201	0.00549409902360399	0.023013655429354	0.000441461991272023	3.7339439457499e-06	0.000542808038018443	0.00234499146776187	0.00252337401341151	0.000159737985788284	5.84718123698678e-05	2.20493595194007e-05	0.000783822217526542	0.00192995826110283	0.00150234628769592	0.00250281064432307	0.00382870008704287	0.0062264998206102	0.00108997750149567	0.00245774826959251	0.00210172325886105	1.74153805172065e-06	0.000460756765401519	7.8070433430324e-19	0.00127799992659812	0.0337000542397313	0.000329896935077612	1.39944519949994e-18	0.0197235414975663	0.000991573401502553	3.14598310097385e-05	0.017990262103743	0.0136418318293511	0.00489855871339864	0.00388370787946717	0.0014699577769494	0.00142467792300831	0.00280384260231418	0.0360420612043959	0.00762600064478127	0.00276269958066232	0.000992947645486157	0.0504885593628372	0.00597029018425074	0.000209452909443714	0.000540813849528324	0.000149370829339882	0.00095540486943521	0.00308471130972503	0.0132268779768067
T[C>G]C	0.000114685670308529	0.000117916738349139	0.0240631261020384	0.00608398660019931	0.00888287994666001	7.84747993273672e-05	5.19914979758425e-05	0.00157767707452136	0.00759512438547748	0.000895056440451629	0.0016230551430761	0.00291362128330839	2.78884598865566e-16	1.75524816528797e-16	0.000501039517819361	8.39376989612737e-05	0.00023339374851476	0.00231249560889589	0.076887554744503	0.000161857398367189	4.45773532184608e-05	0.00850098087030719	0.000857370183912957	8.64581523196518e-05	0.00476519793097013	0.00322896118530473	2.93045741489822e-05	0.000837171505644927	0.00211367175695717	0.00845717200425995	0.000255646206536122	0.00506100817571794	0.00387263178737716	0.0010332645190024	0.00457310298793414	0.000249257249582016	0.00633603823347361	0.00101804207313213	0.00318684646651039	0.00116491476369885	0.003159952149218	0.0002765533319923	0.00606839814699409	0.00262960679903437	0.00165990793191277	0.00216102852143096	0.0398829078814732	0.00913904192619075	0.0231824110243559	0.0120376965756891	0.0219531923260924	0.0019742386907006	0.00116346227012657	1.01327230652732e-05	0.00190941450170844	0.00289142305347253	0.00184142410223516	0.000199696900413536	9.4017688935894e-05	0.000554275047790313	0.00454337016617179	0.00146064296222306	0.00446409774573416	0.000564217089041476	0.00386713957652571	0.000379107981455517	0.00403494207562357	0.00237435241800016	0.00206952848713893	0.000405202157236291	0.000118918943728506	0.00336903082685171	0.0505588232645079	0.00195924578564631	1.87082299550755e-18	0.0194670718406554	0.000662783480884898	0.00013218066787343	0.0050538991946264	0.0100536361613951	0.00574904637938677	0.00365785365644674	0.00159001782527185	0.00340652380722592	0.00710628198764175	0.0309919189059318	0.00785641210304918	0.00226301905629628	0.0021348262676735	0.0212798149109338	0.00394129953386292	0.000280307615901147	0.00063355450561358	0.000182637879710115	0.00084914218838896	0.00630137549206113	0.00371273848484841
T[C>G]G	7.38070241377381e-05	9.26739421645372e-05	0.00116054344995413	0.00352309597261131	0.00376303646645807	2.54829837812415e-06	1.22121010622779e-05	0.000667431242818299	2.71398646838561e-05	0.00250201130658961	0.000178342499018921	0.00110811818863536	5.25081415920398e-16	3.30476546811881e-16	2.47951437270602e-05	4.73628141306367e-05	4.34888826610478e-16	0.000601125364179722	0.0314603461916826	3.71623744347917e-05	8.00899126273255e-05	0.00134348905809949	0.000848429944043904	4.08273591678061e-05	0.00173830028807711	0.000859307585119876	0.000242722310315363	0.000156630157382491	0.00101477506796923	0.00160368365625261	4.62942683390559e-18	0.00230535995717432	0.0045933323835836	0.000245690356187089	3.54523096646409e-05	8.48979512402532e-05	0.00156672011879796	0.000206061106965479	0.000854817505204512	0.00198791864979503	0.00019049131594816	8.2601705239137e-16	0.000314556234112171	0.000620414869392726	0.00242137248237759	0.00205304661471127	0.0196833015366266	0.00205138231779531	0.00395312166977306	0.00547781759572606	0.00561783270606138	0.000411462635008204	0.00312632797047393	1.55869684344846e-17	0.000318366414703026	0.000226831055616739	2.91398102987267e-18	3.027724311197e-05	7.31875771836633e-05	0.000218030308269658	0.00511831204971065	0.00110958389692834	0.00314975603466036	0.0025273343932403	0.000508339545007527	0.00020373556010007	0.0036085525186784	0.00156464477733246	0.000755061597967186	0.000144407296623638	1.41677463914813e-06	0.000576826173685587	0.00931266350320557	0.0339088024468214	0.00203252651173578	0.0080410676427284	0.000237751506287296	4.18634666145115e-05	0.000694655925397518	0.00187663748669914	0.00211005449266248	0.00112795755135962	0.00142892069415431	0.000419029253013029	0.0824814698094556	8.48872149017119e-06	0.00345786534211977	0.000879382861724084	0.000399251430954489	0.00741593136318697	0.00176740746360932	3.90694187231723e-05	0.000120297937574606	4.97704090470586e-05	0.000362488763813076	0.00218470565772574	0.00323850580199443
T[C>G]T	0.000683212538707511	0.00109287587463238	0.0215944374162879	0.00267920502060578	0.0113257827411957	6.8909480025731e-05	0.00022264865550439	0.000539038077303787	0.0157093111133094	0.000100671518365133	0.000233800748336562	0.00635813193520763	5.28365173308126e-05	2.66007141270547e-05	0.00034077196233422	0.000167872413768426	0.000149427270833935	0.00352750102900324	0.346359175892227	0.000268512196561796	9.82703398704489e-05	0.0359112212459942	0.000260156757641391	0.00162666051385862	0.0025316763953843	0.00129167230267965	0.00090265380864197	0.000706578222348618	0.000420814577551898	0.00777098706926171	0.00034718513375705	0.0028616416246574	0.0150563719289165	0.00237610380935619	0.00242799704072658	0.000203171321169059	0.00024163178426195	8.72438256117449e-05	0.00358725417154946	0.000568101187826631	0.0196164740114322	0.00329236176294944	0.0177141191489789	0.00641997820240612	0.00295610101265083	0.0030354227343383	0.0427116865155066	0.0147142868757801	0.0269646166300106	0.010253976966467	0.0534517843103906	0.000311817961669802	0.000219789775705748	0.00216484138560456	0.0024228026210008	0.00457630004033973	0.00110840130578858	6.54609728282127e-05	0.00025914078062136	0.000366926153681463	0.0032488765542101	0.00190289576634159	0.00259371831789009	0.000263107405155941	0.00192848592949766	0.000410843044919872	0.0144107633700335	0.0185084196538195	0.00116677359965247	0.000686903004084351	0.00400759028985926	0.00872353360644145	0.0916752868506018	0.00675216091863977	0.00585801063789122	0.0237221244509272	0.00227537961260061	0.000178532882170746	0.0220349552877966	0.0283913319732294	0.0105073862428837	0.00297196561653823	0.00386665548342917	0.00336277045500353	0.00194465250136976	0.0138949710257596	0.00705070724792973	0.00325186569989563	0.00129702724474084	0.122875027785585	0.036083703170551	0.000112238334053841	0.00114817584420875	0.00043603363125728	0.00173990714501195	0.00739417584387524	0.00644831290840299
T[C>T]A	0.000469093435132037	0.479025749325275	0.0051074215070706	0.00286065933429229	0.0177484101727482	0.00623384699607385	0.181968706107266	0.00481534906245878	0.0213207907756061	0.000235703469221891	0.00456648602955715	0.00465322678359582	0.000342418463735186	0.00161460150299307	0.00227659916566759	0.00127882937042667	0.00762260310716273	0.00616043668115965	0.00627680704402811	0.00285737629069556	0.0144419217603191	0.00773299314928855	0.000471916259973613	0.000113015049110761	0.00875772025125789	0.0339856865822416	0.00627598576976313	0.00357281917913591	0.00165693797865464	0.00828648111980283	0.0109994671041456	0.00162831108735546	0.00983342180819284	0.00341329797776166	0.0206790976597548	0.00663553524641029	0.00443425950933775	0.0756899286415426	0.00610665087715054	0.0196461020148141	0.0138435481409911	0.00274844595409582	0.00238660528488591	0.00873334736160759	0.00449686870380047	0.00478285240227307	0.00315410115462484	0.0365801711651528	0.0287811316577222	0.0183209249494635	0.0135306418493453	0.00380652067008307	3.14259535705648e-05	0.00112917086334699	0.00170544827557688	0.0166722925886121	0.00838047585733575	9.13354663447319e-05	8.59575906397462e-05	0.0163156155158624	0.0016004535366527	0.00111537836199743	0.00383451985821002	6.08083090057371e-18	5.13191012486584e-11	0.000192916371946086	0.00877459055001077	0.00423304818424475	0.000119254597141617	3.54339210741653e-05	5.52738668686693e-05	0.00515464171998776	0.00685549685608429	4.49809983453208e-06	1.39944519949994e-18	0.00831157624365923	0.00323561933215764	0.0235010062758659	0.0158199333667881	0.00911981807211487	0.00762363372258522	0.00712286774025298	0.00675829438883668	0.0430999356886849	0.000265072224931597	0.00130155576767794	0.00380070537920901	0.00643316157489357	0.0311543868946273	0.00295391213989141	0.00298837484677146	0.00519639728074071	0.000832008685761473	0.00263803077214844	0.00200451465556237	0.0137772084891188	0.0496638276487325
T[C>T]C	2.10690493435101e-05	0.1162475235764	0.015765496452539	0.00714740646083307	0.0268824010076102	0.00729190539510775	0.338317564912774	0.205487576822573	0.0225711954482802	0.00860045241544033	0.00030523145373295	0.0106784225715288	0.00345193351647129	0.038346100201673	0.0114194911179628	0.00459990783092789	0.164625965375139	0.00393870256409383	0.00542450828631923	0.00014782945517447	0.00696488220895221	0.00598156856343908	0.000107424568501772	0.000844938175029419	0.0117075998689552	0.0258730920890138	0.0095543396943879	0.00010707282518274	0.0018355563962073	0.00733954793790608	0.0419028448806668	0.0110652868516635	0.00763867743310517	0.00350893719045024	0.011748901533019	0.00756933030466161	3.34842551228437e-18	0.138354606321872	0.0268480888380726	0.0409838236502482	0.00399085658845524	0.000570884683111358	0.0135811409852489	0.00748510445004412	0.00373853097410066	0.00716708145802062	0.00573792185084226	0.053158431011985	0.0172345810408617	0.0237782744847864	0.0100026168442502	0.0345227781822247	5.71442904121532e-18	0.00242600027117145	0.00191891411888787	0.0151799710307308	0.057409109917286	0.000180868394171627	0.000357637022544724	0.116926207942642	0.00222763584015369	0.00155193321077349	0.00516189276469983	0.000721367423444217	0.00484571463096926	0.000237264762630936	0.0249301776186305	0.0201819995119625	0.000277257139524965	0.00111547124954474	0.0280844750259502	0.00540319624245765	0.00866553511445679	0.00425838651328409	1.87082299550755e-18	0.012371881281873	0.00201991331788099	0.000115385643550579	0.0214760101815888	0.0111418004541331	0.0212238498259673	0.0096409471310714	0.00361049813430507	0.0102087317350285	0.000618670929714782	0.00405571991877217	0.00704155211207048	0.0105623688411748	0.0509400817449925	0.00993732130954488	0.0108547216710818	0.0179434473164634	0.00139515939185293	0.0063830353272297	0.00201642638797613	0.011923384703783	0.0350500493338988
T[C>T]G	0.117005975458052	0.0994249216904022	0.00220726526160835	0.000540978779164195	0.0349896395207459	0.0679918965275879	0.142599130954822	0.10524879392744	0.000143918825294963	0.0050154854759957	9.51007955126472e-05	0.00894175498661492	0.00656991521562851	0.650523545578465	0.0204832110133618	0.0128415208752311	5.75933851457119e-07	0.000248563714700462	0.00271288609983584	0.0108082339050351	0.0290799656878829	0.00924222106669442	0.000395188938119542	0.000164363045940071	0.0228164011566874	0.00841771304347216	0.00516762934157848	0.000791856625803591	0.000100369789304082	0.00450217623323501	0.00519327113020679	0.00459364263019967	0.0314397958602676	0.00686772430232162	0.0127630253590892	0.00600424884920003	0.0251513737200712	0.0285764511094023	0.0172812997000359	0.0196399263602483	0.00912577317518832	0.00111577043949879	0.00155249232797324	0.00799144695950419	0.00965733466465426	0.00647642915496782	0.00994395482610069	0.0154140626948992	0.00588114846115088	0.0148636802945298	0.0143211065909358	0.000723537900896981	6.52773956403556e-18	1.55869684344846e-17	0.00312999960977408	0.00839274905781915	0.00565211204653552	0.00043184796895372	0.00108060821800657	0.00840371151556608	0.0153786333660002	0.00418242323821736	0.0171804865436408	2.44473918793645e-13	0.0106773431838742	0.000373885106710697	0.0124807087341402	0.00829509524328101	8.46837102646577e-18	0.00379263303659499	1.35978925144314e-05	0.000535979373572566	0.0275026804844144	0.077324067312374	0.032520427710143	0.00539192362754678	0.00112903790389126	0.00332230255929246	0.00837975268718949	0.0259452160877477	0.0102914412599998	0.00544140162885084	0.00996840615661827	0.0206349477641954	0.033093342998091	5.96504753363381e-05	0.00173722515644938	0.00146340469316878	0.0436193971595424	0.0244912168730859	0.0127183939594984	0.0100559738728267	0.00365024924863162	0.00380531512794109	0.00397462868125397	0.00930570370039172	0.027890779757459
T[C>T]T	9.76470178896284e-17	0.277849833765859	0.00750751256420557	0.00572303656160959	0.0190273159114527	0.00376310973941085	0.0847809627423956	0.0770054208438581	0.00296305701606416	0.0590012047010033	0.00494831175619321	0.00616614559901629	0.022105802228463	0.0784526195064945	0.0125661570387115	0.00807217614776053	0.0961183315716442	0.00707813249191103	0.00133287232242359	0.000300298944989082	0.000982705092660731	0.0278469462804	0.000319909829691391	0.000970574601864072	0.00298546680940475	0.050463455855263	4.02785959931763e-05	7.51867161988482e-05	2.40439711489144e-16	0.00569383143593242	0.0195943467976381	0.003311629807681	0.0113840860925954	0.00229009081206924	0.0135648654964407	0.00282734286480326	0.0030779307177522	0.0420209760774381	0.0164979843921366	0.0550040057679662	0.00882253371822213	0.00123731566145922	0.00671799674042035	0.00704590468461924	0.00677004967852232	0.00505647558167563	0.00356351942146249	0.0301506138162656	0.0124754400636891	0.0248700571803209	0.0137824100755784	0.0123581343685829	0.000732047189330277	0.00252425528058758	0.0021724213978024	0.00410933064846838	0.0970450596024174	2.58606229729091e-06	0.000148625111498718	0.0712934847025586	0.0413670732241829	0.00129742918185077	0.00534694264713751	0.000199657319235769	0.028698797969059	8.19850424742417e-05	0.0415566203922171	0.183039067419023	0.00160431417952072	0.00352929208947847	0.013624323005359	0.0539981782219604	0.0107398374666665	0.00585247907377327	1.45027617533091e-18	0.00862492751996606	0.0044039589001288	9.33848478276076e-05	0.0235622776628239	0.0115345113216284	0.0107710093241023	0.00316037425039041	0.01088806604369	0.0249587626228581	0.000353982555716969	3.30616483264979e-05	0.00801944362946073	0.00452540619479528	0.0401490820784945	0.0057853435770731	0.0055891827285903	0.00488674934603002	0.00136572283315529	0.000657369445628105	0.000929968138539107	0.0203290856125544	0.0344236877971197
T[T>A]A	0.00143290789515876	0.000190291259956878	0.00291254561817234	0.00342704650583528	0.00278359017987625	0.000118998987506976	0.000137335241108186	0.00119092344919968	0.00957613932713507	0.0095945602018215	0.00525729072744913	0.0142959226375949	0.000962984301117334	0.000913138413853707	0.00476147945447745	0.00432376083596968	7.31459276144126e-05	0.00211162214310555	0.000135272598842406	8.14529894425075e-05	0.000299721512887286	0.00754584968624023	5.32614342682786e-05	0.000628304608652473	0.00418622426054915	0.000192961809302065	0.00470871262459919	0.000128692817142838	0.0370731861594168	0.0700495432240807	2.81670845894286e-18	0.00141037901361441	0.00974430171921834	0.000591519884727794	0.0293035464097971	0.000130047029614187	0.000267501484562391	0.000109893937464771	0.00275987132396818	0.000204647918152012	0.0019481679164135	0.202794258019444	0.00174932254379805	0.00101308217817728	0.00138281112822387	0.000912913459473688	0.00274399055834546	0.00415786604659442	0.0066984210606802	0.00425779647766254	0.0470305565508611	0.00338697984286124	3.25224010856894e-05	0.00283239195791147	0.000145926626253729	0.00204620267247665	0.0911102492011094	5.05788210251669e-06	9.74100883351302e-05	0.000717135128205077	0.00954778715528258	0.000401982158033592	0.00104672008924338	0.000638444123093451	0.00160641932372666	0.00458461141971728	0.00164256260641827	0.00592455115883152	0.000781100912196526	0.00049660004816562	0.00258796471848182	0.0409344360588091	0.00157948060097119	0.00215495092843526	0.0150754957902463	0.00313972907300375	0.276220448609659	0.000746041189510565	0.00381645035690288	0.0111025475821198	0.00418264778110457	0.00169974196801195	0.00560764127835521	0.00179831525491792	0.000457610128464021	0.00517306096256054	0.000696918749398282	0.00802891648405364	0.002003339458161	0.00703423719901767	0.0098684184064529	0.00208727357562606	0.00142186560053058	0.00205453582377515	0.0186260203548065	0.0101005828773013	0.00158701117831681
T[T>A]C	9.54234670730625e-17	0.00017377501146171	0.00942886781096221	0.00333858745776123	0.00366568178857381	5.99753181686811e-05	0.000301204001386429	0.00165259114150989	0.0426849060326713	0.00141837859394501	0.0178927568458623	0.00204168598894951	0.000341090926547925	0.000398304801116592	0.00237389570935083	0.000740265621385612	0.000159443749986725	0.00728992686019453	0.000212806527968794	0.00141416901963267	8.66504395828671e-05	0.00575040440719435	0.00512058230568959	0.000256458177747832	0.00212392858685165	0.000372405680243869	0.000250453435934909	0.000799036950954984	0.025239634375537	0.0152683356344968	3.83451091896071e-18	0.00224680227258955	0.00305933575710377	0.00132385288799828	5.24889126116922e-05	0.00173552851726259	0.00135634024015765	0.00018850360801752	0.00310044345008108	0.00196553946892091	0.000206957447143664	3.32354158593463e-16	0.0043276861447289	0.000843117472195199	0.00128012866664718	0.000696893198474332	0.00303781527313242	0.00800491403421974	0.017713118296627	0.00965924799275306	0.0167478703716161	0.0018075093080225	0.000802660657475447	1.69037431699693e-05	0.000188546711998714	0.00392448861655691	1.4421284209089e-05	3.30044638798559e-06	2.65167699169467e-05	0.000565537146015191	0.00245982894755478	0.000360386582899816	0.00241266677325441	0.0001479869735488	6.20628743104924e-05	0.000786368292438736	0.0100761633946983	0.000897352958807006	0.0013952509884496	1.96616830330698e-16	0.000683511975213246	0.0106420691075887	0.00138398606925095	0.00194467785324797	1.41725148247702e-18	0.00281303295979847	0.00136283061523319	0.000146360038219498	0.00266678990299741	0.0111841662763579	0.00340668411515533	0.00241431065679532	0.0197864942203334	0.00212774668033822	0.00246094320924697	4.18168068716918e-05	0.000725396415694058	0.0112067674138107	0.000495731102404002	0.000666004715051282	0.00719756825961014	0.00230340125768655	0.00102477656375107	0.000488604692755202	0.00716069487205235	0.0135058440814057	0.00122955967877794
T[T>A]G	1.0334791190458e-05	3.91114212257659e-05	0.00519739945230816	0.006374222619847	0.00365833338465627	1.33796000892014e-05	1.48842507472671e-16	0.00108183146881623	0.01313413247096	0.00557017022912276	0.0102099993624638	0.0158974382052819	0.000566362264267889	3.64752116759663e-05	0.000468172092489549	0.00317177040043323	0.000136849840350831	0.00270045278593203	0.000148747061675523	0.000251719570331917	7.09332653659701e-05	0.0055017979077685	0.00141804134607925	2.03859007075471e-16	0.00120122304266868	0.000252246602757744	0.00011956563340137	8.53983587724748e-05	0.066765504582432	0.0495966976978154	0.000116181416483017	0.00117940669209487	0.00789343817086174	0.000251946362556851	9.61258105186685e-19	0.000384432253675147	0.000560113996948361	0.000128188582137264	0.00233202717680974	0.00121792823456037	0.000542948510217137	0.010029508268047	0.000971968798002984	0.000621724476772058	0.00125077280294567	0.000520796195420945	0.00387722464398889	0.00426014785172041	0.00869390225733438	0.00594964775718503	0.00938496400862162	0.00367699247983614	3.79308882501145e-05	3.53597839938774e-06	0.000405965655172694	0.000393620735519381	0.000457038484745284	3.10024486123973e-06	3.02157992836384e-05	5.5393198182428e-05	0.00331423719318936	0.000515666103308007	0.000935321211930029	0.000234616308641424	0.00730351541039822	0.00535896157942021	0.00414323465242553	0.000714553872833207	0.000293110215729243	3.22459391537924e-05	0.000534693307669888	0.00792945914959825	0.000970823793933366	0.00219277228445417	0.00493787065299151	0.00771516296881463	0.000804312585552598	0.00041772474017329	0.00545474025457077	0.00959671045041733	0.0030079535155461	0.00267080265328873	0.00639200859499296	0.0020340270852433	0.00226390325680799	0.0132453953690292	0.00190981619353959	0.0175110007654906	0.000792106526804033	0.0037979214259428	0.00501859111143111	0.000431467139922212	8.89253299585444e-05	0.00076561070905272	0.0154283660416208	0.00555227710179713	0.00220884206680213
T[T>A]T	0.000511289436373135	9.85135710952061e-05	0.00619827084108276	0.00231141980723711	0.00411357517792737	0.000118996126663838	0.000328072965161111	8.69844749942337e-17	0.184888288169101	0.0167150122288262	0.0184645543352969	0.00996146496698771	0.00266121686122954	0.000483386287581517	0.00246072883778684	0.00359808359140485	0.000282470032848932	0.00315050187212136	3.01970373083308e-05	0.000789921034975327	0.000139194123467924	0.00468113893301988	0.000944423157483362	0.000737106291243433	0.00293286827376622	0.00028015275886142	0.00280594352796921	4.07727750533752e-05	0.0168371743640616	0.0235605411945922	2.82792188905791e-18	0.000798947261392992	0.00690713072762662	0.000730798297256402	0.00114150833211251	0.00421671896351751	0.000447764402095827	0.000291124176690824	0.0038981849870654	0.000302860274333533	0.00137735823226781	0.0365493817082438	0.00234549288170068	0.00118497354907998	0.00117291586402207	0.000996816573669993	0.00467708973463701	0.00848903664340595	0.0222506138115628	0.00907001458750084	0.0332685827209516	0.00149476101790334	3.98375944482882e-18	0.00602829273250499	0.000531117014976487	0.00164759513169589	0.002707493143381	9.7764989876981e-05	8.18121811203325e-05	0.00133404893274061	0.00322970446497492	0.000546710883659856	0.00182796582619204	3.26972264102676e-18	0.000995878757007056	0.000385886776987651	0.0167512912017668	0.00774634459048891	0.0011908786699186	0.000248221585718393	0.00296371549986747	0.0455219159885746	0.00101506824636509	0.00145918377150642	0.0560137996318249	0.00299715501801675	0.134132632774747	0.000176228613914424	0.00300591976691424	0.0177428873529943	0.00748903360340327	0.00179299435985236	0.0192999595790331	0.0021035702306726	0.00131147053919454	0.00295606470654704	0.000735640033040805	0.00526791857224292	0.00135157713610962	0.00340186227788919	0.014365003337088	0.0013481903093656	0.000604457237601659	0.00271127492738272	0.0267961366809524	0.0190712753221272	0.00148869748094672
T[T>C]A	5.43736714221799e-05	1.00553896501483e-16	0.00680041358237904	0.000930088079355419	0.0079405112554549	0.000387926026670902	0.000829412623772819	0.00220541397183854	0.0187791825752493	0.046651394362851	0.000950883935800261	0.00769780449716648	0.000344597540935918	0.00264392379290969	0.00812427112601307	0.00273612222532226	4.44381194254323e-05	0.0484828509593217	1.01001883002201e-05	0.00255354926501081	0.000940410875677027	0.00797528839104381	0.000935432160983222	0.000559666312246026	0.000697703914305288	0.000484357354916487	0.0054150193025719	0.0421631602383602	0.0023906527430125	0.0139645951089687	2.81670845894286e-18	0.000499794307146425	0.00648130152840671	0.0221427306167292	0.000954585417022015	0.000906180337828472	0.000906844147953121	0.000211994155569586	0.00189071774857009	0.00035853329974225	0.00522679301345037	0.00104379435023438	0.000149709535005478	0.00122311134493343	0.0269224830071773	0.000789445554284775	0.00243636810717933	0.00321491664085271	0.00936700314910516	0.00659964300892328	0.0371109594568442	0.00271755333892352	5.84077601358971e-05	0.00809836181104132	0.000458933514276184	0.00422881885645176	0.000800134938208051	0.000130284801319067	4.01237929231128e-05	0.000462531118949369	0.002118563909461	0.00106046721326075	0.00240070332263747	0.00194828380325362	0.00217155848989414	0.000276439219977452	0.00266508514966232	0.00164792155189058	0.000766151626754266	0.000105472770971379	0.000170539835229714	0.00881782010878143	0.000617689793269211	0.00254256987851364	0.00285212055800734	0.00332895297699139	0.00782625060364998	0.000103676799718271	0.0161167819143202	0.0506896609242365	0.0036037676127023	0.00128964976855265	0.000910741823684378	0.00113281343829628	0.00514695409120822	0.0151429661590887	0.000895421476331572	0.0161848804113651	0.00195313003155482	0.00210999520016063	0.0378997649432047	0.00875069506994611	0.000123617607906059	0.000695248887386855	0.0206904664936033	0.00728100865183804	0.0014640860532624
T[T>C]C	0.00145086589115839	3.93696707321018e-05	0.00807290618155154	0.000389630802414829	0.00859752902585803	0.000573445920624317	0.000461484306543244	0.00127633130746564	0.0260852211852937	0.0164900929619619	0.00242240371293428	0.0150091544843364	0.00489844364247931	4.85159782469939e-05	0.0160772480796161	0.00629949498427413	0.000368614358427376	0.0523292450683897	2.28409955016372e-05	0.00235422340495042	0.00326732148285341	0.00451905531591868	0.013744721256727	0.00116572139844279	0.00480801384752206	0.000433558560156379	0.0130739707066787	0.0550782466494973	2.3706248160713e-16	0.00228388374764283	0.000138332709943366	0.00206128608533056	0.00664799882289392	0.0329912623811094	0.0038876776796917	0.00284626626841819	0.00105415048212584	0.000223701399872134	0.00851588358429284	0.000978758429421843	0.011921505878545	0.00933791376238094	0.000671199733210017	0.00188461576925695	0.0510918652431284	0.00164460778720622	0.00530176914936714	0.00268975393016222	0.0057679974216208	0.00610989873737947	0.0313876170771122	0.0024233426949907	0.0307201735095579	0.00857653546595421	0.000791609569103778	0.0495580771811721	0.0205144163104226	0.000174621693638471	3.94495103325804e-05	0.0246996471779164	0.00374694812470202	0.00167514487408743	0.00340890852347225	0.00677101035413846	0.000875299059635259	0.00128944862859513	0.0291477306782761	0.0195858782677256	0.00168030195899997	0.000961465117215261	0.000425730821998198	0.0318439694382577	0.00161248157925347	0.0037397929503679	0.00327120916775855	0.0022727086970999	0.000693370616005715	0.000116155599765502	0.00407466823878845	0.0143318117958177	0.00395479009530132	0.00388914549918167	0.024428823794705	0.00423711443556497	0.00221216498532487	0.000125090408370463	0.000303174315443787	0.00976864733223593	0.00354841082765298	0.00606513517929377	0.0095758308083159	0.012041501406493	0.0366416964440065	0.00167012719292636	0.00267347106323682	0.0083049044535015	0.00235023960061453
T[T>C]G	0.000153572782492078	9.13403915703473e-05	0.00536780596634238	0.00116259436532635	0.0096995485687265	0.000966582676017041	0.000213056368981233	0.0024245752630076	0.0138877304386298	0.0226785496500993	1.75714062441358e-16	0.00886258350372322	0.00029666571446469	0.000345114916751275	0.0125070829291102	0.0041666640273103	0.000105531279220045	0.0389957091945136	7.89658961829421e-05	0.00303896564613659	0.00062840184924839	0.00767915033495134	0.00182098233587238	0.00110606492494946	0.00218770190778485	0.000730364872798653	0.00815218480758171	0.0239277566075871	0.00111275854542567	0.00549038729082491	0.000189658085014771	0.00120311292461194	0.00378420708439025	0.027460298613245	0.00110498349455794	0.00168862802573072	0.000229744107979047	0.000136959600059486	0.00285976422030978	0.00116948790704942	0.26324759707498	0.00141987900344192	0.000308494723347709	0.00098392123046263	0.00977166435481925	0.00124369172994377	0.00353636931670225	0.0028028359274368	0.00554793416893984	0.00762236235638951	0.0207095547156177	0.00235244700217509	2.05151496761319e-05	0.0134570328883938	0.00076972085585994	0.018657622863619	0.00159761254562524	0.000110730536502471	2.53202780185602e-05	0.000749352426160104	0.00203130658718679	0.000709207049571969	0.00275919710783798	0.0630398529202305	0.00320491823602554	0.00155881719540852	0.00278726658864328	0.00186180431822157	0.000873506948166417	8.2932905019842e-05	1.5276328124115e-05	0.00450271253594899	0.00128692541559895	0.000771118000226837	1.22247578701518e-18	0.00666318558942537	0.000185611420983712	8.46284407615911e-05	0.0104508635266157	0.0101910901775913	0.00147509952301389	0.00440052372651293	0.00305412749969497	0.00155035403064499	0.00498283121782358	0.00018615063048915	0.0016426814772313	0.0251004412849404	0.00232074865180001	0.00224170987409384	0.00357982837017844	0.0134531769818892	0.00205110877053113	0.000666465682435584	0.0116714109025883	0.00243039915125843	0.00128109087249789
T[T>C]T	0.00098394837585347	1.72033298791744e-05	0.00662738183332089	0.000261576937189594	0.00869727370354905	0.000486040021912712	0.000333828595176884	0.0011634044229232	0.0583822877740038	0.0263889019174796	0.00222646454055318	0.0225011915720463	0.00163496284610877	7.98234437337383e-06	0.0101463366050377	0.0039001311979951	4.44240791409139e-05	0.0358257078772909	0.000258611810949386	0.00126734561226707	0.000395604088771255	0.00548530076765352	0.0100166104311127	0.000562676390675181	0.00139207987180916	0.000611923246962069	0.0080707459251295	0.0217195548053202	1.24198461227156e-16	0.00252816249286667	2.82792188905791e-18	0.00133887520257954	0.00809801505655292	0.0320212397223494	0.000904926021511235	0.00151860873759968	0.000306718406509569	0.000184807668999171	0.00531171588722415	0.000291359380677254	0.0046182018165268	0.00562542668863093	0.000459560699208038	0.00122886176722234	0.036931806443481	0.00122010326598675	0.00414381434488295	0.00368509863943238	0.006691250376541	0.00563112765225612	0.0286669469150256	0.00100216936224202	0.000835995326361116	0.016089904297933	0.000208243474246874	0.0176874183255589	0.00715773973551891	0.000122091495089771	5.14107697747605e-05	0.00231084402677402	0.0107825560970274	0.000815986210793885	0.000788040503208351	0.00548702031391961	0.000420640314022702	0.000147819571251737	0.113027744022348	0.0169782887135645	0.00103952929474527	0.000618212578035647	0.00412268173432055	0.0681791841095173	0.00147597503860676	0.00182725275806803	0.072513988845656	0.00320443304965617	0.00329824585608903	0.000441542833206521	0.0071052321689965	0.00806219581041632	0.00724830965892396	0.0023148572654742	0.00539036704010083	0.00233021764048734	0.00251421080319912	0.00751139299913318	0.000432386153778532	0.00631332031201501	0.00311343245350931	0.00724252559041897	0.00222792001520598	0.00540742380115488	0.00101828992186696	0.00226594420787734	0.0295417188674765	0.0134053639367013	0.00189056446069851
T[T>G]A	4.7541918983503e-17	7.53026937925907e-06	0.00324361834113811	0.000145495216692884	0.00230274813612583	2.75219001681879e-05	4.93789414364713e-05	0.000351028259077051	0.0120012657060956	0.000121224917279676	1.01492672659695e-16	0.0361246968738346	0.00126981784436529	0.0033720473198406	0.0041727220627646	0.00963865997815386	3.34578854468132e-05	0.000917852084007286	8.40884093092214e-05	4.03829142812035e-05	6.35188586578169e-05	0.0059998708398867	9.93491442890841e-17	6.44188610102602e-06	0.000269779068950369	0.000648413582103734	8.70712976448227e-17	0.000232848727292485	0.00261267849390794	0.00708561664894475	6.74690491048266e-05	4.21058764843241e-05	0.000929731676349669	0.000748560237860277	0.000660439988087142	0.029260619713535	0.000163511871808801	4.59839576100364e-05	0.000926822361120564	9.03418690189146e-06	0.000222376453829017	1.65585625489615e-16	0.00174525416633772	0.000324515522886713	0.0103287511613758	0.000437749471374881	0.00344126764953098	0.00243100810113873	0.00760759072228325	0.00187618818662083	0.0244488866963879	0.000458238439954557	8.69724876425627e-05	3.12460609649512e-18	0.000102184535760346	0.000318298193496366	0.00140753663459743	5.38367427862565e-05	3.478925104101e-05	0.000138759378118719	0.00121128623867508	0.000547461418873745	0.000438947155968592	1.33433292597479e-05	0.0026966489668095	0.00460407898413219	0.0017513416697781	0.000397293369709927	0.000597971791609678	0.000707545590108379	0.000738859811337794	0.00483378848007326	0.00287341205766492	0.00213537857791844	0.0215946284942633	0.00304043237006542	0.0143779065815256	0.00193690277706574	0.001030595362239	0.0288385004315368	0.00165180922421176	1.43326904465584e-06	0.00303818578357144	0.000922246766012228	0.00359185650318706	0.0227921041298107	0.000182097121347416	0.00157220170757748	0.000334891213175985	0.0266140721800358	0.0244499026052308	8.67363967480499e-05	0.00136856340861873	0.000215915075729874	0.00450290662067917	0.00180771754731851	0.000833875364439752
T[T>G]C	2.35777266176042e-05	6.37155130928727e-05	0.00563936076225985	0.000134783231977443	0.00580842331716047	0.000150989649924793	8.98188439418976e-05	0.00114353423989113	0.0217168817538871	0.000132612253011957	0.00104603815464271	0.00951315591636417	2.11270447354642e-16	0.00332419623487052	0.000913383258954262	0.000717855427212044	5.31247960784054e-05	0.00127714993325602	2.03642610496525e-16	0.000980926350639301	0.000162262237573095	0.00678473917121368	0.000104208653677811	0.00927277917841139	0.00163379140007463	0.0015837036523216	1.74764613660266e-16	0.000380924170995119	0.000804246007291502	0.00265340125151945	3.83451091896071e-18	0.00181393208477534	0.000519458749960389	0.00180716419310644	0.000311905612070003	0.0495666841219087	6.97745283192133e-05	7.54148989773679e-05	0.00196774805009162	0.000179706786666359	0.000156410429847592	3.32354158593463e-16	0.00158409691256617	0.000614979647617179	0.0220907178432987	0.000678119119824376	0.00418214068240252	0.00563314122413083	0.0251121891583065	0.00389181667999569	0.0181532861490296	0.00021914088618652	0.00705965029800753	6.27153369784367e-18	9.7151805379321e-05	0.000912671771292286	2.63803979434555e-05	9.59557267790668e-05	6.4240829378928e-05	0.000557871755980042	0.003308374281758	0.000860625157392824	0.00295483921882759	0.00058367937106298	0.00504636624384399	9.770504317494e-07	0.0043230336588189	0.00158885457065168	0.00174781403097245	0.00935002696077374	0.000583425126937573	0.00874375370859681	0.00191436803656309	0.0013045835891844	0.0294408853443302	0.00260352857661876	0.000286911871937445	9.36498198418311e-05	0.000281541947316194	0.0143172174398291	0.0010059382005575	0.000322408667182205	0.00623272488154852	0.00091671441684631	0.00406216513809202	9.02799936435201e-06	0.000103981089634954	0.00110841517873539	0.00046738395315829	0.00908491234712409	0.0184754045790163	4.46304925486619e-05	0.00385951184350506	0.000239670508170505	0.00520096162934787	0.00231505745179072	0.000637775466167003
T[T>G]G	0.000215223133840333	7.44756404179256e-05	0.00623533003778918	0.0015501251522222	0.00530038281618257	0.000147029559244607	1.48842507472671e-16	0.000859101310756597	0.00822498144141014	0.00012433435231223	0.00244565084993682	0.0103761718940264	1.76514743558038e-05	0.00142592297014743	0.000917106106223376	0.0026400764118167	6.87655388474401e-05	0.000853031440197847	2.90385610211821e-05	8.03809445043375e-05	7.04573054018698e-05	0.00556552594890097	0.000712895001335318	0.004369413399401	0.00097305747976286	0.00139986549875293	0.00189538293211323	0.000113570280294759	0.00508038068649536	0.00706874650534115	0.000114297318877873	0.00180170625596546	0.00729756147870163	0.00257383673118372	0.00225801066921319	0.0167665228447761	0.000109112935247104	0.000548513197739427	0.00381539573968204	0.000566059688784268	0.000788919877090193	0.00196201434119037	0.00339484757148465	0.00064311365014321	0.0295104277193027	0.0012307365942565	0.00516963309532587	0.0031686797397654	0.0121876592659662	0.00445457706149889	0.0195983100846525	0.00202131097761845	0.0168289654436738	0.000646078195065149	0.000439485795013473	0.000708517323934886	0.00155716750330145	0.000130490498611431	4.49721844477314e-05	0.00640623071637574	0.0022698002396504	0.000980958880779779	0.00359514039718587	0.00548389650335086	0.0612478356114863	8.51031613849016e-05	0.00508487859215305	0.00580951994821556	0.00126820303515308	0.0181843695705979	6.81978934112278e-19	0.00401572098793026	0.00140182075580737	0.000899404628525934	1.22247578701518e-18	0.00386214995876008	0.000391844696001179	0.000353793600968148	0.00140810128554056	0.0118186124529118	0.00214104791545263	0.000306467396314816	0.0216635150865227	0.00131894045873056	0.0065652175484257	0.000199596797911818	0.000806884790151069	0.00731157594676716	0.0010957024251483	0.00786420162607608	0.00522260376236619	0.000757893542538117	0.00298024841281629	0.000575285801850321	0.00622465061822341	0.00377848630159189	0.00337238702813832
T[T>G]T	5.06654794599588e-17	1.0716040678927e-16	0.00500629586264354	0.000233609728810209	0.00634665931616198	0.000282126746774435	3.41007417595783e-05	0.000693342279164164	0.01438020016148	0.00010163737436593	0.000485242755737205	0.0374433893155364	0.00950793955418747	0.0289077662961334	0.0127917656095458	0.00750002317330798	2.32685401007509e-05	0.00132621149512808	9.20522588915245e-06	0.000262583669351577	0.00175531049085784	0.0103298876480824	0.00218457464353431	0.0686465427337015	0.00213149278499971	0.001760839717743	0.000631441517583614	1.18475864683891e-16	0.000332827927506515	0.00323971711387922	2.82792188905791e-18	0.00144467197014406	0.00374890454589299	0.00527178933724121	8.28034832738699e-05	0.353113338244168	0.000346271097825321	0.0036920004919998	0.00320458876035253	0.00027048719914999	0.00113935906072792	0.000184335763397912	0.00156944267614893	0.000794371217133395	0.0175035107950262	0.00210926396242742	0.00476451197266759	0.00695250023004582	0.026490276030421	0.0051379603055331	0.0546599709261829	0.00073888748349195	0.000599736133105726	0.00390321136818912	0.000276639337479567	0.000484586803439962	0.00225313249840441	7.33983449442771e-08	8.9968723604194e-05	0.000723552055497034	0.00147310963186199	0.00103222249544032	0.00253684228231591	0.000219042011389468	0.0195381956690771	0.0150412907438573	0.0689759052551563	0.0115134022163485	5.18031830898302e-18	0.0148933049739776	0.00277194551289662	0.00921246852075961	0.0020973409087062	0.00173377938455867	0.0768561435058771	0.00268530515735349	0.00686859727358761	0.00034965425886813	0.000892374504690865	0.0314661696483922	0.00144109432702894	0.000116897641844696	0.00695151484760397	0.000748002035936899	0.00421747316287433	0.00500366956979975	7.47777692882869e-05	0.00285459737347	0.00124330792112161	0.0166253852680395	0.0194954017244728	0.000112282663894744	0.00728176775963646	4.78809366140367e-05	0.0164303286819597	0.00518529299821094	0.00214376911507891
