Type	SBS1	SBS2	SBS3	SBS4	SBS5	SBS6	SBS7a	SBS7b	SBS7c	SBS7d	SBS8	SBS9	SBS10a	SBS10b	SBS10c	SBS10d	SBS11	SBS12	SBS13	SBS14	SBS15	SBS16	SBS17a	SBS17b	SBS18	SBS19	SBS20	SBS21	SBS22a	SBS22b	SBS22c	SBS23	SBS24	SBS25	SBS26	SBS27	SBS28	SBS29	SBS30	SBS31	SBS32	SBS33	SBS34	SBS35	SBS36	SBS37	SBS38	SBS39	SBS40a	SBS40b	SBS40c	SBS41	SBS42	SBS43	SBS44	SBS45	SBS46	SBS47	SBS48	SBS49	SBS50	SBS51	SBS52	SBS53	SBS54	SBS55	SBS56	SBS57	SBS58	SBS59	SBS60	SBS84	SBS85	SBS86	SBS87	SBS88	SBS89	SBS90	SBS91	SBS92	SBS93	SBS94	SBS95	SBS96	SBS97	SBS98	SBS99	SBS100	SBS101	SBS102	SBS103	SBS104	SBS105	SBS106	SBS107	SBS108	SBS109	SBS110	SBS111	SBS112	SBS113
A[C>A]A	0.000296213265797172	4.6866594223202e-07	0.0162107312991618	0.0277602738111902	0.00905571583651103	0.000176551458169829	4.51241048407933e-05	0.00145617934774817	0.00498684807026159	4.01756674975585e-05	0.0352052183814663	0.000524058064345988	0.00185421344203952	9.37632061968672e-05	0.0035832808683366	0.00867687604128049	9.92597033613593e-05	0.00443930955844539	0.0014956751245189	0.000803275077588766	0.000407248472784686	0.0165274667989121	0.00166238034747766	0.000567001560941957	0.0343564569512177	0.000858526711654983	0.000409961214815141	0.000138574212046275	0.00560338383841929	0.00621335886697385	0.0206683239839867	0.000510014416976373	0.0204979182631889	0.0077051290989846	0.000798813008440708	0.00504705203019644	0.000886292558244303	0.0374759991757539	0.00120976743629012	0.00670009550609244	0.0156911744451635	0.00262443522397535	0.00574701908267804	0.00619236654194974	0.0181888767182973	0.00384711628378469	0.00814475885562763	0.0082371843914959	0.0274578813846693	0.0122944048430315	0.00291540589254844	0.00572067274433888	0.000789657089538273	0.0225368960820069	5.25570753731703e-18	0.00548978636891646	0.00352113291442059	0.0682557388935904	0.000308951644437638	0.00895311195980022	0.0896400572230248	0.116567776025951	0.0101317088491652	0.00298256690407621	0.0015392107246571	0.00463742586820522	0.0108971252421042	0.011254888079187	0.0513637503081919	0.00234432070911719	0.00488412491444844	0.00237095133543811	0.00694746926250328	0.00205151836808467	0.00370962549770032	1.13948588215424e-18	0.0250452003767389	0.00282630635995252	0.00167752775417822	0.00904739389430192	0.0105894403318232	0.01064262440498	0.0250586410511	0.00949956068287187	0.00547731980259728	0.00378785813046919	3.03789077544634e-06	0.0493826653998952	0.00702428274381338	0.00781662669100462	0.00680012872045322	0.00961821575851223	0.0014992951652112	0.000227560405638647	0.00314003831746376	0.00530306310349544	0.0156652465346708	0.00578735853188735	0.0071563850532146	0.00470757385633035	0.0686978120328411
A[C>A]C	0.00111799161588394	0.000175404844614099	0.0188606199092359	0.0321283373085284	0.0104483151729504	0.000319261219302939	0.000176929768459419	0.000422564546450406	0.00174144476004835	0.00111560248952046	0.0559666206887074	0.00563379517096571	0.00219796872951493	0.00494165690473277	0.0179939938781033	0.0232101572770344	0.000550416700079513	0.00162775174222291	0.00086902784533623	0.0137800335409234	0.000314467873288871	0.00439356413629598	0.00108127355459589	0.000176442343210487	0.0154593395531099	0.000635536936810245	0.00135020530886493	0.00305510707137129	0.000128450090380641	0.00569322731567302	0.0226177187697487	0.000357438804048541	0.0218870376914006	0.00799052792121367	0.000708593615969411	0.00673458975147899	0.00419483023057667	0.0445285787359369	0.000498783815140276	0.0190562330871057	0.0194017620680793	0.00276002507606159	0.0120463568156432	0.0475193633769252	0.0088076768680285	0.00207128102310558	0.00942589058373297	0.00738298062183747	0.0185588905647298	0.00607596454299862	0.00714962716150091	0.00640866139897215	0.0205674571860635	0.00661084276801441	0.00015059271624933	0.00251892176521692	0.00551645818603206	0.0438529336632559	0.000445710585508924	0.0036778022658506	0.140310965618532	0.00204917341373949	0.00639366066723957	0.0015936640605503	0.00083193647538781	0.00237129869936182	0.0199147002091194	0.00191913149181043	0.00863332165086887	0.00226988395629596	0.00090736459119977	0.00501511240732385	0.00147465017718256	0.00384426168615124	0.00277273075880106	1.67125099567463e-18	0.0202041692507931	0.00133344071933611	0.0442828420274002	0.0114135679525793	0.0108652614466625	0.0247931682843351	0.016634505570578	0.00947172614741827	0.00739710343715708	0.00427115190809437	8.1180320591688e-06	0.0398276363529362	0.0076998660845589	0.00720522446942925	0.00508131660025282	0.0129681950087559	0.00388767040239866	0.000296767157185348	0.0213449512537073	0.00227383060359963	0.01527476342438	0.0125041766181663	0.0121861316338281	0.0267663279356143	0.00352731842013082
A[C>A]G	0.000149253223759316	0.000106590292956506	0.00343999510185171	0.0258831093398129	0.00352122546834212	5.44538082812163e-05	0.000120946792780856	0.000293192252828088	0.00098175083596824	0.000626954888087399	0.00930231335749395	0.00100910299474924	0.000320323253090338	6.95188482156795e-05	0.00137110227762078	0.00157209503367387	0.00016129960551997	0.00133767786729049	0.000547204581198679	0.000747096051132781	5.01505891827068e-05	0.00265746292958964	9.64035027089336e-05	0.00013690339792234	0.00408872638550999	0.000419435559311639	3.63991022701455e-05	0.00065449953809093	0.00184746616293056	0.00252330681914682	0.0137481765252878	1.51803408875482e-07	0.0210208679636054	0.00284638207885517	0.000263096302384763	0.00191312059386774	0.00100650522454022	0.0287156036991167	0.000154795275705695	0.00294049994760118	0.00791527436419383	0.000881163160925932	0.000154839061054029	0.00245861997730974	0.00407787541174765	0.00260390309700205	0.00304931537662346	0.0047411613690871	0.00713178269035884	0.00252297241808251	0.00395105927272715	0.00149328160022372	5.7334132505212e-05	0.00120622208324758	1.58105147503248e-06	0.00252304868447531	0.000605524281580128	0.00350404034076376	0.000235138799383573	0.00639661903736585	0.010962548335558	0.010008782367799	0.00696017281834306	0.0532737692670516	0.00294759986353934	8.92983283920686e-05	0.000449354991969689	0.00768530220439021	0.00181457821713553	0.000233878943102426	4.46483986502375e-16	0.000779612805295355	0.000881906008685905	0.000675171886870177	0.00647419834694376	2.87401820427372e-18	0.0189903695256121	0.000448650547835365	0.000293418224310902	0.00945976294939218	0.00406316952058367	0.00271238005494172	0.0137570718402773	0.00418635441097603	0.00232756865977895	0.035765584560225	0.000103098530960007	0.0241263082222059	0.00136109772833295	0.00137496142285608	0.000706185375083019	0.00357913175381246	0.000459089434768023	4.40004325248048e-05	0.00220474023077296	0.00103686839877879	0.00318123557311723	0.00150620284101178	0.00179399875640688	0.0034520970034862	0.000432099647191316
A[C>A]T	0.000434217308362988	8.01863735185753e-05	0.00964773638422144	0.0196906307636575	0.00506138433201949	7.58720758814614e-05	0.000169587424317752	0.000450239581684651	0.00205334275005177	0.00408598127254703	0.0380708549315607	0.00290650545612664	0.0146046409125246	8.52083472224529e-06	0.0110195608888721	0.0123581662783716	0.000183496648995168	0.00121580302108564	0.000290182898089557	0.060110814565923	0.000485888872116277	0.0111101134131247	5.03523897305331e-05	0.000431491565559421	0.0144857584900916	0.00039166287460765	0.000833298316367086	0.000556160018273952	0.0016264759427338	0.00369372463659273	0.0146518005027871	3.47466725359327e-18	0.0125706395298074	0.00392488954509177	0.00057470911309982	0.00267359306160623	0.00455384222214217	0.0214196540966853	0.000379166649282661	0.00447526265463334	0.0104238890631088	0.00162687961286719	0.0014728045299589	0.0153700743026401	0.0131094567101085	0.00182825287952316	0.005713968976674	0.00528628973576796	0.0118154166484291	0.00441112725078448	0.00643614185699046	0.00408260747834209	0.00550510078413344	0.00160460746309818	0.00401452519404356	0.00589441070828082	0.00276080019085256	0.012155777920535	1.42548502880847e-05	0.00288459575953524	0.0635923396847374	0.0177836774444795	0.0062493868645915	9.61273782145302e-06	0.000299344573383229	0.000936292921162023	0.0201834561020282	0.0080218794662219	0.00493744097320058	0.00960764374624929	0.000357783609172085	0.00644115135965917	0.00315039672145948	0.00255349665856585	0.00207970055055934	0.002001510734714	0.016387169737736	0.00228620006737217	7.56167562420427e-05	0.00628628201651571	0.00781806267758602	0.00767724553242709	0.0154208260063381	0.00995825473847299	0.00467165240970677	0.00164055296516181	2.47727080523861e-05	0.0332730051125298	0.00794500390963946	0.00313955809270472	0.00376316632551175	0.0106310726436594	0.00309619958969299	0.000275565627327751	0.0294331144782948	0.00292536476791249	0.0122754453381423	0.00415986521665656	0.0062341830087542	0.00656854373116565	0.0025077046968587
A[C>G]A	0.000621847398102627	1.80193974340932e-16	0.0153534331329015	0.00453242370213946	0.00762189416239679	0.000195660466318922	4.37097672263804e-05	5.35115056788556e-06	0.00115637041739588	0.00117326771909162	0.00345665747034338	0.00454559042518358	1.88793380228396e-16	0.000157131177092103	0.000287587158716299	0.000110582014828032	0.000115576236728802	0.00119822093009783	0.00318036422871177	1.59150683114839e-16	4.87489450223654e-05	0.00179736173151931	0.000811113640085442	0.000136155059859231	0.00115410984101074	0.00215645638444238	0.00580834072327013	1.49172522570006e-05	0.00154769010536014	0.0042664177930258	0.0053143110803984	3.50377279074865e-18	0.00188085318697278	0.0062497160150115	0.000390714068154182	0.00127871551196418	0.000174092797483044	0.00186194030627359	0.000719139281360151	0.00584326964257897	0.00140024369260567	0.00118985598513288	0.00089922547419358	0.00251060839512811	0.00132807698550462	0.0334066028678633	0.00171167217668201	0.0333007546969121	0.0061964981916499	0.0065418223771182	0.00689980532462765	0.00229030302397855	0.000276379845220183	0.000275790465275376	0.00217674297772692	0.00187412046802983	0.00096030897666014	0.00103692374468236	7.15465597500434e-05	0.000102728987950191	0.0029001196003058	0.00327381798303142	0.00115314826549316	0.00389729440225388	0.00110452628702033	0.00224773172878408	0.000361507430944244	0.014091486705663	0.017964232062402	0.00191986188267911	0.00029940082602374	0.00461494596541536	0.00826682703526435	0.036468039406978	0.00325232026697457	1.13948588215424e-18	0.0115359709929674	0.000652224445856495	0.000138620290237495	0.00244035125663464	0.00810392173661581	0.00478441321777394	0.0023596364287502	0.00772439951565616	0.00157552141842525	0.00296728954668516	0.000354707148926633	0.012452474470478	0.000812256776330715	0.00269022199676324	0.0216795715071211	0.00447390687764617	0.000318170893455823	0.000471353941790975	0.000105585180574592	0.000980638747312787	0.00707029870176844	0.00292415591920445	0.00276085014196131	0.00186229389580374	0.00372882959382469
A[C>G]C	0.000598223725855272	0.000157627807039363	0.013373893972035	0.00274007415115819	0.00630883437349752	0.000176080916847441	2.13363574372189e-05	0.00017324193780097	0.000483061774323271	0.00371867350654158	0.00345400712743901	0.00269981307166532	3.01731674594767e-05	0.000101250987310528	0.000394492139939977	0.000367536122343732	0.000289168258820212	0.000924793345343558	0.00114624918407641	6.07737592713379e-06	0.000170205342625852	0.00304519413953771	0.000670201264612568	5.93653642140944e-05	0.0025341578734166	0.00177474459365307	0.00146676988676723	0.000930771790823833	0.000262604995886419	0.00406081355570061	0.00262068911439687	3.65272466003355e-05	0.00303114814468153	0.00187206676987767	0.000507288840157613	0.00251481549322068	0.000371400142164536	0.00228730740891054	0.000460340065651679	0.00325501093991881	0.00209497727701201	0.00160898275109453	0.00195580167165661	0.00467993792585668	0.00176788757400268	0.0159988564751117	0.0014745454944277	0.0232331541785002	0.00621898419519806	0.0131484440991247	0.00491811562652717	0.00206985417370164	0.000505200604744142	3.50635989098011e-05	0.000233920659142112	0.00170579596906009	0.00176057176149955	0.000911019441240282	6.04171806197354e-05	7.06261142567291e-05	0.00121529234840871	0.00550488152223055	0.00148598873492188	0.00443949198558094	0.000518392315072525	0.000194330581040336	0.000210563312601525	0.00420061812359984	0.00222547831076735	0.00233692688574234	0.00068489148815678	0.0108288053888904	0.00427571076429977	0.0797685555155572	0.00238549713843458	0.00675058052926668	0.0067179415887068	0.000521779759411316	0.000104090458311236	0.0019792577054824	0.00727106999275519	0.00399766144590136	0.00268563759088271	0.00308634611977895	0.00218742947996774	0.0020603370242059	0.0141984847268428	0.00616218403816924	0.000657317558410683	0.00257730075481731	0.0242234906650021	0.00649449283222558	0.000335275352714631	0.000491883698339982	0.000149403103247796	0.000727797142100063	0.00654167177090309	0.00260754580939146	0.00222868467038095	0.00266909800383967	0.00128651676771009
A[C>G]G	9.69723144352744e-05	3.09784407827705e-05	0.000497324613168294	0.00212374273026957	0.00327378800299921	2.32475873815962e-16	8.62934982200492e-05	0.000796032788791727	5.78064157909577e-16	0.00227208128386615	0.000575856640189219	0.00322154647499326	4.76175808863017e-16	2.88470734651979e-16	8.84695191885807e-05	5.82069086910219e-05	0.000102224909230809	0.000186011853688734	0.000547204581198679	7.06989324274166e-05	3.33974639459674e-05	0.00220673482040696	0.000307881598283658	5.24561129496252e-16	0.00323059758762671	0.00105029475300241	0.000783440585857111	4.94237472043671e-16	0.000557861561553716	0.00218669837899303	0.00764293045753255	4.40322261038418e-18	0.00130670308664457	1.96332677750363e-18	0.000157606257535238	2.44434526068108e-18	6.33063403893222e-16	0.00134006095765076	0.000222065945521325	0.0053141577916496	0.0020054394689548	0.000538489425698077	6.61043683730664e-16	0.000612000890776452	0.000910240843921706	0.0131423351481518	0.0010207183112971	0.0241497367169462	0.00284854928208687	0.00362042573751773	0.00596438094550575	0.000175019325773905	3.03836570461752e-05	0.00853604007269626	5.4197616065524e-05	0.000410375846336421	2.01841427193393e-18	0.000832843627366897	7.31446984032153e-05	0.000183531508681251	0.00157123552383718	0.00410777107940328	0.00137522314181313	0.00350963626039301	0.00305543903634125	0.0010144966306488	0.000933609563232252	0.00639287917710865	0.0037171387580786	0.00136704054064075	0.000552841277295942	7.92285935542599e-05	0.00121674734290339	0.00869654633077002	0.0319736948913911	2.87401820427372e-18	0.0118813339384821	0.000149586877805559	6.79661214980731e-05	0.00182747045694695	0.00376533577755851	0.000948208195537182	0.00131981479660851	0.00340521033119141	0.0009835220209564	0.101658603920729	3.8912675109419e-05	0.00489146238965513	0.000132662051215422	0.00090199050978425	0.00428887597857425	0.00149535332128824	0.000122131807646302	0.000190391060735709	7.01561403837142e-05	0.000244896363460936	0.00276502516439156	0.00247412758501005	0.00125818089043314	0.00190375437021754	0.00294923144663294
A[C>G]T	0.000386724731965606	7.47750231584261e-05	0.0137598864351083	0.00236955020792603	0.00773373400202669	0.000107063634403556	6.53991421182676e-05	0.00018073001313229	0.00202191353744483	0.00293585312842687	0.00462520362879601	0.00610842594906054	1.91563639289735e-16	1.16050632413402e-16	0.0004333918432477	9.27785960928081e-05	0.000369062620022462	0.00143504633583662	0.00333543261970622	0.000148457989593656	0.000142264897849651	0.012053425107372	1.5969366322305e-05	0.00030185454844301	0.00276177043615917	0.00146787898592998	0.00297030552733367	5.54394732300833e-05	5.85847038529896e-05	0.00394310331678854	0.00845729731740219	3.47466725359327e-18	0.00162846910407017	0.00270872612022921	0.000675909175216468	0.00129747873994187	9.55619463069717e-05	0.00149817245535446	0.000498508779371212	0.00269370941339208	0.0012494385863913	0.0011131276606639	0.00243072726623734	0.00674575536273843	0.00139883002689714	0.0185790008198556	0.00157537671216079	0.0310033756510723	0.00639930868506599	0.0193195266529554	0.00566406055480573	0.00376408475217161	0.000297703889158756	0.000274411450358855	0.00228508379587007	0.000874378153381796	0.00178640012349285	0.00175696929675238	0.000251521153380037	6.37001113417682e-05	0.00150573244646308	0.000754967731562735	0.00115654224030784	0.00171004590855652	0.00374541786133421	0.0010163178409054	0.00010793725728663	0.00470728327244602	0.00179623743114114	0.00253774302878166	0.000201454898164169	0.020505798036945	0.0150950315991059	0.0648816420003727	0.0040777652258576	0.00467019171433264	0.00861130690254109	0.00120326326190949	4.67655040133354e-05	0.00333511700398778	0.0129066214146966	0.00493762901969872	0.000938212561945809	0.00537677762274887	0.00203760464731124	0.000817093389633161	4.42196873378097e-05	0.00740477629607548	0.000787064466387204	0.00112042799894756	0.0662526696304488	0.0215372045639109	7.06860159561637e-06	0.000858854704404903	0.000426267700893753	0.0013324885915957	0.00597051731555495	0.00262020538487632	0.00245413140811859	0.00158039987669039	0.00415657472776822
A[C>T]A	0.00835816579685398	4.93715328799594e-05	0.0110669415225503	0.00572308960899227	0.0246013621106489	0.0266281215661936	8.22194864904221e-05	0.000881207596245066	0.0013731902578027	0.00331100106437566	0.00543645223357388	0.00760729048305698	0.000880539944848961	0.000282835706613037	0.00402637823058744	0.00117353669400668	0.0175404057542913	0.00541163653975747	0.00590052022105731	0.00889340254231952	0.00217860736411306	0.00181802127555017	0.00097976053767917	0.000532496945902462	0.00613746375568034	0.0189281474302985	0.0326512202572017	0.0019153204637846	0.00164092457188085	0.00417684251529409	0.00389965841734093	0.0138039815273914	0.00664492957160175	0.0163442131930936	0.00243395437537921	0.01327151848032	0.000878379403442247	0.00301824101131714	0.0712418437052348	0.0124309944975428	0.060794506354065	0.0044809479949167	0.00415390225775311	0.0015498445827285	0.00430181354762811	0.00607746923747838	0.00219526701292667	0.00675871539815048	0.0216056053461234	0.0147188212319221	0.0192554623951117	0.00497750520524503	0.0152485546372675	2.21501881675826e-05	0.0615374802590655	0.000801472732594962	0.0121639137043621	0.00429870207886915	0.00010370654117018	0.000205101157967376	0.00265153774810219	0.0295966414309533	0.00179304575772883	0.00400262671334286	0.00105464417430815	0.00403014279219404	0.00639989844368192	0.0298300296457429	0.0702000315305233	0.00255981584357215	0.00219190051921421	0.0367974396529533	0.00157086266915577	0.00605830814183048	0.00389670697747776	0.0118353988768996	0.0388483877380325	0.000908899508399163	0.00898050843013803	0.0189793670046382	0.00818097251111903	0.00514406366755734	0.00830629036374552	0.0186888969280114	0.00445957245529471	0.00140034173817974	0.0183312285883078	0.00936768714931282	0.00449073075165794	0.0310772637408509	0.00536596720923304	0.0051567080241212	0.0110337342236589	0.000594113208412329	0.00831273730647124	0.00588984768182451	0.0172497809554318	0.0402568338649941	0.0101533719954018	0.00585259888869547	0.0036064562331501
A[C>T]C	0.00309899448430044	0.00163553486231014	0.0141740413379127	0.00403292637913256	0.0198119546659129	0.0139524576466978	0.0174953172257679	0.0349234099387255	0.0116298181710252	0.00204162418408243	0.00330179635807868	0.00746581064269325	0.00103565361798718	0.00396692705904928	0.00636931341864747	0.00247051828304537	0.146578404937937	0.00305383561135073	2.67590491761974e-16	0.0106243003639557	0.00437218366172745	0.00565103338093841	0.00201413692109368	9.61609471025538e-05	0.00454974240181312	0.0139798316654933	0.0126278260363309	0.00507458510975493	0.00029627251216831	0.00412852729463451	0.00318539518767698	0.0724731558040969	0.00925037040703381	0.0149537028233975	0.00340876668511017	0.00770073452044161	0.00560416022403706	0.00374840204406844	0.0891108208944671	0.0095590183080634	0.126937060251191	0.00263625679147318	0.00642126000318126	0.00410394507503881	0.00347225737954147	0.00437111673066368	0.00200650118357761	0.00417164169933831	0.0226964366377224	0.00851489233675651	0.0235562860742981	0.00255843113726823	0.039737125486655	0.000143421321968795	0.0169667810369264	0.000531183099391277	0.0104460591182311	0.00138793824425702	0.000232130115505712	0.000158517040386466	0.00198865920211591	0.00685078880143372	0.00205301070072823	0.0015936640605503	0.000552882695193655	0.00026951872416291	0.00124562053037945	0.0173124497287562	0.00864611215320862	0.00273918542065551	0.00156080685566744	0.0421724484250852	0.0024776600566337	0.00208737905375222	0.00215604310571368	1.67125099567463e-18	0.0154403333792677	0.000550769197421233	0.00101516397384647	0.0165118191412833	0.00680554096644186	0.0143172177818459	0.0096390466852256	0.00464998507097459	0.00386254559598562	0.000997399334717231	0.0169701103404578	0.00458437265570154	0.0051327379712332	0.034305554863247	0.00412934906603102	0.00509334778321454	0.0191161672099075	0.000434239316898428	0.0175532102243711	0.00197959139222954	0.0142951283967133	0.0625083864964165	0.00709392818152907	0.046544040109395	0.00143421807061434
A[C>T]G	0.30778283328151	6.66444087892497e-05	0.00505187852100532	0.00129913298642193	0.0117627964293813	0.125731561497324	3.78808072895098e-16	0.000855932298258983	0.0024140115467858	0.00303445644128525	0.00650356688549279	0.0103752745026272	0.0118946432264225	0.00053795114108778	0.0271667901241049	0.00152101793034122	0.012997796182405	0.000292306110693292	0.000628043223342115	0.0479372031943731	0.0810633307650316	0.00851951105670722	7.9998704979052e-05	0.000675060775528356	0.0205277589377692	0.00264278860631802	0.022216963464402	0.0164738098771186	0.00328438662714815	0.00821367180476507	0.0564537696342114	0.0134336163489519	0.000730048768354558	0.0386715434801698	0.012300949182551	0.0163946856446421	0.0201016080827193	0.030061647692609	0.0244102570452636	0.0134448188761333	0.0649549491914262	0.0152394394550297	0.000351216677910044	0.0010258994925183	0.012870793187152	0.0155497164689271	0.00831339899064121	0.0106542956104175	0.0250515158450246	0.013857560854635	0.0151366860582051	0.0738540933569581	0.000755464741886523	0.00235078203595987	0.024688608977631	0.00822270848735181	0.00928470565089601	0.00774443928539644	0.00110278430887829	0.00180832682498788	0.0264089132322238	0.0117811697823446	0.00685930126030735	0.00971791891126618	0.000616480305014233	0.0105825877804177	0.00331562584726311	0.0406190084402594	0.0189815988444591	0.00421641241080415	0.00843284916809837	0.00437595540154947	0.00127893677322254	0.0421945315770099	0.126927078385716	0.0364849397246855	0.0119894656351173	0.000299173755611117	0.00320078905386757	0.0197103756730773	0.0407044510586348	0.0397989103970791	0.00649691635627894	0.0339249614295623	0.00594846486587875	0.0304649357555441	8.20375470090329e-05	0.00396122115657233	0.000798270173959779	0.0531986581133594	0.0181481692955279	0.0349695170437883	0.0255172596567548	0.00142773971037498	0.0445463094903573	0.0134322680908565	0.0211858672947969	0.0334629191954178	0.0827985504303706	0.0101785072467117	0.00987987958786737
A[C>T]T	0.00324984620069455	0.00152506119436318	0.00956865659075216	0.00283678557301581	0.0168457579980069	0.0089781821650228	0.00507394768007746	0.00684871381666022	0.0078362256866016	0.0331922921010161	0.0101252274185029	0.0061846618109048	0.00256869831498029	0.00414535420458593	0.00516757988382067	0.00218296726220108	0.0751921914275066	0.00237181232029119	0.000265166886595449	0.0117165149069567	0.000779172858456696	0.00628874357986571	0.000600556537275821	0.000139099248461111	0.00539492962059606	0.0252420265677573	0.00873619213476931	3.73477549869866e-05	0.000582504983353384	0.0031297554701857	0.00747892233856564	0.0216915350503794	0.00522824300325409	0.0045250736616055	0.00259036752829044	0.00440356504264552	0.00580414122931727	0.0011010663511239	0.0199812757260857	0.00719747694840515	0.108522676499963	0.00262869433628917	0.00463394572637694	0.000640419821928602	0.00315652300504523	0.005583582317431	0.00157537671216079	0.00914385251592306	0.0172313684487914	0.0117916303254946	0.0182562575708314	0.00306431334851429	0.0243136202815626	0.000705406905997423	0.0210450017285385	0.000745972952910944	0.0055216003817052	0.00254352040805929	8.61626913467008e-05	0.000150201648548715	0.00528917064740647	0.00268432868669627	0.00119035943499391	0.00109127959647369	0.00360803798352496	0.000620994625359728	0.00249221794943663	0.0142982580907977	0.00646822520728573	0.0022462009771889	0.000240134141955842	0.0376561930099602	0.00529099033309002	0.00322364842506983	0.00448955237264114	1.15620612460387e-18	0.0234122173157217	0.000842283892569046	0.00134469206523224	0.0133310920483394	0.00604311262383279	0.0114436316733278	0.00304039483530576	0.0166964214359398	0.0022211985421081	0.000715469278365705	0.0102777164484173	0.00627534285342431	0.0030821853233095	0.033426427783443	0.00123489787181485	0.00249789402132237	0.00528453290436867	0.000368819625936045	0.00975258960263068	0.00138574223754235	0.0157730073217259	0.0328751869181124	0.00776847254363372	0.0200743099852256	0.000884730786854256
A[T>A]A	0.000163679546611176	4.74228360069639e-05	0.00261845519642254	0.00379223898637267	0.00340824978494497	2.4976488526439e-05	0.00080011242911055	0.00095233958360408	0.00783491329085246	5.41024597992646e-05	0.00952657032349458	0.00729931664033871	2.62677801436802e-05	0.000573808736998473	0.00203522804067641	0.000999623471077891	0.000173496053649407	0.00310742776006774	1.11653273781385e-16	0.000269054375321466	0.00053858127803879	0.0146026532707973	0.000496381079105859	3.57288077389504e-05	0.00101656227992482	0.000325166963810149	0.000207112760089959	0.00186892299535959	0.0361285262621456	0.0520121818396348	0.00204045412983142	3.09679236749146e-18	0.000544501488124056	0.00971646710385091	0.000851153437942086	0.0847753541380249	0.00011899332543374	0.000224626242215633	0.000149303476797626	0.00337822577207961	0.000307025024952278	0.000448258383239326	0.0743848432818097	0.00209864166958836	0.00107777622195673	0.00134107851902384	0.000774916285601403	0.00228781517728874	0.00462054249277041	0.00470684014501817	0.0044935422968728	0.0230333476748742	0.00554071475361691	0.0071531451035653	0.0020023564645343	0.000193611091294614	0.00132229093525497	0.0850201917705746	0.000145949184595132	2.81593022135833e-05	0.00247089015961495	0.0571704163221509	0.000722014266755439	0.00199828152730237	0.000416903491564436	0.00205609281941846	2.67333338841605e-06	0.00183672218254982	0.0130749798299418	0.000799256462642309	0.00192945945933333	0.000652908521730264	0.0782182445458822	0.000785209673194347	0.00250410903569605	0.0333981180093216	0.00548698512998513	0.0481997748169456	7.50512134559535e-05	0.004922315115729	0.0058310943488569	0.00439986271802238	0.00121811746202025	0.00561472630443033	0.0018044535609303	0.000610258601891015	0.00405786537077634	0.000876550054024764	0.00648852635331031	0.000661755187725275	0.00362384837798805	0.00123688728536929	0.00303127472028101	7.56193433480826e-05	0.00180097077397081	0.0169360975953612	0.0193193221495141	0.00127147171451998	0.0026920894146847	0.00215166936299304	0.000471769759875828
A[T>A]C	0.000831869936473868	0.000791629377748746	0.00626980674062922	0.0025909892572633	0.00583518184248423	0.000253077988442057	0.000503813841947488	0.000325653316820258	0.00393989521572788	0.00119816975740622	0.0189726366987789	0.00295511034667211	0.000183272298780978	0.000193718589134332	0.0125926334238609	0.00305037109388296	0.000334532300509907	0.00296979119859988	5.97877470725264e-05	0.00029769281059695	0.00040482106818471	0.00892086326916108	0.000893377387320245	0.000300717071550446	0.000653544486506003	0.000192340189239149	0.00383530097144815	0.00556429090236586	0.00728063022549648	0.0085621738709275	0.00248220713534354	3.7868530695274e-18	0.00141374295614632	0.00772015609615787	0.00359379412866692	0.00157809328523865	0.000602932208925757	0.00132326163792999	0.000294714271311471	0.00475664698521256	0.000696391788439394	0.0010733954297825	0.0584623539349625	0.00575908370157534	0.00115165138862257	0.00180395545224749	0.00137736656405702	0.00226237698169392	0.00463128241532973	0.00653509826459328	0.00432086826282136	0.00357762542919106	0.00304582281467854	0.00322213279656519	0.00198578854427679	0.000334174114841621	0.00160724420088223	0.00804270463725084	0.000107247284740234	3.09834427568473e-05	0.003311547565856	0.00124529610577494	0.000877608353917337	0.00160209159940214	0.00253638125816137	0.000543835348848635	0.00413979061877306	0.00656487856186859	0.00142060701717583	0.00182155457901857	0.000197604010729661	0.000302843104591348	0.0166393564784725	0.00294423567084149	0.000320392440634191	0.030079725280146	0.00266488141438809	0.000507212553549445	0.000107577922404443	0.00319719480090573	0.00591005625920244	0.00427490078528571	0.00209750468985338	0.0267360548865843	0.00084284537925203	0.000871859582553247	1.38424514974553e-05	0.00063974135796509	0.00668002656212859	0.00200810310437262	0.0018804083460422	0.00214702065083871	0.014448814852893	0.00530421708371124	0.00104202155216864	0.00577009175703328	0.0224103387762376	0.0035663572722605	0.0041834929300108	0.00311103481964734	0.000947087300516346
A[T>A]G	0.000394081713600266	2.13052303517754e-05	0.00776831783691909	0.0084341949091597	0.00711618174061207	9.53033080356e-17	0.000409038647586496	0.00100807819844628	0.000225254075405969	0.00380388551402767	0.0188197547067972	0.00268018463007992	1.95207911454497e-16	1.24650702454181e-05	0.00105219234562544	0.000585857894165612	2.76572318909497e-05	0.00316841668973838	0.000501335546137773	0.000262518287673121	0.000240875286177416	0.0094096367784284	0.00016607345730623	6.33558466640056e-05	0.00179343267245424	0.000665423002018267	0.000207494256254546	0.000226330690276849	0.057907501296618	0.0354296345302719	0.00417814538123718	0.000223568301169391	0.00116452539686802	0.00502157506791553	0.000591318167303145	0.00123201464633617	0.000177670971124885	0.00152054187226794	0.000443364343045906	0.00365267701387938	0.000518013784871129	0.00060728861114638	0.0422182730472502	0.000964401991601599	0.00188814991252596	0.00250754183657464	0.000710563082884828	0.00505199644987176	0.007273432670035	0.00754944262506102	0.00730427223121891	0.00358372532937727	0.00352637896183755	0.00112958451838202	7.64195327999527e-07	0.00132717223317243	0.000413723699461865	0.00775490451119135	0.00017373545024303	8.88850095563773e-05	0.00044629312451086	0.03145704145627	0.000820156817726458	0.00164513068281491	0.00311670170335627	0.00660534185057488	0.000458742568391098	0.00548750275498781	0.00422887583583425	0.00147869081968402	0.000289044673011695	4.9990497549681e-05	0.0249371689893725	0.00143178647077614	0.00164300164363645	0.000679862371456847	0.00858987948343192	0.000470025074117621	9.43678249499155e-05	0.00578968219308124	0.00503074424837623	0.00284571211845397	0.00418997603177191	0.0226037952167227	0.00249944890295146	0.00182533701541089	7.89388286781939e-07	0.00353790242281614	0.0142017362456585	0.00165102345061441	0.0026439686462822	0.00297330906182106	0.00196705398912588	0.000170379367442364	0.00141915624211964	0.01483349436763	0.0148683429351601	0.00346125208396715	0.00267551167318659	0.00500457258233467	0.000564555667352407
A[T>A]T	4.24547441553285e-05	1.25039041242676e-16	0.00330434862886268	0.0019217584500129	0.00324667338195352	0.000478515289856618	0.00173498251189078	0.00359516498663973	0.0363238889136088	0.0283571261695462	0.0138488539824722	0.0123172039672191	0.00391286812558816	0.00101885494044468	0.0412037075808627	0.0131944479337635	1.60171825194971e-06	0.0019219028074498	0.000345576035344151	0.000920711239434945	0.00285588906795579	0.00788468539323853	0.000813613697273131	0.000409628584642693	0.00362929733264869	0.000306784471746314	0.0117651598156082	0.00097995723751933	0.00161056818129834	0.0136748694567077	0.00114950675970025	6.8238213821938e-05	0.000703374042231308	0.00804704364819807	0.00194928184045967	0.00170741506105735	0.00133356850757911	0.00080648727232889	0.000228523408585265	0.00202736200392616	0.000412096164071295	0.00296885365395917	0.258765375803652	0.0035864830521856	0.00153762029226554	0.00187207519465268	0.00120099884487167	0.00298985238952532	0.005854328460748	0.00718825406100494	0.0128573905447517	0.0338713820798057	0.00323576231071851	0.00226893050843821	0.01462972328901	0.000252986683491198	0.00111061902576103	0.0472238669640476	0.000169251776376875	8.7621248223114e-05	0.00125973054055041	0.0169233675446431	0.00055041671957592	0.00178112424817678	0.000148838867764953	0.00214531492970994	0.017403827153999	0.00400655228579991	0.00530696727826068	0.00126877928690605	0.000401188120899249	0.00504793546452029	0.0557306096421245	0.00349757516610161	0.0012067214916148	0.0337635010162307	0.00240329242512824	0.0209013092319318	0.00014779486498587	0.00508774807983623	0.00842951831646623	0.00754176683460219	0.00147169674701368	0.0132338122892786	0.00204146362447124	0.000136901030105705	2.069404698605e-06	0.000669097102443114	0.005212293994957	0.0034832068501891	0.00125030363196159	0.00400378969261037	0.027787108184587	0.00142013866464581	0.00585505502518853	0.0500575252768444	0.0300161034314571	0.00247185261731749	0.0218572410856379	0.00512686229801241	0.000386163537359184
A[T>C]A	0.000223013285090265	3.05108340107369e-05	0.00786967408500355	0.00320045645656911	0.0213361987645422	0.000561834548565743	0.000202090150735397	0.000390114904138645	0.000181972052484291	0.00265298623258407	0.00477305590940105	0.0116674114883501	0.000386016168408069	0.0029478627574506	0.00922549434488747	0.00273786708293772	0.000474305806001734	0.0442372750215469	0.000960578261474969	0.00553032086248945	0.00102700075932597	0.152980182091069	4.74204993166388e-05	5.55337538817871e-05	0.000824681043087682	0.001071478410492	0.00433680387572066	0.00902052261347336	0.0141347912986447	0.0364824870063057	0.055785846519438	0.000331179343469403	0.00220557514225769	0.009859356564152	0.0474854158531537	0.00299381493080706	0.000379810803084472	0.00071125553832017	0.000251306840731834	0.00876791390576044	0.000403051173438038	0.00645533801579125	0.00333648472232369	0.000875506967353357	0.00231898635904254	0.0436893601205901	0.00108644073373176	0.00482552381037718	0.00779823684866373	0.00927596259503417	0.0118981851133222	0.0103175090969962	0.00483250294932598	4.15074355176234e-06	0.00808482898809109	0.000505232464460502	0.00906014159341389	0.00174353020660113	0.000243248714663318	0.000133811712698109	0.00121239578290649	0.00131036611846779	0.00152969144367699	0.00383371501843016	0.0127338758501841	0.00209953128456822	0.00661583894951739	0.0148953677113513	0.0429606477838504	0.00397630052180914	0.000626952826693152	4.17904514788594e-19	0.0206750132304343	0.00153446764798389	0.00233155327048	0.0776606838357307	0.00751956758622964	0.00448735615404997	0.000104538270939763	0.0435872080373208	0.019287262832292	0.00569961808451907	0.000730743589685385	0.0162103069195008	0.00351749441187399	0.00580212872409531	0.0181106012895164	0.00306880302439239	0.030708138742298	0.00405493988551689	0.00328918570160245	0.00484564462754545	0.00750144558488081	0.00367872966567831	0.00451894316392817	0.0319757486290229	0.0102106266485077	0.00251707829259586	0.00942747470966787	0.00791932881939175	0.000790021061197491
A[T>C]C	0.00113402865893603	1.93844498978951e-05	0.00674808596798821	0.000524804027806565	0.011283036439486	0.000523770014758183	0.000170694851487254	0.000317982753641802	0.000614024918162512	0.00436000778845915	0.00446257817866206	0.0110030707296085	0.00341982434916559	0.000293164956240887	0.00838091577072599	0.00308993099425315	0.000711545085528532	0.0441633187315643	0.000130207076040101	0.00504157700461407	0.000943459566906837	0.0148681050642938	0.0113800329042413	0.000262217419338702	0.00155570422048616	0.00044803938422356	0.00336235450301733	0.00984830250821077	0.000933707382820599	0.00152539815494079	0.00420083460571287	0.000121309386163004	0.00136976031931038	0.00824988607274849	0.0266471652310353	0.00199963790010439	0.000556262368088984	0.00151513491611986	0.000343458795217136	0.00579887785058022	0.000550361757009281	0.00353090681158048	0.00161956511779519	0.000642419267855963	0.00136104269665379	0.0417300628281549	0.00116437222516091	0.00443048871399393	0.00262653983674552	0.00457790934982534	0.00961552944697062	0.00125789708094876	0.00266604420244008	0.0266806285166634	0.00247459786763723	0.000281055751944884	0.0426812626678742	0.00636901378454861	7.62017211839621e-05	3.24152835004243e-05	0.00779978699379687	0.0178031281192772	0.00139822380695086	0.00228870210824168	0.00616205497268951	2.95621025780101e-06	0.0059443143139295	0.00986263227051753	0.00479698118255927	0.00190170291634466	0.000245454547604283	0.000246209315922557	0.0260218209770533	0.00159953644026123	0.00143882097382484	0.05795849523805	0.00299995539033332	0.000264633259397363	9.46039369860315e-05	0.00413208569372196	0.00336065583843804	0.00392827035725556	0.00290836499855605	0.0367427082797167	0.0024187323302921	0.00400889608584444	1.03818386230915e-05	0.000550044706442588	0.00806488429906447	0.00333075299481815	0.00224652266515569	0.00220880324108437	0.00690519336436079	0.0207261061576313	0.0011668766435932	0.00633221431753182	0.00672037758099654	0.00330869240177256	0.00592770832007637	0.00556436531839018	0.000325103264702266
A[T>C]G	3.66427608390027e-05	1.10285898291543e-05	0.00991185737642532	0.00340088498915842	0.0298068154305476	0.00182120586290736	0.000130306769839349	0.000969306084347263	0.00114228233397727	0.00944802893834894	0.00576148627243305	0.0138864633445992	0.0018734409642418	0.000282857480548054	0.014492693417531	0.00758956392778043	0.000224947357940213	0.0715940291150197	0.000363680583163985	0.00919556890135696	0.000107055434984629	0.068249237079117	0.000312218099735719	2.15043436926534e-16	0.00143474600009763	0.00161462896262361	0.012737262501357	0.00354098539481207	0.00740566192530626	0.0133281007497785	0.0617654980185171	0.00029682749978866	0.0010247825354994	0.0160143178139961	0.0742696181938043	0.00569931918384597	0.000473398411838433	0.00168608503155037	0.000192495219640634	0.00589656751471919	0.000793026498438735	0.0640445471788623	2.38035583370749e-05	0.000667105278848439	0.00286580902317082	0.0169183546206748	0.00142770545966853	0.00701747062965523	0.00635411504595414	0.0127340869626819	0.0236583444460667	0.00289229197130712	0.00602511081016074	0.000462892687808996	0.0192512782592435	0.00128978692429064	0.0272230194245951	0.00217553663206662	0.000106482909478684	7.37632058904615e-05	0.000880125112481013	0.00337650300512651	0.00180572251009813	0.00472903465981705	0.148835413091555	0.00327820649087183	0.00853995115945212	0.00974504762093352	0.0060863348773693	0.00237670838711635	2.88917450838776e-06	8.11992544945383e-06	0.00599106211266432	0.00252869315709645	0.000416038554774756	0.00747848608602544	0.011825865322292	0.000143051224934762	0.000359683966203111	0.0331210218665991	0.00595351557696069	0.00199802359927838	0.00215312246338742	0.035196412983767	0.00440724626819451	0.00721522669505855	1.81723761852926e-05	0.0041834108095593	0.0467603778098993	0.00486764574753744	0.0036652756261182	0.00194763114763937	0.0211026462299931	0.00651957729147339	0.00879950890736457	0.0340856114889852	0.00533720114752835	0.00323120302285142	0.0118061614619116	0.00447094677983257	0
A[T>C]T	0.00133164438617655	8.69127872142276e-05	0.00935601175714169	0.000712100664682185	0.0200560640360428	0.000144707580310016	0.0002876046834361	0.000932401345576962	0.0018985860764188	0.0351876752572133	0.00825391695139433	0.0188994137946903	0.00197405969544959	5.36239818652724e-05	0.00733582752047082	0.00338223696843505	0.000561399891840345	0.0434813565411389	0.00054687734222741	0.00297115927124812	0.000278104907717392	0.0974833785460559	0.0043411324266323	0.000352034646568407	0.00196278354400615	0.000816215592865562	4.73363030479804e-05	0.0156793139628033	0.000484453879415836	0.00418823757694346	0.0181698565615493	0.000110621887116657	0.000953462304125906	0.0078310156380472	0.023619961309762	0.00174102622918113	0.000466749056107368	0.000473194312632403	0.000254173885788612	0.00412782593403098	0.000297841873145511	0.00539312507636845	0.00191617423959973	0.000987864175697354	0.00256437007715591	0.0324402954065238	0.00154098729682785	0.00664411598696789	0.00966836914871492	0.0117087938823221	0.012136783337712	0.00734251012687029	0.00127540982055233	0.00466509119100323	0.000126822758470661	0.000610513419078952	0.0169924710941441	0.00090815099216501	0.000278325444102957	0.000119303267101593	0.00257173140504381	0.0010727691668691	0.00227567162067919	0.00276208928256037	0.0038717861809414	0.0074976564039394	0.00744163652519465	0.0113656552580503	0.00493783965675255	0.00489386179799348	1.99955085520713e-05	0.00444581829310363	0.0469658006844342	0.00215331386196761	0.00159959035176188	0.134141479446655	0.00638147343475389	0.00255094690915952	9.29855847402251e-05	0.016384403100658	0.00677889958431711	0.0108728991670396	0.00125980940147128	0.0185933910906379	0.00308549832277492	0.00527750890125963	0.00120237765849102	0.00129829086315351	0.011443487533315	0.00413262365732254	0.00859751389713233	0.00219396487222833	0.00241808316122331	0.00155923650311484	0.00296943855726123	0.0303300462181745	0.0136263690636374	0.00302281592174722	0.00524389427171458	0.00456020124019449	0.000528637236317091
A[T>G]A	3.51911986660573e-05	0.000117695171319172	0.00188395241531475	0.000422701864517756	0.00178263471136685	6.52996699012699e-06	0.000195078873249837	3.22886113193618e-05	0.00751898937802445	0.00225138775095735	0.000801209124598957	0.0259211952816472	0.000994833368345308	1.09403498256004e-05	0.00127540939665085	0.00363955714368698	9.07003536262582e-05	0.00120811008911151	3.08806802260228e-05	9.30497866760502e-05	0.000123556814667599	0.00708007488797357	0.000418237501677549	0.000804698933187954	0.000294353974654594	0.000963917083757845	4.25379372448815e-06	0.000211739443744736	0.00131736250207304	0.00677604338495245	0.00185046986172664	3.09679236749146e-18	0.00110623389209619	0.0025148504997805	0.00163511121486831	0.000675831753575622	0.00682828743044684	0.000147694536273819	1.60436980489878e-05	0.00158166277416879	0.000166215269200135	0.000505582023263293	0.0020365562008559	0.00130896876915023	0.000481465772126951	0.0129339581066388	0.000447816004625947	0.00167169914770579	0.00249026881503579	0.00643311878597637	0.00211828029367361	0.00595861018704028	0.000499914141292804	0.00122959280498504	1.00511261997898e-08	4.31475577218161e-05	4.8973738342778e-05	0.000105350856334138	0.0001143269091526	4.27848622469885e-05	0.00034251347392023	0.000365789499752352	0.000705697638538342	0.00155723466377458	1.68739529696394e-05	0.000126454445188102	6.40414217815813e-05	0.00395343241053967	0.00720458108218809	0.000715334618028672	0.0121502482140364	5.31315442011628e-05	0.0166690976154123	0.00203180535461342	0.00201275513048815	0.00563341772239259	0.0024955886668332	0.00426964132439539	0.000832618542104204	0.00101146627863693	0.0142697020573067	0.00155497574849179	0.000127219718145699	0.00695579625548174	0.000295494129055088	0.00169757999010601	7.68952287576747e-06	0.000297640770833904	0.00174930893915804	0.000455215306201329	0.0157036843792513	0.00233280805307991	4.0184875738189e-05	0.00136013144959862	0.000450882375775199	0.00500976808416343	0.00211641144610742	0.000772223424824896	0.000851642831503462	0.00139223842226191	0.000160121403008108
A[T>G]C	7.72185100931278e-05	6.7259533134092e-05	0.00226095634751503	0.000116704760209403	0.0021892457129089	9.45567434259926e-05	0.000185734081865823	0.000649911605327658	0.00120961682083788	0.00295104868103765	0.000595010364436909	0.00726202653482176	0.00117143130494641	3.06390326291573e-05	0.000903547514730785	0.000587401390451052	3.54509036199376e-05	0.000727653657068751	2.03571776842038e-16	0.00237674389069032	0.000199763156960108	0.00508281745746294	0.000627245491877886	0.00466163803863757	0.000638657475113198	0.00142558027051623	1.57330468669449e-05	0.000430370322541612	5.28409230486191e-05	0.00118203159488126	0.00171822452366868	3.69831154092334e-18	0.000879662158204547	8.68543638840517e-19	0.00258303940237608	0.00103656877435911	0.0218216115645233	0.000540552583839151	8.24896942428275e-05	0.00194340745780169	0.000336811847404761	0.000284355700747403	0.000608325204263666	0.000755879554819681	0.000501733267581368	0.0115192357706355	0.000759681631749722	0.00233307650782367	0.00391743510473971	0.0147962753711416	0.00264695705784282	0.000306974715895243	0.000307620455689509	0.00346933360063638	2.48924240138456e-05	0.000392671297074471	0.000714330755947618	0.00193204605782719	1.6521528312844e-05	3.29721104562598e-05	0.000510179718884389	0.00377278713477446	0.000393435960278613	0.00179384756493728	0.00125626445522014	0.000809593372078054	7.71177996257002e-18	0.000805550632980886	0.00076673808315273	0.00113664987651907	0.00930423238219633	0.00096839755558159	0.00437926215628758	5.66392723227571e-05	0.000310654166729708	0.00660286596672628	0.00112951689471883	6.61747869283525e-05	8.36456550346082e-05	0.000319857591706266	0.00244312108097941	0.000699229660154465	0.000150728289324407	0.00592849941873249	0.000400695436394966	0.00103486364615956	1.0559305949982e-06	0.000133363058013205	0.00109351850180251	0.000665148512829001	0.0032373283699822	0.00145163873809983	8.77104096055177e-08	0.00597821941775999	0.00178851070387541	0.00659668353006912	0.00159238719150472	0.000551411101838124	0.00132778276242373	0.00305099981205926	5.81748562545514e-05
A[T>G]G	9.26439483241672e-05	1.71277342043684e-06	0.0050768049780344	0.000965851241688306	0.00619544769961184	4.59598056530591e-05	0.000192324717094633	0.000949920027297753	0.000644802573728637	0.0108976171809825	0.00393729052558502	0.00517586402521071	0.000280140860373151	0.000278595918071019	0.000888538927998504	0.000833575235298206	0.000125829875700795	0.000820538761898704	7.01050937098422e-05	0.000525778569122876	8.25222044047081e-05	0.00493445218668125	0.000597035013062421	0.000954611567728882	0.00137266574706065	0.00123718340365917	1.84126605063973e-05	0.000170660685620109	0.00281892955730597	0.00407797053101074	0.00200209023969423	3.58494941206971e-18	0.00119946111221021	0.00574584027706161	0.00216659092288072	6.78392917009663e-05	0.00897703676690528	0.000257511444876634	0.000284920393505037	0.00291923696855063	0.00092398500276807	0.000414457487427386	0.000240375656259515	0.00324851304066987	0.000698541005384493	0.0169183546206748	0.00136191252067988	0.0055761231889575	0.00409814512074425	0.0120940202885516	0.00569005197597508	0.000517009920159651	0.000448364330660669	0.0275681849934302	5.28568435199673e-06	0.000613116448166262	0.00132391583827818	0.00383061050298061	0.000131142062399642	4.64707607393316e-05	0.0030687536796815	0.0237637430045098	0.000820156817726458	0.00290047461426814	0.000847330023916441	0.118243770023236	1.13590655015864e-05	0.00116372940914675	0.00244355066183843	0.00114784249109154	0.0214320040264762	0.000672682161371219	0.00529939520038052	0.00123641557729126	0.00114899810108276	0.00271944948582739	0.00411391744980033	0.000306538149526191	0.000718950287038614	0.00102253919324411	0.00486165559833802	0.00146710237843479	0.000143416562835494	0.0269162323730117	0.00107345500776684	0.00385147367407008	1.15119125155699e-05	0.000329969074449916	0.00627381971456324	0.00118347149915346	0.00283676694947732	0.00135332515639607	7.53834186732651e-05	0.00347044575625319	0.00135327079366259	0.00630477728921195	0.00368759968369323	0.0042572774720638	0.00144911902184008	0.00232376152080908	0.000710736461128639
A[T>G]T	2.59833277256322e-05	2.10828159225319e-06	0.00214701558321688	9.85984903619227e-05	0.0025292632959412	0.000111269332550276	0.000144504062767607	0.000317883793058167	1.59037978677634e-16	0.00986634768543192	0.000409926020267565	0.0155757235869932	0.00541691427923225	7.93645513546596e-17	0.00749476580311529	0.00289067677316799	0.000134452941004689	0.000872353395320703	0.000182482541706693	0.00552426594422039	0.00108667484643484	0.00570564510027499	0.00696587273380779	0.0447161363428756	0.000851774043166774	0.000759924700489448	2.67351095848987e-05	4.25688879213672e-05	2.68170684966751e-05	0.0023476531980339	0.00103053927166822	3.14715568927083e-18	0.00184049507847869	5.40153749208391e-19	0.00376522479491542	0.000172086087329125	0.0902120016300111	0.000333293371109332	0.000370301185345404	0.000381592239941638	3.14962657214689e-18	0.000443863848936335	0.000941709628714519	0.00127984397242216	0.000492839836630072	0.0166932355951787	0.0012628150073584	0.00313641377159076	0.00607023704478585	0.0247338078740282	0.00495691878746969	0.00307779483767294	0.000430332693472812	0.00298989955178342	0.000674487296199463	6.94145377106957e-05	0.00033318570772831	0.00564450993024906	4.98979845723089e-05	3.1187064631415e-05	5.38389720509614e-05	0.00122192458187698	0.00086031467223258	0.000792465774426535	0.000168123401483744	0.0012477853203029	0.0034507591944794	0.00379066823190654	0.00125866515298907	0.00155878567017947	0.0090377610970034	0.000836349350686643	0.00252026031554501	0.000543785474398564	0.000623701295050731	0.00593142622818461	0.00215787333095911	0.00182406416857548	8.45781717227378e-05	0.0019623420692974	0.00505592392404231	0.00108533548850538	0.000216220400651022	0.00496171884901389	0.000422173324958212	0.0013458974541853	7.22912041379347e-07	3.5306796524776e-05	0.00445948957034043	0.00116850920951037	0.00440086060052639	0.00354455411831809	0.000177003529661296	0.00643899719420725	0.00147427819805458	0.0105943689870919	0.00207360439962	0.000951301513369616	0.00255095110999232	0.000579862862226734	0
C[C>A]A	0.000149151456034478	0.000240333207977844	0.0250740406026185	0.0759079640826046	0.0080173874832741	0.00108107627647905	0.000438459210698745	0.00101874730899455	0.000160919019444732	0.0206151050067927	0.0457736294580603	0.00644597710303498	0.00384986296123091	0.000383797930232273	0.020621501079821	0.0122716842842913	0.000600773550848701	0.0076116500211393	0.00164511512442921	0.0167161548219976	0.0257849564139224	0.0153610947450648	0.000338753895783575	0.000361369951851112	0.0705887322664629	0.00127592941903025	0.0356076132803488	2.801932209056e-16	0.00241229487934597	0.00878214190481237	0.0297475473580506	0.000131879306951136	0.0204524159960416	0.0164705817297304	0.00184481425376637	0.00702280434615881	0.00328140317557113	0.0459555481626196	0.000738062577261881	0.0107453089705569	0.00124759824077477	0.00325792917849966	0.00329041641583628	0.0299826227263799	0.0575893346892913	0.00448432001798321	0.346653640979034	0.0101675617766341	0.014839376502574	0.0107582792639873	0.00941841104822178	0.00611740405439319	0.0112912268690052	0.00724249408560996	2.7790146105318e-05	0.205076793985652	0.0178507661524102	0.0354117270596924	0.000609689846193956	0.116798776072522	0.0242348427117498	0.00825120481714637	0.0547083377706045	0.2647627412596	6.4386075333349e-05	0.00704826456017235	0.00306687138517407	0.0113830292717819	0.00770606092506714	0.0020822361638879	0.00133997272800994	9.76441139413631e-19	0.00696704070537119	0.00607292386895922	0.00505895976749302	1.62933905894863e-18	0.0274654329952968	0.0021760882289012	0.00667263360628855	0.0211823184415251	0.00850223829379094	0.0780689661138536	0.0548000053175006	0.0110119426895798	0.00727396100257726	0.000966919186946462	0.0250064853929223	0.076677830221579	0.00918576493425207	0.00465292897460483	0.0108455311563315	0.0104133486438794	0.0170973090725069	0.00058638254879696	0.0144713267444247	0.00303352065196375	0.0239070936721796	0.010657890825221	0.0207306262233612	0.01677193424025	0.491831157465799
C[C>A]C	0.001077287224896	0.000138623162186969	0.0354950096993902	0.0943793778161617	0.00834098635961517	0.00305853364808226	0.000291162029604646	0.00174380641818517	0.0057430820667734	0.0057633961824377	0.0557580642378859	0.00324603931049173	0.000307875525877238	0.00294914885917716	0.014401250858148	0.022931741463548	0.00120671363108918	0.00756707969523394	0.00143201820007874	0.0254343108933345	0.00392180925481406	0.0167911932703708	0.00167697057345376	6.90017330281329e-05	0.0235377371792781	0.000933368385960733	0.117911534473535	0.00413107041884369	0.00730241854390317	0.00919174293298206	0.0279947277220941	0.000692698588890469	0.0353786537247889	0.0109561750256928	0.00248722630953954	0.00388877137208239	0.000221817530642181	0.0393885514651677	0.000469427301634231	0.0146655415282474	0.00623193965674708	0.00290145795232138	7.79956144107033e-05	0.041659816912381	0.0262460658287997	0.00142715095412658	0.07960870807051	0.0114822932207195	0.014723917735636	0.00913267509285602	0.0163386806837557	0.00350166965940606	0.04019407070233	0.00011274590426767	0.0373362029607681	0.163802864433785	0.0103721726847648	0.0095505323721327	2.32093222339313e-05	0.0183642764397806	0.00391886730400824	0.00471765527833863	0.0227981815719245	0.00354277655520786	0.00329674071345602	0.00532400353058202	0.0103998080833967	0.00648992659231576	0.00287276385525591	0.00697083449808624	0.000361692062167611	0.00641508962776645	0.000629893348948676	0.00393979094336032	0.00449557200837917	2.05123986633624e-18	0.0203421753388901	0.00103178502348691	0.00469652591790145	0.0200619147307682	0.00789915987224762	0.0934497251171766	0.0446245256139907	0.00396905311871162	0.00660053699096652	0.00202683242626211	3.69348209442475e-06	0.0742465583798466	0.0194154496171482	0.00587484251907212	0.00942988423154427	0.0114347744259959	0.0162948148182753	0.00116064259874172	0.0359806276491989	0.0016588338146974	0.0138879880212495	0.00777540277705169	0.0073437913410222	0.0378328355674292	0.000495736689865767
C[C>A]G	0.000123016445717877	7.11530784766555e-16	0.00772442857514715	0.0636400939619626	0.0103102944770699	0.00270657372839529	5.93051065623695e-16	0.0010068692772917	0.00778692347027999	0.000334167897892321	0.0107492022982807	0.00508064523921877	0.000155114826168699	0.000170476951065398	0.00785497128255896	0.00345404449749809	2.46896479553878e-05	0.00453749541169354	1.40516168756289e-05	0.00390821745215328	0.000112747252742866	0.00709723068163002	7.03901191431245e-16	8.21237875040407e-16	0.0316108228408401	0.00062996327472119	0.0194309834006199	0.00690081446357472	0.000499626004489686	0.00422062068635801	0.0130335497668301	0.000313538835404144	0.0355780207207644	0.00393376343538405	0.00130795550452826	0.00101750320273325	9.91105927117367e-16	0.034653835188926	0.00108013331950838	0.000912392864466322	4.61270306983129e-05	0.00123623925784263	0.0013886222048838	0.00609217113594287	0.020235648952753	0.00287284363067329	0.128142111142123	0.0159572567957161	0.00482370734784181	0.00330366152369249	0.0096495689581413	0.00312031572753793	0.00505349644956479	7.72098694309166e-05	0.0101089245747348	0.161569822241295	0.014219871993789	0.00107729086253305	0.195478306086571	0.725372272460653	1.54076836925306e-17	0.0140372241983833	0.0357957491206994	0.148200604763913	0.0166860058647877	0.00199623290635383	2.29536066007005e-17	0.00386610092248378	0.00502745007302072	0.00210151995552391	0.00118851432706739	0.000186596319835036	0.000709525673556805	0.00151942030014341	0.0326623305127022	4.49948055657842e-18	0.0101139720417276	0.00109493969750107	0.00523334605353606	0.0166560947333049	0.00544940039004279	0.0167911783464658	0.0383518080546679	0.00473379643051365	0.00362160745601025	0.0916244495599871	0.00380558549229795	0.0340026606191272	0.00215801794869797	0.00230608588410651	0.00217125113002335	0.00378816507790909	0.0102007574015759	0.0018043882367289	0.0169831276308273	0.0015330841539175	0.00697436642233756	0.00516052779549742	0.0076515037728028	0.00971552842269067	0.00645171173346363
C[C>A]T	1.08512728317427e-16	0.000495235608424889	0.0174719740065652	0.0660757904355286	0.00712965023696267	0.00580544730850412	0.000364956546138802	0.00135558607501787	0.0202905944177673	0.000169349050540457	0.0383499133748749	0.0041835828768105	0.0213227752134684	0.00624725322249995	0.0540572133660919	0.0231668497694029	0.000148454797058508	0.00157272083569249	2.65595024849924e-16	0.271457336752122	0.0180240127641467	0.00374427475629583	0.000160162831343701	0.000247078762320953	0.035252486783572	3.38689635793323e-05	0.242960139967221	0.0245412718047767	0.00014762654300156	0.00670403110772369	0.0171953011364786	0.000515710232249065	0.0140180133886799	0.0142756942000606	0.00951066927068861	0.00437163389038513	0.000334070561008264	0.0448007713590643	0.000290581050008121	0.0285245490170601	0.00273491477900494	0.00310797785254482	0.00106509276521123	0.0842232219583589	0.0635686081160671	0.00250953576330221	0.170438648474798	0.00618005348315002	0.00737048607559109	0.0125955550772782	0.0200304558765658	0.00503555299679688	0.0209095699210919	5.80406026423618e-18	0.0863935078520002	0.170184796463401	0.00966918395999528	0.000999484011573089	0.000444491373481308	0.0254435880253274	0.00126105818442608	0.00610167836160753	0.0182422727611484	0.00397058896458104	0.00573655718902901	3.25999362271365e-05	0.0897662145081786	0.0109360685669105	0.0024881663293	0.00192024215746202	6.25172277403327e-05	0.00560704417893291	0.00143190654439051	0.00335068740657319	0.00294043529700235	1.65878819835459e-18	0.0189654362045694	0.00189893043943616	0.00268675239551859	0.0145816183211408	0.0134026790897409	0.039681625671804	0.0527510065018127	0.00314390753472819	0.00424144085391425	0.000675631244808118	0.0135566014306625	0.0637969363840156	0.00728034623935964	0.00249246123602994	0.00305480896542024	0.0133818946332888	0.0735831704372373	0.00111522690066114	0.0491104673705582	0.00492928535069324	0.0171058792898763	0.00930167043803448	0.0360465565553873	0.0127999736990397	0.00339034029163547
C[C>G]A	1.15189632931112e-05	2.57657497279223e-16	0.021507954347785	0.00736504770358926	0.00751023107450708	2.43999361686778e-05	2.14753959489624e-16	0.000409285776164843	0.000304122169994641	0.00187668504277506	0.0057074350888277	0.00119922038342023	5.53223499081214e-05	2.20263191903665e-05	0.000130358465857756	0.00010022273854578	0.000253725091346292	0.00188184770606249	0.00659221301558526	8.76443989806195e-05	5.15588646759094e-05	0.00524345088001961	0.000635020750417875	0.000258693682766445	0.000584741774076309	0.00171090522546105	7.27918023416781e-05	2.48639930263078e-05	0.00138410418412443	0.00494621302778333	0.0050510204632909	0.000151966473105993	0.00210160662983636	0.00801271543608506	0.000476249518164108	0.00655184653888028	2.32797697298422e-05	0.00278955241762499	0.00122049400550459	0.00205868037604542	0.00115704675555724	0.0018099611907724	0.000200799943290714	0.00387066643384734	0.00127976319955968	0.00061554956123729	0.00153765038627018	0.0289926514026795	0.00434195500242102	0.00880393284672837	0.00789873315562914	0.00223959843281661	0.0041466055516243	2.28259166994147e-05	5.24490081424311e-05	0.00123218381850767	0.000572139940782292	0.00137616309583427	5.13305179636263e-05	0.000110168209349491	7.06578670080758e-05	0.00336904523142389	0.00112466621370485	0.00215615139287357	0.00115139723611971	0.00331550304115372	0.000252274656886397	0.00116185447135789	0.00099006690126607	0.00194217556105307	5.3461837962175e-05	6.95226091262505e-06	0.00199971967683192	0.0210682147034847	0.00399969627852118	0.00752147227633087	0.0171723088975046	0.000621738707294348	5.40905478469903e-05	0.00275146859466166	0.00441965508136334	0.00898215771079568	0.00421235332202195	0.00279622452122112	0.00289501510214566	0.00563349282471557	0.0983097143006709	0.0109345951535215	0.00108922635439747	0.00150756066477865	0.0114796246635538	0.00327655118226564	0.000137749393780891	0.00032658306207589	4.29483350404652e-05	0.000279115542027053	0.00482987370000441	0.0116100172420566	0.00063727067131056	0.00119698995447431	0.00186055703753322
C[C>G]C	4.62128285991731e-05	0.000510578343748636	0.0197818035030616	0.00813533682063661	0.012321294182689	2.78032002763916e-05	0.000158925759301176	0.00108003460164606	0.00420044159925065	0.000511903912819126	0.00784636606861566	0.00260359323773453	3.39855468233387e-16	2.0588689045516e-16	0.000309133825571698	0.000192818265121745	0.000216620962177422	0.00157529663910356	0.000958623435879037	0.000101434473285216	1.31993021162276e-05	0.00844208435499851	0.000339731718144699	7.82355415842091e-05	0.00271404540375218	0.00220260363176537	5.21957597334015e-06	0.000433762092078454	0.00129399480746995	0.00508725422771117	0.00691677816253895	0.000280378131078513	0.00529159265998169	0.00644480875621558	0.000530389476937761	0.00219724254801758	0.000153662579605813	0.00676757188230794	0.00095942232238833	0.0023515434530087	0.00104372352161723	0.000622825686898726	0.000250669828875736	0.00795323817599937	0.00178005534313145	0.000548769375220064	0.00144326584562863	0.0477795205681307	0.00592766374518442	0.0190958674398012	0.0116195659267031	0.00232534036504407	0.00811234031060367	0.000291551283785751	3.06744522971596e-05	0.000867829452176394	0.000432173861865058	0.000429502859778457	7.93583287710693e-05	0.000164379768189196	0.000391887137202633	0.000178585873574284	0.00100191952204157	0.00601773037952463	0.00113269337721413	0.00406044060134589	0.000350292936940628	0.00472743418018969	0.00200936467639834	0.00203365049864976	0.000203004601679259	0.00422969168193219	0.000432316208756805	0.0738993566825381	0.002485202162399	0.00236727029006293	0.0148819358640621	0.000177938195136954	0.000207220244243338	0.00569593433139557	0.00528463890998884	0.0185373900899382	0.00484595532472296	0.00145459798896563	0.00382746072934966	0.00799570767152278	0.0232788007962831	0.0085865519845795	0.00309149693701889	0.00225024902483429	0.00613241131924879	0.00216599862547747	0.000692992941470784	0.000399002440657824	0.000274706163231246	0.000439759757756356	0.0069605024657038	0.00396645731561488	0.00120014857536482	0.0120847300676049	0.00204786903738821
C[C>G]G	0.000464693303780234	0.00015538811308579	0.00461619237558587	0.00883168684830749	0.00741983619881614	0.000138205508677808	0.00020637113314977	0.00195204175979531	0.00106815355434931	0.00518253571250977	3.31000562873073e-05	0.00162061592447095	6.71941380601475e-05	4.51621517142224e-16	0.000588722846676913	9.82410776185798e-05	3.00243275896139e-05	0.000670930270329876	0.00158357827975777	5.40682521560306e-05	8.54971614454963e-05	0.00595514800551956	0.000735700403362864	8.21237875040407e-16	0.0094305633277567	0.00012845765315343	0.000491658457402201	3.52027777476953e-05	0.000878015999496343	0.00226339238756798	0.0131686871138027	4.48322379019254e-18	0.00210132711972485	0.00253235855939975	0.000150647411093088	0.00138089583699617	9.91105927117367e-16	0.00304391887325454	0.000318467432914928	0.00236833910189277	0.00149203160393579	0.00105963412539762	0.000885361742849992	0.00240917550824747	0.00119418958502865	0.00123451664777626	0.00240454803858598	0.0341941228963837	0.00277030563636499	0.00369472922767085	0.00812525609358315	0.00228846590658531	0.00126337344052971	0.00766230141030288	2.07531784689718e-17	0.00153003433537208	0.000315997155417407	0.00266340755186787	5.17662610485286e-05	0.000335220987306946	0.00422373688541378	0.0066268748733418	0.00149499924514067	0.00354630747010748	0.00122120214455882	0.000822162510400611	0.000227486636846228	0.00275685443502575	0.000176036592978321	0.00177920243170099	0.00105680406876698	5.93225294273236e-06	0.000181377821508739	0.00865388722058921	0.140374395793248	4.49948055657842e-18	0.012819230337451	7.80629766835998e-05	0.000120128338010398	0.00504854653021058	0.00280239485681591	0.00497043123206101	0.00373536366942171	0.00420102610463006	0.00208742937278971	0.169123475222261	0.00193149292876361	0.00755359312254674	0.000391240479985849	0.00130562706310404	0.00256405468710922	0.00310143673676801	0.00192691011434767	0.000194481230766273	7.28911737169816e-05	0.000464354324578601	0.00765638862392507	0.00480348618204177	0.00211141260297131	0.00969470258327551	0.00127746279944505
C[C>G]T	1.08512728317427e-16	7.48125580644349e-05	0.0253003272484373	0.00653096948891562	0.0104692706869422	8.70339769308389e-06	9.3826976712707e-05	0.000809713165703718	0.00637274894169599	3.21378410524559e-16	0.00638003076752442	0.00414256805546408	3.70962818799164e-05	1.66495761752595e-16	0.000286942549025662	0.000288249717278566	9.53698584429914e-06	0.00223040378235102	0.007656456131723	0.000185843677232075	5.30558461713049e-05	0.0144658304661904	4.55881417809802e-05	0.000262011721124648	0.00368063173966125	0.0031687497110325	9.73322975089507e-06	0.000222284989736755	0.000429458543596025	0.00468746287556463	0.00794473945624883	0.000201838252220565	0.00386110202682096	0.000222066784826632	0.000832515940128413	0.000377935103029412	3.65383246921231e-16	0.00577489652669165	0.000997956119570962	0.00349655763464507	0.000507035274607278	0.000813233244275011	0.00012649006681773	0.0165383780445921	0.00219600657684373	0.00082375185967314	0.0011763972515968	0.0412003568959178	0.00699320982335317	0.0279376535161167	0.0118248689110879	0.00263981871840216	0.00677826755075592	0.000948643629187925	8.60727543458084e-05	0.00167553065778338	0.00174744288433647	0.000200775391617252	0.000128876069499145	9.9178292435932e-05	0.000561444667087164	0.00314110093721237	0.0011644003270581	0.00040997111009386	0.00137967824564114	0.0038002273687109	0.000968165444013407	0.00382296198279495	0.00158684064812303	0.00328912725093153	0.000168789581380046	0.0132295911358109	0.000805206763580044	0.040671030973422	0.00578427312543792	0.00478588594624666	0.0179453155561884	0.000546662019687004	8.34722717549981e-05	0.00623808868217025	0.00806098948540975	0.00850377125846225	0.0034502539146134	0.0018543567251752	0.00365285287464176	0.00550446448851427	0.0451968925497033	0.0089687816437599	0.00140793706075972	0.00211049583172857	0.0293067638709505	0.00539260327502014	0.000127872051211389	0.000518326197581882	7.99368422911667e-05	0.00101152939434846	0.00988160000247242	0.00437085602248212	0.00169036978331944	0.00398674316238857	0
C[C>T]A	0.00095610024141872	0.00499153630239193	0.0179418692069076	0.0119458630761563	0.0209336911432718	0.00807837361113953	0.0481823890294956	0.0956192282241454	0.00400083692384752	0.0506136366494112	0.00304777018675157	0.00972268121267862	4.45484130551174e-05	0.000111235121909862	0.00444910929117171	0.00111347585196009	0.00395655221727732	0.00925475491093897	2.26800914765402e-05	0.00279969935498792	0.0066621423118606	0.0105902933205435	0.00094277049605137	0.00060939647254776	0.0111606506496054	0.115026939669052	0.0100383161121216	0.00170379818040368	0.00159501465424063	0.00579887927099936	0.0122634732006507	0.0543236347421631	0.00433204745350607	0.0159141437143049	0.00221115913129154	0.0241019307390241	0.000472005414525817	0.0064524298413034	0.105712047679333	0.0413744595822237	0.0170035586810813	0.00553848080956278	0.00801511669394708	0.00511409349717371	0.00696645158545134	0.00502745173807093	0.00385777239292253	0.00917093908269945	0.0267603383447195	0.0153944355225848	0.0246429528178503	0.00410847492513659	0.0182022377436625	8.32217632772918e-06	0.00349422337634023	0.00184396780255943	0.0324975486364392	0.00124372833375109	9.3985455426358e-06	0.000239717782705785	0.00413607995780204	0.00381825031634148	0.00311665964052035	0.0115734611036111	0.00343381331176301	0.00817598612309572	0.000368518728140291	0.0194950739473587	0.010087707624727	0.00267982900352136	0.00172606708433337	0.0176034068222558	0.00267458023951581	0.00351759170934206	0.0049559178244719	1.62933905894863e-18	0.0105137417749902	0.00113043501448828	0.0298264437119837	0.0418012903055379	0.0113844249949443	0.0133402232354312	0.0143096084945935	0.00565885050988443	0.357869768075807	0.00198505963489077	0.0412262782865405	0.0120452334832451	0.00164018882709259	0.049105663667888	0.0090297174019121	0.0098799086402253	0.0142471522651061	0.000669017376441109	0.00252419823328474	0.00141099007221331	0.0124043675153441	0.0234556435792322	0.00616472415233128	0.0377742698807922	0.00162159097229213
C[C>T]C	0.000162495858561785	0.000247288884444731	0.0283398888954902	0.0136181040240594	0.0258108712011962	0.0110675556578075	0.067088554011745	0.204756558301183	0.0110958569718519	0.00465367372487004	0.00577699582428738	0.0148100517122667	3.39855468233387e-16	7.82741151099799e-05	0.0098940188323595	0.00340192125467731	0.154204828714263	0.000449073837802754	0.00199713425393118	0.00178169265170999	0.00862021497822707	0.00528095102883865	0.00248654332209473	9.88856952641613e-05	0.00811811709077095	0.111955494139598	0.015498988636608	0.00819858610372971	0.00525840053520187	0.00789566317500506	0.00443974138455237	0.207809417336427	0.00897137778958097	0.00832220914743002	0.00466148982286331	0.0124510428500076	0.000427354968910234	0.00175060186042713	0.124616057690965	0.207340407250946	0.0359729814985221	0.00232420472852014	0.00109190459821206	0.105033234639874	0.00867939141248159	0.0036818408323493	0.00541797388459694	0.00489201469645264	0.0396091796160214	0.0156245880487354	0.0335830762130962	0.00422599235232212	0.0589431338228067	5.9810327263947e-18	0.00352414347581487	5.50099685752435e-05	0.0191597078760239	0.00835445215279645	0.000195793712341216	0.00031655922981413	0.00576303975412795	0.00699463000436137	0.00218382557874548	0.00459064002932119	0.000289907459135063	0.00567893728854911	0.000826691642613967	0.0199309945140408	0.0155725809535684	0.000480787924407364	0.0026876753527533	0.0499349784378547	0.000759761607854139	0.00605087919226056	0.005987720228563	2.05123986633624e-18	0.0162000286562461	0.000711574842352546	0.000277702427517661	0.049971514286777	0.00657445471276528	0.0220679339469763	0.0195204077235739	0.00346759409762829	0.0466086238945553	0.00113654439928261	0.0224663979358812	0.00853686548859055	0.00973752166946756	0.0668670134199498	0.00702487006843864	0.0107357487997661	0.0472799972351252	0.00061352990187063	0.00700776004143384	0.0012919758028426	0.0103544299862033	0.028221159824878	0.00432007880783836	0.101948334317068	0.00493314746096923
C[C>T]G	0.258750063650523	0.00883855244962384	0.00689351394754148	0.00859790569512377	0.0521474461448221	0.200122425799789	0.0178563101653764	0.0545386805231039	0.0364476836265796	0.010365075351787	0.00469686646330568	0.0241423424714809	7.45487203353875e-16	0.00752691950048338	0.0309402450422473	0.00200529010110363	0.00246979582603444	0.000158597689651073	0.00645761686841023	0.0328516888388973	0.0422466936506253	0.00281849976063838	0.0060251405405642	0.00199955955311879	0.0442551530301784	0.0419086016224273	0.0431509017245359	0.0216783166712436	0.00156499809615654	0.00715669289970139	0.0378368984888979	0.0342481949713312	0.0141200278765691	0.0356497199909056	0.0120678727825734	0.0286889568313873	0.011382945326206	0.0358245721365785	0.0445853317793745	0.0227404932167548	0.0311187426309487	0.019593237473792	0.0440350969648323	0.00739367866126877	0.0151909871274065	0.0125759075506026	0.00879406632771419	0.0210446753582648	0.0194914722801184	0.0100664183350173	0.0246692920829768	0.0694096807081324	0.00516101576368976	0.000293156222995511	0.0418952844731885	0.005234958066614	0.0262277638996552	0.00604235838058346	2.66674678128784e-05	0.00194371532539785	0.00321241876511564	0.0675745514590445	0.00626425589867079	0.0299903739907563	0.0796313561415245	0.000205189563513906	0.0271495053930167	0.0231243465901011	0.0275132345187311	0.00283640814077796	0.0127318390880824	2.69647861033289e-18	0.0001087364551831	0.0162186326259811	0.305122692637298	4.49948055657842e-18	0.00717479850463145	0.00101456524566364	0.00287175790391233	0.0341317453989284	0.0261773237849652	0.0507790041642067	0.0153396525398831	0.0222157317199465	0.10780959914517	0.115271090726689	0.000544011262758077	0.00619578501131502	0.00160146832303884	0.0931434292910428	0.0245809011358294	0.0215314742218009	0.049193110925865	0.00843756340661664	0.00915959460148972	0.0149704048160889	0.0220326223262406	0.0386275161712465	0.0954499122732179	0.0119992362326736	0.0094411448234946
C[C>T]T	9.53914470659432e-05	0.00170568162454196	0.0260945077820003	0.0153219224198327	0.0253767222811888	0.00834533145035376	0.0555282793825609	0.114633478401387	0.0309619426829629	0.000199745368043856	0.0168507191786398	0.0151757423174238	0.000126950624713757	0.000446232640885969	0.0118468646514507	0.0031735206714917	0.0644292237972449	0.0048325429579862	0.00173466571149008	0.00141993030981385	0.00979702444930301	0.0290218838224324	0.00203418964333574	0.000184630239173993	0.00645810005418946	0.253893613988994	0.0112802928907858	0.000417587445602048	0.0021472954162283	0.00652441188890194	0.00792683492090963	0.13870831780755	0.00351679962730542	0.01540868580324	0.00219784373342857	0.0100829603081394	0.00546362835906846	0.000580942862961685	0.0452015421167014	0.148245865643706	0.0438405865982605	0.00331681392076706	6.06671108514383e-05	0.0479817140925976	0.0060416444861567	0.00859197141510102	0.00379781811045725	0.00716394278353117	0.0317384642489822	0.0133909267382945	0.0401068765180762	0.00486856762656947	0.0326030731219978	0.000827422161335887	0.00502218283345109	0.00239486830765401	0.00745575630650235	0.00439655673273681	0.000251965875073655	0.000269494373410615	0.0130492063440198	0.00488615714719636	0.00249375799798751	0.0129124854277608	0.00384857648642429	0.000825487779524913	0.000639567992398396	0.0426253585653611	0.0351643979573536	0.00230048775256757	0.00290179894944339	0.0419876533593196	0.00390940887879585	0.00238407715750688	0.00419019280741865	0.0067002403247453	0.0146048848019043	0.000690520839343027	0.00101343394122232	0.0526895033821089	0.00919851168995837	0.0249085673183838	0.00835811183604666	0.00829963792629873	0.161691463061912	0.000498567021658627	0.0133068329921359	0.0150403945323365	0.00388557482546749	0.0532858740968921	0.004996723551132	0.00718999156117692	0.0331327051411521	0.000343810242697989	0.00280619202718324	0.00155042829859982	0.0188123143115339	0.0228009319172785	0.00854298847943574	0.0666777536813406	0.00225934067965078
C[T>A]A	1.09996066178043e-05	0.000150268880598291	0.00473559586737773	0.00724917614416274	0.00204437079542807	2.11608663283491e-05	9.12859640746309e-05	0.000535663297079047	0.00274172181293014	0.00122505572793168	0.0116074524883581	0.00344266929144302	1.4447796918661e-16	2.79530577392761e-05	0.000426177713330566	0.000798425528682664	9.57309752992595e-05	0.000410378776675765	0.000131439961494427	8.50731638398686e-05	0.000114890004461991	0.00253750068974712	0.000266725737532907	6.6803834551744e-05	0.000276703734575081	4.968754915095e-05	7.29843891269433e-05	4.18126453159686e-06	0.0907880298349511	0.0882738604083821	0.00412577249281987	0.000215949632421902	0.000568849253407578	0.015664456321139	0.000661025070034394	0.245382123981834	0.000121116644722288	0.000884882602513016	0.000110067188592672	0.0110717095671264	0.000175004591834441	0.00048175810698739	0.0214031123617162	0.0282290666033848	0.000695970451873754	0.00117018038559923	0.000436792690686636	0.00266155057844944	0.0014193976779248	0.00225537915255213	0.00309228617362028	0.00368636430429918	0.00656396196617866	0.000795107396698467	6.49391382925223e-06	0.000321428566080415	0.00257213582913179	0.010785800217322	2.38236815011189e-05	2.02136932007026e-05	0.000111256742213658	0.00386558705392152	0.00062231998191802	0.00156548568997268	4.06203343820895e-18	4.45939278573576e-05	0.000787595435084309	0.0044745750771032	0.00165503784296835	3.51487273640681e-05	4.03369822304884e-05	7.13592241576689e-05	0.0086535298013006	0.00112554197344707	0.00264257635056584	8.72014717736879e-19	0.018799336328316	0.100264236283808	0.000138321773648733	0.00430597458435325	0.00744546021807409	0.00623794315054576	0.00159328802027511	0.00599764184286027	0.00128880256647553	0.000663478179623463	0.00803208132258949	0.00194677758843804	0.0242763725860457	0.000270499771658112	0.00226018416170638	0.0369274544386084	0.000817196038127936	0.000175552414928985	0.000760663311595795	0.00944821873285387	0.00934052371382316	0.00128700044605361	0.00121870646834298	0.00411832863399134	0.000954241252342414
C[T>A]C	0.000185600674288851	0.000278518152423003	0.019596346236694	0.0113367070378728	0.00553254196752826	0.000323332779402614	0.000248468445046106	0.000845747025848277	0.0195433770807022	0.000114205784292929	0.0329281341533021	0.00415245650888612	2.66687451587555e-16	7.7141096444831e-05	0.0032622402520634	0.00074527349380829	0.00020359717192627	0.00776928197366182	0.000397015853943295	0.00298871236860832	0.000148693758247108	0.0083171970473045	0.0459442329434469	0.0029508331619244	0.00288362254896947	0.000384831904513733	0.00606238309697803	0.000857800285317449	0.0723574668946889	0.0302816375245319	0.00232089072641014	3.85431660029327e-18	0.00148752990196007	0.0173707115705223	0.00187419471525128	0.00384522870155382	0.00215581165528555	0.00118105785504581	0.00073767668310475	0.0209329709079773	0.00064607022185853	0.00118250516800529	0.000681793836658034	0.0326908096071516	0.00148858581510665	0.00159592279332413	0.00181566362330687	0.00640463816645846	0.00707563462942387	0.0107859490409679	0.0151362663814263	0.00277239056272472	0.0016539596206998	1.30551122831339e-05	0.00314252768909564	0.000885291185553839	0.00373043520850091	0.000812010275703853	5.20644283020652e-05	2.58816245997166e-05	0.000569278230630205	0.00174004943211849	0.000217503435935724	0.00352400217128088	0.000736836343157577	1.22525060768378e-06	0.00118991530200412	0.00851799378093562	0.0274702194874447	0.00151280218945041	0.000576620805875814	9.64626898509851e-19	0.00183360315316458	0.00049830087572501	0.00286806278634219	0.00557285087237962	0.0194767860309201	0.000642134779603329	0.000114201134643345	0.00443543344069242	0.0110087961823301	0.00848005214442452	0.00594432686792515	0.0434603598670343	0.00370931890136295	0.00136833777089088	0.000144982729626346	0.00181797823677052	0.0542901556464419	0.000933676043424737	0.000798411136448779	0.0134825414145731	0.00546101978472703	0.00228064041045236	0.00168478443977567	0.00860185864144633	0.0216765483004595	0.00377277020412095	0.00204802820691788	0.00799036181633267	0.00151724495562308
C[T>A]G	0.000168763013194852	0.000187583813294088	0.0160278488617843	0.0333086236752653	0.00589035266993508	7.44289810446839e-05	0.000117597158005475	0.000859768497275153	0.00154583994539058	0.00185891022799649	0.0343272941344832	0.0077696507229974	2.94136414571701e-16	1.78189958456723e-16	0.00116022573856509	0.00134171548021318	0.000323058556538818	0.0021575369418528	0.000289358488421573	0.000354215219048544	5.5102389536483e-05	0.00165762143317121	0.0155147181732909	0.00104174682042875	0.00333632344101419	0.000309641775350539	0.000126916602868204	0.000171891074958128	0.242595477815608	0.0918538066319903	0.00582311592758686	0.000125612540626067	0.0044130456091132	0.0762706400378316	0.00162516602324085	0.00664071500660175	0.00141957366398683	0.00182920893265108	0.000614652341099197	0.0204614421192738	0.00154572308554023	0.000629756402889447	0.00215110618216417	0.0635888437901195	0.00240647435243046	0.00242784100867711	0.00176461686008489	0.00745871255800872	0.00673505810673438	0.00706174065652058	0.0144571624787773	0.00419799854682279	0.0158026143030571	0.000352310502187037	0.000620675590055679	0.00320149953381651	0.00536117803943808	9.13002992594925e-05	0.000174521350211438	0.000128929054704085	0.000605573328224805	0.00839786726469659	0.00127733952711812	0.00285025616657974	0.00213160897382077	0.0196599156702942	0.00214239979915689	0.00183902525091795	0.0011657102628511	0.00014141667031515	4.71202369663027e-07	0.000133176209710558	0.000317911943376371	0.00283801227392906	0.00178250211298382	1.7752968426459e-18	0.0447278694850685	0.000739021092073646	0.000218557706255494	0.0127462581145768	0.0106976247896084	0.00823175737718568	0.0114915915594754	0.0306464148872953	0.00442679810421432	0.0033201834932283	0.00413623583712145	0.00871283257794583	0.146343584414496	0.00129840141872266	0.00525326967938164	0.0103315470538719	0.00206750755201531	0.000384380102392429	0.000871915690543304	0.0234248614342976	0.0123510073137549	0.00579599099234791	0.00289680900340161	0.00958210797366165	0.000804591779292315
C[T>A]T	0.000100829014434901	2.0901708010895e-16	0.0114811267445631	0.00900398624119584	0.00376401640892712	8.6253474175955e-05	0.000290022200323503	8.1192627691659e-05	0.058324293043785	0.00132633923742003	0.0387067090463646	0.00483692661519086	0.000369270616430781	0.00013983633151498	0.00321768902960299	0.00209884900994992	0.000127754790514205	0.00170887353049731	0.000498550406643754	0.0011480658571195	0.000525434291617698	0.00782421854763989	0.0673503690577283	0.00842674436886652	0.00174884420145607	0.000170941795111634	7.83601695817011e-05	2.27298524275207e-16	0.0652521297857324	0.03212991218888	0.00665050878658881	0.000265686138039221	0.00313538676034223	0.0330420750112123	0.000681408546607132	0.00610156738069928	0.00135064027682275	0.00136189239270718	0.000477113754061056	0.0252543277572077	0.000541135201163245	0.00109631433111067	0.000366851053551999	0.0540138960282018	0.00164097862768157	0.00232727131352015	0.00174189423339378	0.0067536716581854	0.0083084908229889	0.00959623756791794	0.0114783168079988	0.0116363441207622	0.00597747855235603	0.000179890801171421	1.09544497853001e-05	0.000936663152763524	0.00334174845254506	8.87651086816455e-05	0.000151730993893563	4.38577832462295e-05	0.000182617318828134	0.00347143901115719	0.000661841841323203	0.00553672007709078	5.50412257299559e-05	0.00478456898599395	6.11064473766224e-06	0.0113569415403106	0.00131500186110906	0.00281020489336904	0.000121598071233921	7.9210920704286e-19	0.0139844764847991	0.00268559755227517	0.00488779199928144	1.32175347585497e-18	0.0180145236395232	0.149682611406417	0.000304196368221362	0.00597353244825993	0.0260969912149037	0.0114423877404912	0.0050815139158637	0.0262788661300556	0.00322281546211946	0.000969104690614885	0.0169539807667763	0.00139733908576737	0.0144313340062315	0.00163087674015218	0.0110896364553631	0.0287302984344545	0.00253660348629885	0.000305192846083522	0.00129201935855035	0.011682782830483	0.0282324087481364	0.00410477723678112	0.00131172598222383	0.00658465125416292	0.00131943084486693
C[T>C]A	5.7044471529543e-17	0.000186754103217653	0.00526641196200773	0.00260768968543019	0.00768082870733717	0.0005277221395408	0.000232598687774257	0.000731754321202613	0.00598121940717213	0.00776122174497192	0.00146009509880629	0.00984646636146077	7.90475898766026e-05	0.000520416545286365	0.00757897226484658	0.00170649863240319	0.000170650846423172	0.0341230427760518	2.98111123198547e-05	0.00173439574435392	0.000247607557673515	0.00845833642323441	0.00682178503375265	0.000461742965665143	0.000197062306482379	0.000233831676618882	0.00592998035005624	0.00776773573998655	0.00478055731988956	0.006978199611043	0.0132880505095769	3.20452028582609e-18	0.000978248435205698	0.00537832882409803	0.0364123819291279	0.00363254513996995	0.00114195718315982	0.000535467390759902	0.000653202738781901	0.00438031211052146	0.000319315740894244	0.00975140684404698	0.000536432532700909	0.000713776609707756	0.000828536383776824	0.0372668823094392	0.000949549624102084	0.00395461164056631	0.00352429038671366	0.00897819954295839	0.0152677811432835	0.00169096543250169	0.0018441608420856	0.00159021479339693	0.00764799753131053	0.000511888011550124	0.0136568164261046	0.00147149112547709	4.00964720243497e-05	3.30293383635528e-05	0.000483650928656735	0.00264454235212486	0.00121913542712086	0.00428493361876127	0.00621675788626573	0.00252284565069063	0.00223041732456658	0.00840295796684821	0.00261602803205056	0.00109941119343248	0.000534214123384374	0.00118609743578942	0.00628185550917478	0.000682339571088977	0.00162056404310748	8.72014717736879e-19	0.00291325944132063	0.00468877826654936	6.74145726336491e-05	0.0188011698021086	0.0206976300047716	0.00329070595524166	0.00181245358969058	0.00112671635029561	0.00165064545098798	0.00318277950928986	0.00592107323134482	0.00114698832971124	0.0171457925335973	0.0018459339162494	0.00150026340409705	0.0599964056629618	0.0237965814419733	0.000791987081773207	0.00206552520412115	0.0205484104244259	0.00350679453213421	0.00157679600753756	0.00429496167170729	0.00160798099410674	0.0002303462697006
C[T>C]C	0.00118066525662487	3.25309001137606e-05	0.015963315266196	0.00219300230542097	0.0110864039426386	0.000604415448892036	0.000246564752959605	0.000741573557574462	0.00522129054718345	0.000124881847769267	0.00789373065114099	0.0202979515762307	4.92714036116918e-05	9.0239923744269e-05	0.0114326785001313	0.00274586557450101	0.000684738884762868	0.0689523771694516	0.000141625945880101	0.00541007596919627	0.00131021249307564	0.00462552925806773	0.196255613684667	0.00850999222987119	0.00231820590125922	7.7768137921722e-05	0.00451871979486779	0.00351598268372589	0.00175969200908989	0.00183647337472091	0.00346541328986725	3.85431660029327e-18	0.0017818546933319	0.0118736509469393	0.0403274995896814	0.00782729949525039	0.00418387045587989	0.00154123851243487	0.00131015945161065	0.00983155176888133	0.000921395233572871	0.0358804399158798	6.73742282842329e-05	0.00200107392331615	0.00191680999793943	0.0299923502137356	0.00208531690375956	0.00786656638954249	0.00525367565174678	0.0069298713400206	0.017597414431761	0.00321876077445375	0.00300982225916702	0.113312341213644	0.00309418174876384	0.00244306385501433	0.0942782716330247	0.00893068927178105	0.000229695467050537	8.96883893084002e-05	0.0188340732495142	0.0830318698567318	0.00123346315962356	0.00318726454254343	0.0171123243671284	0.00554810628667714	0.00322523310314856	0.00589408972176261	0.0117025592800118	0.00528558464946152	0.00312990925267086	3.13503742015701e-06	0.0100218244936538	0.00289559804987046	0.00107109234336207	0.00278642543618973	0.00463657189422942	0.000390864963823233	0.000117561009329876	0.00452442660788077	0.0108003619474957	0.0144033485599631	0.00769723436612904	0.0630291121121087	0.00488344061789808	0.00194889481539709	1.86480188423924e-05	0.000862240390844208	0.0389407646576407	0.0034582270741267	0.0014212477827401	0.0248418863139406	0.031543689858115	0.0114866253717465	0.000753055863336897	0.00496229674561919	0.00878332396526116	0.00345708072856023	0.0035527278166063	0.00523671380396161	0.000806585541736928
C[T>C]G	0.000187514806293266	2.80738707448043e-16	0.0122637334113062	0.00563684443233836	0.0244549583684993	0.00344315169015783	0.000109197585853051	0.000710794498955382	0.00349060487551814	0.00144839990473863	0.00156711548011619	0.0225334517462818	0.00138505540128366	2.03072340043022e-05	0.0188533241232665	0.00443417891492437	0.000138756925740532	0.0572282770497389	2.84249676665314e-16	0.0049947731235263	0.000934252950826704	0.0154657763608929	0.109228619204692	0.00569546218107848	0.00168375216256837	0.000524495488672908	0.0269311583575659	0.0198018713629473	0.00293136195682558	0.00473631967680839	0.0235790360074646	0.000370175781618132	0.00370239632312993	0.0162484348510415	0.112193486950052	0.00854237352155173	0.00438553463281453	0.0036122260191105	0.00132982705014057	0.00488010834841519	0.00201711381375456	0.0525893097898184	0.00149106597520224	0.00170444341589499	0.0020803627218385	0.015098134992671	0.00251804820956498	0.0085226758573461	0.00604483465858338	0.0112291470184334	0.0324916696069654	0.00317132080119914	0.00377565805437966	0.0110097094407677	0.0360461389494172	0.00146461592267343	0.0628379937645767	0.00486220528073251	1.80614996349979e-05	6.00188702326061e-05	0.00284009350319902	0.00377388823689877	0.00127733952711812	0.00733293084024646	0.214271098595221	0.00116607892986014	0.000648109894314558	0.011832491163371	0.00805671847881421	0.00166850824555974	0.000717631314983672	0.0038602067435948	0.0014952754330641	0.00060348849612377	0.000538557143248749	1.7752968426459e-18	0.00982210178485231	0.000400302758204309	0.000133549580917223	0.0175712236125462	0.00339010824466529	0.00749689160567381	0.0154627496997205	0.00937943279741769	0.00308269566911853	0.00837785540325078	6.08348324489701e-05	0.00376213060484632	0.0384328222000314	0.00410086470571331	0.00140513229989359	0.00344426386966435	0.0710113771400042	0.00678386013295454	0.00448866034773461	0.0327320938901543	0.00414571738615857	0.00269966010019208	0.0111910030812131	0.00434862221929397	0.00141344594121398
C[T>C]T	1.65175238801097e-05	0.000174341802626285	0.0142836069636152	0.00195340748460217	0.0130427554087869	0.000611966323585569	0.00142275021032067	0.0041538908261645	0.0516175966804051	0.0457875115747332	0.00598194596878457	0.0358411870240868	2.39614578687067e-06	0.000487036466215691	0.0184712658353414	0.00472384725129907	6.66213934297547e-05	0.0522915161362053	0.00010676406953279	0.00171377979326964	0.000875723819362847	0.0185720360782138	0.396836196285177	0.0197958177528992	0.00198099146336464	0.000306597533422573	0.00530082086303512	0.0222168744697172	0.000580019079540791	0.00285382195733931	0.0112408307166852	3.33492800555602e-05	0.00237113604570025	0.0080889884535732	0.0589067923540028	0.00438234150456273	0.000481248261606258	0.00122432770600935	0.00319635283073474	0.0112422489623525	0.00088964872148823	0.00300507478901385	0.00217646900294893	0.00258681013258549	0.00180842575114652	0.0569390528094582	0.00315164733561161	0.00701499906542436	0.00592752364945329	0.0113444842753633	0.0219570515896535	0.00453568958664756	0.00255839280283476	0.00837424048510184	0.00612175455359011	0.000420799483174829	0.088927639376062	0.0063642538991316	2.83606985311761e-05	4.03142629066757e-05	0.00120580118581258	0.00636750092957592	0.00180924137150623	0.0034853685650168	0.0222350469332615	0.000625744735895104	0.000206657188755989	0.0257919321612424	0.0285254196158788	0.00924110514232501	0.00193451594154897	0.000727617259623774	0.0224166380456542	0.00144392811501762	0.00424765995911669	1.32175347585497e-18	0.00389567833488937	0.00946835920502603	0.000108006687540671	0.0126630990110438	0.0157699272210429	0.0127623099401878	0.00456068931174645	0.00250477634975051	0.00313326408548425	0.00222179338536861	0.0107344151789743	0.000579666213045319	0.0160280805779565	0.00316368078301727	0.00223749274150618	0.0089818274160051	0.0281747280459458	0.00200901316125663	0.00404521424545226	0.102184446978785	0.0125578892860916	0.00300454947937061	0.003233602138272	0.0054619633552019	0.000573291036492779
C[T>G]A	9.08107057981514e-06	9.46134877063706e-05	0.0026063672630753	0.000437971158352293	0.00149574021473412	1.57276709197189e-05	4.34486450695478e-05	0.000171699006111555	0.00259159870743762	0.00112613822722411	0.000745320825106224	0.0186867243451936	0.000100429681432961	8.94959132248522e-05	0.00684627499183488	0.00416396005387944	1.15337272559957e-16	0.000671186696787909	2.60375537983541e-05	2.66079942105074e-05	6.80094694515959e-05	0.00313037524432863	0.000190518208381377	0.00146301753729063	5.6668155068714e-05	0.000369371547023123	0.000488082912310135	2.93836845112219e-06	0.00348257204172359	0.00554929272806276	0.00236716059862901	3.19984897345608e-18	0.000616253142464306	5.9569902624981e-19	0.000994338178999395	7.41646326169647e-19	0.0126307408744934	0.000354406578921931	0.000101837947811947	0.00105879924038353	3.12885169788488e-05	0.000470133830209333	0.000957270291795258	0.00199106169081199	0.000264026876064093	0.00193787795162834	0.000478670501678335	0.00285550984550804	0.000881721245456477	0.00303350182985251	0.00182057138313259	0.00091895360363694	0.000453225846076856	0.00159606109395181	0.000122577336851651	4.70382929930927e-05	6.12413292650432e-19	0.000105546384175696	3.70546687923112e-05	2.89347697408481e-05	0.000515356217888552	0.00175881086050608	0.000409608870078618	0.000632133816816466	0.00237763739311857	0.000995860252311755	0.00385193799995286	9.80345131126206e-05	0.000335678924423935	0.000504729725165221	0.00196303933423505	0.000468861196629019	0.00326724456811361	0.00216377158406743	0.00269421162527472	8.72014717736879e-19	0.00411284866928326	0.00878767789142118	0.000330566747410372	0.000567373288954944	0.00652651772339824	0.00116475966380335	0.000182070872744673	0.00354938555464067	0.000357909753840315	0.00201783672613834	0.0213557321361221	0.00030197984219965	0.00327100780118402	0.000124884183943946	0.00783826009340349	0.0298911613050114	0.000491025042541859	0.00191981012211096	0.000260013357546423	0.00265569352925998	0.00244805797251985	0.000513284297597496	0.00173829595199886	0.000781079828346203	0
C[T>G]C	0.000100120578458909	0.00017692700495549	0.00775046482318752	0.000409793726769332	0.00491426174765036	0.000460059880332026	0.000163742255067631	0.000699197370648026	0.00813821241246204	6.99563106738975e-05	0.00219896763897788	0.00983057665176455	2.66687451587555e-16	0.000836904373192618	0.00268425093720095	0.000599705599241265	2.12897533549529e-16	0.00158160324575107	3.27378308440482e-06	0.0012258780455378	9.56762314284579e-05	0.0015758899514933	0.00117980207181479	0.0413643613391863	0.00187529658627835	0.00199577786314652	0.00149688463448993	6.78292239192365e-05	0.00115561871099258	0.00329004103923456	0.00327080593091117	0.000127695147267799	0.000700014258611316	0.00317730098545175	0.00638518654114124	0.000521363182621243	0.03529142465767	4.76541330117564e-06	0.000204119206697669	0.0014186798208311	0.000447279384363521	0.00113124716009497	3.70224719779696e-16	0.000513146671496144	0.000577081846495032	0.00327439405252377	0.00126736951892367	0.00734942227344148	0.00281486249697072	0.012944672809981	0.00415282738795073	0.00100956497567739	0.000724088392270918	0.00783473971897439	0.00244633725479998	0.000239198486085939	0.00203478284100048	7.32504391305523e-05	4.73934446702453e-05	1.3444345852382e-05	6.57594932587997e-05	0.0029896146691506	0.000729720481665995	0.00332039360910978	0.0190248776453588	0.000519159845895122	4.80215971049289e-07	0.00109480186558702	0.00128112250738947	0.00241679411309442	0.00466681755057065	0.00207286069728153	0.00399992282340651	0.000160960236811203	0.00063301902650294	0.0037152339149198	0.00354108375419596	8.37777612603995e-05	4.73199117522814e-05	0.00047241169419614	0.00822902593392745	0.00198062939031943	0.000732628619931114	0.00749606835231275	0.000683263570105849	0.00334712334634043	0.00630099481390073	0.000392151681708218	0.005331467459408	0.00158013733116996	0.00659004261319145	0.0201511583179259	5.93318837362946e-05	0.0154474537956698	0.00248089454936694	0.0067682370979863	0.00378948643491906	0.00132647014249779	0.00105470519580298	0.00245990080903091	8.12158982756091e-07
C[T>G]G	6.66720584287126e-05	0.000152332851198701	0.0129922718855922	0.0038842974604014	0.00720715805722597	0.000598021205589248	2.33991828854608e-16	0.00125606081808212	0.00191420298498186	3.99726990491144e-05	0.0058455897854636	0.0207775975082603	7.0566359549713e-05	0.000384467309779477	0.00884787544007323	0.00411246296406312	2.34810137547316e-16	0.000907389948411108	2.84249676665314e-16	0.000486068491711689	0.000182817632835513	0.00360492576665338	2.42699598011965e-06	0.0199050593385939	0.00304530462565696	0.00140076031194652	0.00279630106775543	2.76414116410364e-05	0.0115954868349001	0.0100397147368386	0.00391778059629486	6.20059935708867e-05	0.00266712869332019	0.0143083232270365	0.00792624819884228	0.000608228687287788	0.0272995087139667	0.000306716186456448	8.22125364226258e-05	0.00164129169196259	0.0011949206831481	0.00140676422414515	0.000801607592154931	0.00694888410705017	0.000997449713164043	0.00572059941903584	0.00157625877477613	0.0107822272339706	0.00252260486878566	0.00990982408674329	0.00683863464353395	0.00324185647884489	0.00602408372072299	0.0553461065003514	0.00370059430236155	0.000609317507809151	0.00199485694490708	0.0057562234585226	5.8549079984961e-05	6.22414211122816e-05	0.00429534676461815	0.00763793752068487	0.000826635772150906	0.00257386749626538	0.0245357060021701	0.138848147511088	0.00599602594281553	0.00312206675324452	0.000949687621636022	0.00205511459669141	0.00879717509638092	0.000839076296484076	0.00199434678694301	0.00191375343000905	0.0012618512483579	0.00409762655319722	0.0109532762663205	0.000246339697353335	0.000380652208663745	0.00260096942375271	0.00363864608387271	0.00267508948224354	0.0012781755309808	0.0370786049004815	0.001986802480442	0.00808151851016917	1.94522784001799e-05	0.0016914969465358	0.0330184366664869	0.00132967943065568	0.0032495805690599	0.00188237547801137	0.000651569463456908	0.0204971766229301	0.00342063468759253	0.00700369147399896	0.00567884479097634	0.00435376379324574	0.00576916029482315	0.00172500839838089	0
C[T>G]T	6.63143687609007e-05	0.000190276777419698	0.00635530077049563	0.000915659281461602	0.00639007436864377	0.000626422490233674	2.07024232468252e-05	2.66847253644248e-06	0.00407192210775292	0.00017992065646204	0.000531522930156285	0.0615509739116636	0.00127673423510501	0.00312539821352967	0.0287998611899155	0.00589611056504747	0.000104884595384324	0.000391901459474891	5.29077714100867e-05	0.000800318004079853	0.00124602960566125	0.00304341739516576	0.00494647940191366	0.594956283906797	0.00320363484361375	0.00172510046869063	0.00392568039942134	0.000189406222090935	0.00128772859366119	0.00313887508485077	0.00414800556471068	0.00017499875397304	0.00307659834428748	0.00771884540676558	0.00827879223242926	0.00161809527287783	0.13244146885045	0.000527561113349212	0.000206593528062562	0.000773108208919962	0.000551745119110986	0.000187939599618924	8.96973127014821e-07	0.00220448249826349	0.000895840561271997	0.00464324415718324	0.00507806441965869	0.00403423664380269	0.00376811009375171	0.0188163755818341	0.00853968823636577	0.00267621791764082	0.00274790320538796	5.54619669396891e-18	0.000304896470955342	0.000508873614755634	0.00185652691808056	0.000124949738050829	2.75228640103141e-05	3.84536046186753e-05	0.000411545166437281	0.00220560979081497	0.000667254654101358	0.00174911451508387	0.000732351607461277	0.00107950115791653	6.80298379660919e-18	0.00547680568310059	0.00047845812036326	0.016058314325977	1.65742725333629e-05	7.9210920704286e-19	0.00232855144312147	0.00195034284771861	0.00147813488080253	1.32175347585497e-18	0.00377476829726601	0.0144442707252182	8.08021396577564e-05	0.000505019656032951	0.0405652374926756	0.00221622130133467	0.000927370751864179	0.00251278620329455	0.0012007755440436	0.00111314218664838	0.000659574163288034	0.000486002534863276	0.00703540353365395	0.000917692544904529	0.00463244984082339	0.0120088206835105	0.00502004125626733	0.0181694500850081	0.00296232565903641	0.00331784573995762	0.00774065352086472	0.00201631263355427	0.00136804878841183	0.00204673433776006	0.000327313618536929
G[C>A]A	0.000762685630609287	0.000100568125525252	0.0080231791351763	0.0300134594621316	0.0111137187061689	0.000256110771424153	3.94800340895804e-05	0.000673155224719276	0.00156525783418612	0.000241180109928221	0.0278934032556065	0.010468391121187	0.00147917206175169	0.000543747589370211	0.0100544620948538	0.00299645784489363	0.000161965147144921	0.00280775883271635	0.00112602920052383	0.00215390901122042	0.00142639772302604	0.0128412451271533	0.0020639438560432	0.0013437835318136	0.104989369789855	0.000794496960398372	0.0103274709667854	0.00272717681784509	0.00299050472924997	0.00403823993237464	0.022123710708294	0.000297196345603275	0.0505727357956971	0.0151703701071032	0.000655284979037938	0.0151057227210674	0.000254626181420221	0.0831329256654735	0.0009150794910793	0.0132837772288666	0.00458189127064485	0.00537318382715321	0.00478781932217152	0.00999380254109461	0.0705523845422501	0.00286870547209123	0.0110247108229702	0.00699357265059893	0.0110536319721792	0.00470282302987938	0.00432358201783333	0.0069176083522275	0.00757796740103394	0.0102582373992888	7.58837664470465e-18	0.0065690368279438	0.00831916862775994	0.0161343004994121	0.000392337792581233	0.00405830057048697	0.0154440502470316	0.00470298237595223	0.00793019793021712	0.000345787676128107	0.0053398526856981	0.000973606626067991	0.000270968985792376	0.00249698300879539	0.00344992492524335	0.0971130282456099	0.000592816351349376	0.00266552716824218	0.0023751732627092	0.00485521063601283	0.0042399332781079	0.0142403069282157	0.00762366974970092	0.00179779896611526	0.00289925433650858	0.0103071969528664	0.00296218171919634	0.0137022973943524	0.0626690993295673	0.00727954124250494	0.00264301171607628	0.000830727337014574	1.011585019272e-05	0.043822541557523	0.00646564526947224	0.0146327740401293	0.00580406907019107	0.00492397916921821	0.00238332326501463	0.00166181343666755	0.00841073875049855	0.0101423329867555	0.0176417031800769	0.00959698893538235	0.00359839862724936	0.00416048178899196	0.162277494605031
G[C>A]C	0.000216630745060966	3.44421273304894e-16	0.0162373626721606	0.043756264715881	0.0110345005095077	0.000724941695803988	0.000177764784347891	0.000256830393018226	0.00146430787626421	4.2197275784327e-16	0.0399778523622672	0.0119914350631264	0.000713680243079603	0.0025110304154054	0.0117554798268696	0.0410602057492447	0.000526289685887315	0.000782822237143539	0.000708421868494314	0.0307074655191375	0.00205322504330139	0.00839121743885089	0.00196480715310529	4.95570192513697e-06	0.0220595652144113	0.000351454632859697	0.00715238113623229	0.01192753919574	0.00302905604178699	0.0047763882044001	0.020754898154701	0.000631601370164972	0.137774247370413	0.009624954332274	0.00116480923297454	0.0229599773944578	0.00220399786692052	0.102346642367518	0.000634608142735071	0.0288616240438581	0.00486865300584101	0.00156135045137289	0.00105562417132759	0.0672898148490707	0.0264884337046455	0.00117095077730673	0.00763796450703929	0.00935249459305646	0.0158577310782143	0.00688946273595826	0.00909462944492167	0.00554412796333509	0.0348710608516479	0.00246779075582712	0.00611007520419484	0.00659996069457604	0.0045888166032902	0.00669635549624281	0.000238973481375295	0.001690837145377	0.010913751155316	0.0051830214710357	0.00932609624930284	0.00364515521442002	0.0124355416286397	0.000289434994580138	0.0121335288325751	0.00131523630164071	0.00180017636299755	0.161013391173813	0.00131455596926711	0.0133512030978458	0.00110132579395283	0.00481691992858791	0.00368728107003325	2.1780038976329e-18	0.00896698747297086	0.00101999138950917	0.00639234148327433	0.0119439643385898	0.00297358755442986	0.0397582167531365	0.0573932907976927	0.00660194621356028	0.00319229348723371	0.00307615437484567	4.43855236048741e-05	0.0490938181972638	0.00893278180876236	0.00624490089869621	0.00700846458430245	0.00873431241094436	0.00484914637065457	0.00915566404185519	0.0631096348069561	0.00171687174036366	0.0137029592509894	0.0134014244171607	0.00604721112845617	0.0419671184826522	0.00881403595935566
G[C>A]G	0.000768503680690582	4.39832464600671e-05	0.00436427720485809	0.0394130275560658	0.00691503652189589	0.000580748392051285	0.000112088177455643	0.00017845881934277	8.97496073380077e-16	7.08745320762404e-05	0.00856556572877492	0.000628895730493036	3.48103411119523e-05	0.000171887737715165	0.00289036297451746	0.000293287135238149	3.69533416723149e-05	0.00171918273412893	0.000527773237855966	0.00311749734378776	0.000682506053754784	0.00550126104473492	0.000333350798988995	0.000337458000396611	0.0197496769553179	0.000542675875401452	0.00407182581020849	0.00584124756203824	0.00188797615710926	0.00208345460126533	0.00977806790565817	0.000284630682508469	0.14532183374756	0.00200543075467367	0.00046222795421527	0.00618336172214281	0.0001748831006142	0.0534073550692756	5.84381439353735e-16	0.00267322766785025	0.00241650152828702	0.00113015814411597	0.0010490008792853	0.00139232668829124	0.0136517877280562	0.00192985890717657	0.00341370481717004	0.012489015897589	0.0104514353394165	0.00269276582632819	0.00383286555126449	0.00199964907625464	0.0028256826339996	0.000529520767371342	0.00162170644036982	0.00493196923216723	0.00125350714707209	0.00308679912645266	0.001045696414096	0.00954021311465813	0.000719751950810852	0.0138560770305993	0.0105452652670215	0.11028302527798	0.0157383954849247	0.000238380542280407	3.31625564927889e-05	2.35296382689154e-17	0.00932268972791753	0.0309417606590056	0.0012128682817171	0.00204195947190204	0.00162102507828192	0.000606513546608668	0.013418172087977	0.00257482331431259	0.00512175427452114	0.000618334873158445	0.000131848545282036	0.0139340001176263	0.0010594535855386	0.0047200919071198	0.0402771773668539	0.00219953084360526	0.0011787411845124	0.0316187940192613	0.000187474569151084	0.0288110674144194	0.00088089314306308	0.00599233664804578	0.000889397432050273	0.00171875919398501	0.000859625980839541	0.00327423057049703	0.0205217919745489	0.00150189301466442	0.00418564296010003	0.00625720152485026	0.00357708293261465	0.00326016304398543	0.00847137443053965
G[C>A]T	1.15597156195405e-16	6.41584431996064e-05	0.0120861436471615	0.0216269669579403	0.00798131350073522	0.000792384240100223	2.32909452848154e-16	0.00014247017576884	0.00058121212957241	0.000114120038866359	0.0333019134712157	0.0124671507041109	0.0145742796126022	0.00223701377114437	0.015468716033572	0.0131570215015307	2.33723976290329e-16	4.18794786766505e-05	7.83805928391159e-05	0.140141012127278	0.0121760786483387	0.00929100654622216	5.85263726620945e-05	0.000772272013218421	0.0644521841835455	0.000286194278820421	0.00255741011069119	0.0121820448320608	0.000789634213045305	0.00341474368562281	0.00838838448932962	2.92503439963817e-05	0.047506795122881	0.0126730888043032	0.00115931423290518	0.011131833080515	0.000276991844307073	0.0777955868784128	0.000898431536623207	0.00382285836438935	0.00356818001557525	0.00417459750728393	2.47160373751631e-05	0.0249046156152778	0.0772329966038169	0.0019483915247708	0.00896975519504407	0.00643067702752997	0.00741227328623346	0.00715913334591416	0.00835193126846336	0.00617953284475991	0.0191076684946964	0.0016467783566869	0.0119951843643017	0.00653224778682831	0.00297844400265807	0.002201289321565	1.11452104629719e-05	0.00323043938960414	0.00238305382026247	0.00442310191007284	0.00435180755794575	0.000980079530257542	0.00743717081541016	0.000902618449890608	0.0210566606470158	0.0027670639276162	0.000473323117056052	0.505325928166185	0.000163799725140702	0.0107796375437616	0.00135190919680671	0.00901417149593691	0.000684428413016161	0.00611800824297747	0.00873792737582579	0.000796902155458678	0.00103104214659403	0.00811918150294239	0.0043995680053746	0.0120174973737905	0.0650669376908523	0.00167762284424096	0.00261587344274038	0.00206283002066679	2.55286349369725e-05	0.0344223098704107	0.00753341160316425	0.00759204371055595	0.00146829113656196	0.00886376010202231	0.00605413049400968	0.020236703752855	0.0888139355916738	0.00708940795154959	0.0155038821317262	0.00588217857036487	0.0126071816522205	0.0076403295445618	0.0217219414447526
G[C>G]A	4.62839192898935e-06	7.63011068370242e-05	0.0142909364335847	0.00502440517913787	0.00509923564165393	1.16295729404246e-05	1.90593268018664e-05	4.61224103190201e-05	0.000271310980307666	0.000281377273522346	0.0029737598273817	0.00184417242372287	1.8335419336247e-05	1.2794235950106e-05	0.000203182883082465	0.000129195637699113	4.58738698604156e-05	0.000799786167266788	0.00177981478933577	2.29787391737926e-16	0.000619144008226547	0.00156600510304641	0.00101805771931854	8.06594372719176e-05	0.000611634851334019	0.00127861333469115	0.000639728972586874	0.000494460262694986	0.00187744629117901	0.00272848615902835	0.0020974000640074	3.80737346351761e-18	0.00221154059190277	0.00468595898620216	0.000521849461511999	0.001986122369479	0.000298696568325044	0.00194347848663326	0.000499751987544047	0.00185567277507884	0.00088996339692796	0.000939393275158709	5.69325681810274e-05	0.00342239651692512	0.000923329364143652	0.00185622209754706	0.00110247108229695	0.0243961815375826	0.0029007950100774	0.00290502426009611	0.00493725115266005	0.00158418710559754	0.00235890033535691	0.0150012936264139	0.000216441646602306	0.000289733802374178	0.000115544008718889	0.00244194903240007	4.088090426305e-05	7.82820794482711e-05	0.0290391637598878	0.00407034698176156	0.00132811564006805	0.00110459885437125	0.00225323318321758	0.000969051476282774	0.000233507904749299	0.00500717737926246	0.00266928468443311	0.00135769648833222	0.000186903547463116	0.0109945472781563	0.00263290137904542	0.00557339063815966	0.00156254588739633	1.64523006535557e-18	0.00733139476267855	0.00079902176271781	3.09283188764674e-05	0.00270822326050462	0.00466629036591193	0.00307133998330279	0.00315514608062842	0.00261283839647884	0.0010405844364415	0.00313251303171707	0.0341723466466857	0.00982280942062086	0.00125675343569069	0.00162942577404621	0.00652144493163808	0.00109261177497044	0.00031297908410287	0.000520436268104476	7.25346946584582e-05	0.000419536366642055	0.00380971210660723	0.00733547953201973	0.00180181161311714	0.0035542546832769	0.00628847495495206
G[C>G]C	0.000104800697462355	0.000403124249788026	0.0128558193018586	0.00722984282080778	0.00732748530565995	0.000543904866774503	4.27387272094406e-05	0.000539942100126464	0.000933447876037312	4.2197275784327e-16	0.00364683387955652	0.00508020324461155	0.000134472236153966	0.000133921543376386	0.000614076523594969	0.0005331815971441	0.000148140262195037	0.00054253125793825	0.000752404093639513	5.93325662437225e-05	0.000501349608932244	0.00610090722452875	0.00128172862309137	9.89357758435618e-05	0.00170865997489647	0.00166682273338433	0.00362049731360438	0.00239562968343403	0.00162833681255126	0.00446653493132843	0.00823683740870813	0.00014826920306968	0.00623213252073105	0.00355543210501284	0.00101264904294086	0.00249967563797397	4.7975150577608e-16	0.00185878684291748	0.000328866533256432	0.010081432619095	0.00121043859261239	0.00125166094575239	0.000435332735164713	0.0286852998456535	0.00148997395602822	0.00174618666782487	0.00131353512689257	0.0286630389212153	0.00444302884256048	0.00609044745767945	0.00963219779716573	0.00194152133650533	0.00184764595667395	0.0221955234398507	0.00155695647668445	0.00116334357969925	0.00122368442754395	0.00438726646498048	0.000149876753168692	7.49968638140695e-05	0.0475136952292478	0.00180141537262451	0.00184738267137292	0.0897513518572312	0.000299651047652281	0.00212553565097732	0.00016252922031847	0.00449488898347213	0.00248357586149718	0.00214684588167171	0.000204924409299407	0.0205685533200393	0.0110518755846873	0.145127443472013	0.000946949586153612	0.00377034690320007	0.00683109744049071	0.000717772172931677	0.000206217455518139	0.00329904062971648	0.00815822610819902	0.00899234277674193	0.0020574553945378	0.00260658373417636	0.00179694148198574	0.00286036852214501	0.0298765586811904	0.00850888421716461	0.00147994776704225	0.00348010957134983	0.0346530586202833	0.00914836445360428	0.00489653257271207	0.00288296907365997	0.00084297827327827	0.000501011141086199	0.00556583593747847	0.00786495380641749	0.0011616653839449	0.00929065576597978	0.00649896179102782
G[C>G]G	0.000217327590344072	7.05630500762228e-16	0.0073856998851443	0.00850084887866275	0.00446226715729169	3.60939492702582e-16	0.000118945336547047	0.000824756368773525	0.000727760160583064	0.00212201464400292	0.00152554529191776	0.00191610794492277	7.39305339806226e-16	4.47876499680361e-16	0.000106257151399192	6.41670593705458e-05	8.61358467757556e-06	0.000366864402318094	0.000775566913329919	6.23226035352864e-16	1.7058977752128e-05	0.00032896422488226	7.45230673223175e-05	8.14427858100047e-16	0.00166931771557168	0.00158038126701261	0.00179471581450654	0.000404395683893113	0.000773520659652178	0.00175152275116728	0.00457038441206644	4.37433675406897e-18	0.00692428781160598	0.0012739660288594	0.000264402544014441	3.795063650685e-18	9.82887299654492e-16	1.59734234996772e-05	0.000307929533306829	0.00125685774060982	0.000189040639015662	0.000153924797649617	1.02632917534004e-15	0.00162300801684166	0.000486151986223629	0.00220065040359152	0.00254158981098487	0.0271835974679252	0.00190513695523282	0.00282285422038121	0.00507152838379525	0.000959720976929807	0.000594458617609526	0.0382929763303299	2.0581085216535e-17	0.00164005752217439	3.13376786768082e-18	0.00183315712831535	6.09538431595437e-05	5.12289837375636e-05	0.00825943246455002	0.000864387116313923	0.00263631762218224	0.00651277715167628	0.00443688722807996	0.0176657767735525	1.90371366179237e-05	0.00666478615586082	0.00583948565844108	0.000918024658707555	0.000628203300554253	0.00454056476959451	0.000119915845065757	0.00207700433509617	0.00883249469021786	0.00257482331431259	0.00634122030387837	0.000232246946334069	0.000142557056573978	0.00279374866690679	0.00326457664381711	0.00188354539880395	0.00228854418433096	0.0063479806883669	0.00141292317833891	0.0452144987475783	0.00801044266412522	0.0075431589533684	0.000338840327214037	0.00107623556300743	0.00230121813066194	0.000988628796163417	0.000248755624674872	0.000377727743615004	0.000271527826671088	0.000120050677325955	0.00190260635803413	0.00440563801758079	0.000729455291512399	0.005291647706015	0.00147588523326185
G[C>G]T	1.15597156195405e-16	0.000167919687939813	0.0177666300256844	0.00310122568926658	0.0078642854435397	0.000206793026177877	4.38663543480828e-05	0.000268464683590587	0.00204945113988258	0.00135997929830921	0.00601662871265719	0.012481714884071	4.64765215358589e-05	9.02791439279946e-05	0.000198440294606762	0.000492343441011472	0.000196101785782464	0.000767637138131736	0.00344094753455379	8.92728774261282e-05	0.000301726143849882	0.00517412927832926	0.000980128710552354	3.22525453912951e-16	0.00127249130644207	0.000335465713754406	0.00310175858768354	0.000283334819521553	0.000652056450373907	0.00258056375087193	0.00251856894171997	3.8243168202389e-18	0.00295170867828622	0.00240185249744995	0.000432791635054746	0.00685036055289529	3.8923787946777e-16	0.00295181787602898	0.000415863134029107	0.00365948851646432	0.000248790314936863	0.00121835414935052	4.92489929919917e-05	0.00950508127758433	0.00117528505463671	0.00191818413835078	0.000904869305576766	0.035374181920363	0.00365363479658389	0.00949771695741108	0.00635074523083074	0.00360785749076367	0.00292421170857711	0.0213251967178447	0.00196381349146764	0.000870966184636166	0.000744611000664518	0.00346585941743756	3.65719720217117e-05	0.000115056836252892	0.0167047376210011	0.00365386735283698	0.00105435695943948	0.000492618957962364	0.00545908261750633	8.33967741699041e-05	2.34754936877365e-06	0.000618686744592529	0.00146054117968365	0.00228865057703344	7.91552794365459e-05	0.0805442170713131	0.00564563894947247	0.0134115227140071	0.0028846662272206	0.0122360182530399	0.00690196375246398	0.000521052175016017	0.000139501415922009	0.0018916591081139	0.00805074796487437	0.00391092576139176	0.00235809515344883	0.00167073038577422	0.00192666332287576	0.00299753805187119	0.0148859751862154	0.00778333011516083	0.00133263337660146	0.00205458476714147	0.0253866942980116	0.00751754273919776	0.000322348019956739	0.000719432419986163	0.0004740240897661	0.0008435725935221	0.00570380585569314	0.00405138588005167	0.00181051343292537	0.0014261733769083	0.00297461563838902
G[C>T]A	0.00214324420917045	2.60170440743982e-16	0.0184544380686881	0.00388465392672812	0.0211378582368253	0.0561404685308507	8.26552437836043e-05	0.000771512392963585	0.000234043078598129	0.000523993201553059	0.000318123289077986	0.00946494505922394	5.15836463993082e-05	0.000270014167366749	0.00431655320555073	0.0014300345941288	0.0193376563977961	0.00635291026325536	0.00851938003002647	0.0177076141072877	0.0459063522271029	0.00969432043045184	0.00190161084148855	8.22753191538258e-05	0.0093238264086533	0.0595384618764524	0.0403536328737661	0.0118772354624266	0.0031916594978624	0.00404110080887313	0.00182319047278988	0.0473574049411404	0.0243106879141862	0.0112373107741855	0.00363313314202881	0.0198612278925828	0.00530471673810674	0.00890404100288365	0.0482284568111363	0.00689539574375472	0.0229602554060475	0.00651848836885864	0.000396997275284307	0.00738144115823394	0.00387673329516993	0.00358588324605004	0.0021773803645592	0.00816255584108701	0.0324681468017821	0.0131036558900255	0.01715537986805	0.00564979566742807	0.0330246037123364	0.00084492524343467	0.0943845873762013	0.000870070786060717	0.01455854509858	0.0015407525177281	0.000179995388541532	9.47623817869822e-05	0.00263201460603062	0.0053356165761871	0.00171307666725763	0.0073479845181172	0.00022841014767958	0.00740168690835726	1.18525591484472e-05	0.00679073629398035	0.00853667595869564	0.00230054156013177	0.00142184095486164	0.0879258941777043	0.00146339700948091	0.00454549989656967	0.00112325897634495	0.000949353685532228	0.00770426577988291	0.00082755984294334	0.00930091375875555	0.0147884283671543	0.00807753958729486	0.00551474542979992	0.0155110115345507	0.00595233824428404	0.00408533894248542	0.00100735313384827	0.0854428971298126	0.00662448782467684	0.00776968820485624	0.0310310584949218	0.0112149296832181	0.00550310696322958	0.0440095931537201	0.0093729320073533	0.0174989334770427	0.00521861346439522	0.0182848686918574	0.0780002889650468	0.010391403733297	0.0107109669216221	0.0115221198717363
G[C>T]C	5.9291373626078e-05	1.99239211911799e-07	0.0199615277395964	0.00560784328351401	0.0311562381754346	0.0881363745736445	0.0150713216848951	0.0314169768028107	1.87660436773112e-05	0.000343987630326117	0.00037383853325943	0.0117221655215733	0.0202290452339124	0.0148692410736798	0.0142784239891209	0.00912852972745018	0.14944021044895	0.00341663038039043	0.00144668831342123	0.0111862907267018	0.106371924357461	0.0104445967628794	3.40728117214384e-16	0.000279852766016177	0.0104177247702294	0.0512968014662564	0.0673463151433415	0.0330664442761535	0.00327418226118568	0.00377632896069282	0.0120095319599579	0.17979033608653	0.0470369897826812	0.0103390164709441	0.00953184647616285	0.0372173821293786	0.000406226345951449	0.00902191903250112	0.0783625984149076	0.0153033730424459	0.0509729194469443	0.00829064331859205	5.00955671585534e-16	0.0238597351350019	0.00469065951709647	0.00430031189514198	0.00360006013794558	0.00605557160307366	0.0365836951899797	0.0103270606231437	0.0275907221862461	0.00634586762748876	0.197776160820768	5.98567293292062e-18	0.1065011082552	0.00107465328164844	0.00688322490493538	0.00329044984873536	5.10130023589346e-06	8.04509705871066e-05	0.00227489865529371	0.00488278452186905	0.00155434916248897	0.0126096942551221	0.0178428923783777	0.00227628263579228	0.000836453408238948	0.0121204580522392	0.00525051314141558	0.00293318967933374	0.00218586744657286	0.145704310326012	0.00105785964906318	0.00447872289361853	0.00206893927796852	2.1780038976329e-18	0.0126925820100932	0.000793326363652191	0.000143145465186356	0.02062306263552	0.00897567678211691	0.021900261502247	0.0408764333348507	0.00407952694103163	0.004119085514621	0.000431887487169166	0.0964377389413397	0.00527689480646299	0.010771020305682	0.0374370239873055	0.0158880102425014	0.00850024177771201	0.124077994094476	0.0501951244423959	0.100698028514589	0.00547919700758928	0.0188832383040537	0.0861297063181111	0.0243419731890363	0.113671778052837	0.00260143327380298
G[C>T]G	0.285406945995234	7.05630500762228e-16	0.00161142481934172	0.00124163919233293	0.036348268897146	0.289560675803737	1.45582762248271e-05	0.000430734473232297	0.000138667186112327	0.000611296733362594	0.005970888234304	0.0175060839094116	0.0494013707564852	0.0254196624761648	0.0298822483909201	0.00687569862393609	0.00473889387754374	0.000286877195104086	0.000572825755687399	5.3900630084572e-05	0.467955388528799	0.00473270269493952	0.0050631758047086	0.00312236667009791	0.0386633897154226	0.00849751760686209	0.0531671595145026	0.000150013014923458	8.12933413540974e-16	0.0110944804996166	0.046090510896095	0.0294196902823649	0.0560117547266422	0.0320015566064005	0.0239356063619742	0.0355448545771531	0.000951780244846289	0.042493678305137	0.0137910623957494	0.00541796051401631	0.0286563590749115	0.0192985791476858	0.0771733337000796	0.00694790041503851	0.0161108050772789	0.0164762755202207	0.0111630621081518	0.0151081237556766	0.0274009244490849	0.00678952253793368	0.0171040681504496	0.0829005851959309	0.0121291140458426	2.88930659677993e-05	0.132953196818019	0.0035632893061736	0.00470065180152105	0.0067807063374904	0.000428750181329526	0.00145268228492801	0.0162238887801121	0.0138560770305993	0.0073869073948419	0.0130038440120469	0.053298466939514	0.0367522274711557	0.00697662956096715	0.0302423539756059	0.0251336930581297	8.28936961385506e-18	0.0104493209959361	0.0246658647381362	0.000520935908430298	0.0216782962992887	0.0286710036989625	0.0283230564574425	0.00573148881358953	0.000849581448446688	0.00265897020352607	0.0185720788507788	0.0322980149330434	0.0452961981883146	0.0197426849336685	0.0329070138603493	0.00727614019993931	0.0284592148474998	0.000510840173177106	0.00381047650511006	0.00309365208455372	0.108651130029139	0.0657336822379105	0.0278446239346614	0.0073280513227767	0.335993619767315	0.227814675912912	0.0143165746429706	0.0257746529358001	0.0579769083219961	0.165889718580673	0.0217989089701218	0.00964434127631191
G[C>T]T	1.990551927311e-05	6.31559675246126e-05	0.0136573420071784	0.00388673333736482	0.0217672198088835	0.0479296091994403	0.0168263585556644	0.00522391613928101	0.0012136594169429	0.0649150775148972	0.00570713124899868	0.0155839376518569	0.0177254744238752	0.0254859761812219	0.0133205908640928	0.00299098257917571	0.0733799848601653	0.00406664966851603	0.00161851973321103	0.0116784176772732	0.0516479820544404	0.0107647513844319	8.21859701212391e-05	3.22525453912951e-16	0.00692110900786685	0.114268108911995	0.0339960885859045	0.0110185912198059	0.00252224221493283	0.00585544817447199	0.00598282756442392	0.101351026760916	0.0177277192323781	0.0118523549903493	0.00706657010481708	0.0114022425836337	0.000178817985815865	0.00470819580580897	0.0184480728305321	0.00620805966968436	0.0580511298688964	0.00514299864546487	0.000946133572356407	0.00655785311565912	0.00406312765998691	0.00350408551601293	0.00315766941425423	0.00940036068902196	0.0271126777532895	0.010864430415699	0.027202897427433	0.00618756239865111	0.0913156501953673	0.00220360377534373	0.070697279325328	0.0018596817847744	0.00496407333776345	0.00630723883058758	6.1640294650933e-05	0.000170372431562174	0.019041063842133	0.00762824803586661	0.00105435695943948	0.00266512755237678	0.000274059135861439	0.00646999266404388	0.00111318644736388	0.00876946309248649	0.00680233354274993	0.00299752503511348	0.00110102531634656	0.1910846864371	0.0073839304349579	0.00768464990013251	0.000927360510840643	0.00611800824297747	0.0111389386650473	0.00101145258263879	0.000132911500461034	0.020862553591086	0.00640220528642664	0.00893888387374284	0.0100339563030225	0.00223564777772652	0.00474119025920669	0.000402585793180209	0.0650856592835147	0.00783146883053475	0.00644970085631844	0.0301559219076393	0.010857907652272	0.00503625749398917	0.0365245188480171	0.0270946880169432	0.0409638751310963	0.00202838294950185	0.0189555654827027	0.0250242121618602	0.0192156674843877	0.0348029504536439	0.0010391175370188
G[T>A]A	2.65573177331268e-05	1.76309052923064e-16	0.00538366862720152	0.00593439663873696	0.00270982941524133	2.07180498147765e-05	0.000264419825389575	0.000321646416899517	0.0017476696825812	2.30602722549589e-05	0.00999799186008326	0.00243514697903926	2.74185346943641e-06	1.11906559310918e-16	0.00153979897185293	0.00129804075919814	1.0229558865968e-06	0.000793763809691761	5.38758486369488e-06	4.04730276933137e-05	0.000215696165780895	0.000950054057118783	5.07542204354587e-05	8.87887343926503e-05	0.00104437265318513	0.000125010408662797	3.60132862541125e-05	0.00101041997544619	0.0484162066034548	0.0404178515508102	0.00339044215453687	3.73880422611111e-18	0.000865052336110887	0.0275668811646745	0.00070101463834561	0.104262249929119	0.000128307956389023	0.00199005298258681	0.000216351562321607	0.0013056312041695	0.00605165026603714	0.00066879762554997	0.0219382342574919	0.000491982097758522	0.000621473353932834	0.00109589838577969	0.000555973449479392	0.00341671668544997	0.00231404428767866	0.00447059004521632	0.00289407779966817	0.00321785965801126	0.00799274983405061	0.00461949953039457	0.000776912957970265	0.000176885903966318	0.00477632561210388	0.0157602752118949	4.59622806157127e-05	1.75783246253265e-05	0.000539511591229384	0.0165015187035989	0.000341747255115261	0.00241380539417393	0.00162455555005328	0.00187516782316934	0.000355406201480894	0.00298136214058423	0.00176622542455433	0.000162928700315966	8.46978744309171e-05	0.000734062281355729	0.019273341236544	0.000855558541954378	0.00380322933413394	1.11491895018478e-18	0.00442622347054933	0.0489451489135846	0.000152584598714296	0.00439435824742728	0.00517334297260779	0.00378943191575601	0.0032372981043567	0.00200187169126333	0.00201960702655833	0.000720239653994756	0.00699823839200066	0.00150610649084552	0.00695142486200858	0.000289153116501917	0.00165003615645633	0.014641283150255	0.00307956140214663	8.05264511755552e-05	0.00179123276047223	0.016682399050343	0.00589303660065169	0.000574359866378836	0.000797656964343543	0.00274699979776631	0.000944982867157429
G[T>A]C	6.58587586283666e-05	0.000161648816852943	0.00890211987867696	0.00361631570743022	0.00335341344987234	0.000310201385635655	0.000230523616997438	0.000244316200975277	0.00357896517443171	0.000170053825711885	0.016457156946315	0.00304041866932603	2.88296476864665e-16	9.67651207118559e-05	0.00870322748974125	0.00439261250268596	0.000389317272901456	0.00271461427142862	0.000163140148498288	0.0029899329562099	0.000388021071919694	0.000959052038382277	0.0041695729763194	0.000494154421667077	0.00198649884379839	8.03514366536881e-05	0.00258907779890805	0.00439391771015194	0.0143852947690342	0.00770725375607219	0.00206066019660641	0.000130580266653967	0.00202082538231465	0.00695269412359897	0.00160687143899987	3.477782506755e-05	0.000203702668754265	0.000714440242479755	0.000186790142420399	0.00312088769255922	0.00883232399485621	0.00046648346022398	0.00436095544469687	0.00595419873657022	0.000695484007698398	0.00115114945431595	0.00108827547412451	0.00378432312633548	0.00428189320727384	0.00649071554923394	0.00433480000588008	0.00199783366887045	0.0019127182889317	0.00155158782270591	0.00246686042492686	0.00058709719687543	0.0012220312595075	0.000350506842418629	6.842252493881e-05	4.95887938903139e-05	0.00120780511039213	0.00486040814923363	0.000406129266144383	0.00228572601611923	0.0097826495780502	0.000222803946728674	0.00312998518228082	0.00083418615499358	0.000833620092787731	0.00197442396759535	0.000133399802072528	6.84069080663561e-05	0.00175376109759057	0.000378035665746344	0.00214593009241952	0.00903660781395127	0.0029974306012875	0.000331991283191668	0.000276864754182926	0.00234743280962152	0.00611018727108359	0.00155547149466028	0.00359906981257254	0.00924650086510534	0.00177093253945741	0.00149074491437776	2.30735790932571e-05	0.000617058603151283	0.0124975030767608	0.00112682111884196	0.00216441527743014	0.00519430831956187	0.0198598318019531	0.00497827189319576	0.00175169194268905	0.00353159504363283	0.00794693718492846	0.00208726699519515	0.00247087751741605	0.00253713165060677	0.000624908214112313
G[T>A]G	0.000109086882304024	6.83788824939035e-05	0.0119912150808901	0.0114300600746582	0.00411385785015991	0.000107444235165733	0.000259226362182878	0.000543786745698829	3.03991468669948e-16	0.00178038868948051	0.016518057776218	0.000981606271226047	8.19729715061046e-05	1.51700535477363e-16	0.00211803557094181	0.000613999872835633	0.000107307740583968	0.00326976604913876	5.12328776498895e-05	0.000114154876569098	0.000107002755400774	0.00760405373153932	0.000740305549864798	0.000298100704616535	0.00161926569692553	0.000435765377413363	0.00187110382631816	0.000868663288208793	0.0463171889422989	0.0056302733072979	0.00839728613649085	3.78909780454038e-18	0.00185983193584762	0.0394342873315696	0.000737904661721087	0.00201727811619545	0.000107522348830771	0.00287861171607561	8.79122089606309e-05	0.00537494920725016	0.0122260958588488	0.000925650592171889	0.0102209873813394	0.00104178929301772	0.00112010075917165	0.00139517277605102	0.00102122059489094	0.00622851726524608	0.00451898338307339	0.00732202231369117	0.00578500896831824	0.00173134290361171	0.00701564493664442	0.00455985036304228	0.00200649552947321	0.000823265858670929	0.00254745724195778	1.74954210677141e-05	6.85370681215706e-05	5.20426398470322e-05	0.000198825992589156	0.0047041656453355	0.00114049853264766	0.00291184974726342	0.00249525011422464	0.0130760183865002	0.000500142741522957	0.00298563762722122	0.0235959528060651	0.000437401169355369	0.00037920970478586	0.000305583632570858	0.00533499185399457	0.00282018586771486	0.00373476315944771	0.00436060025274422	0.00943063229209409	0.000262148633688833	8.99419269064281e-05	0.00635127499785709	0.00538657991637448	0.00201685435132295	0.0048424888701101	0.00942342511294235	0.00171021300843965	0.00238007690904466	0.00083630069030261	0.00377867822807078	0.0182215250728854	0.00108923287449627	0.00139046915139843	0.00354984001130646	0.00407724337456123	0.00040301013033731	0.00145439548899543	0.0140931366853573	0.00397133456467816	0.00171299847410909	0.00218555534046692	0.00158440497113004	0.00014273628919631
G[T>A]T	8.45242999970991e-05	4.97262448743371e-05	0.00939366376603462	0.00355828719764138	0.00238115699989253	0.000100954282136879	0.000202082257291906	3.42433175936775e-05	0.0205383549756301	0.00853512282871723	0.021981908703272	0.00235600187249256	0.000353440049262567	5.45223482770536e-05	0.0103885876514008	0.00577950956825656	0.000109258573636494	0.000880620485971749	0.000288296393061797	0.00060230639522172	0.000355105588414439	0.000977808695905788	0.00377739132182241	0.00144387200602453	0.0022618712728102	0.000187467808984059	0.00279069008912043	0.000810423349853895	0.00858748302704942	0.00464965925949582	0.00502352038072861	3.45734326696003e-18	0.000722886650501379	0.0154058864333	0.000747803849339931	9.49669746667611e-19	0.000358919470663231	0.00062174256894675	0.000125792002131641	0.000543000351333246	0.00424738814749621	0.00145538735365091	0.00864979799280773	0.00196540762116179	0.000792161656176074	0.00160338648988749	0.00114729897212581	0.00282167431861042	0.00365442059859794	0.00543152808573469	0.00465670985959054	0.00329734702618924	0.00216797694288174	0.000980694686136566	0.00213303396809029	0.000301160605952831	0.000941025967713023	3.23632142002611e-06	8.17948885604726e-05	4.57891771981709e-05	0.000580187588867229	0.000118277997833708	0.000529724908879766	0.0016895028362099	0.00129183346812057	0.00395694598174409	0.00455099489972178	0.0071104958217884	0.00236707364859493	0.000966251245763904	0.000495725622496648	9.08440318038825e-05	0.0130538323684719	0.00179665515539229	0.00281793346183414	0.0167522964064556	0.00295623933465445	0.0209169107413826	0.000406407806482826	0.00322240431319458	0.00465941165054302	0.00485729962205292	0.00181215647469607	0.00429845282296907	0.00344414149804562	0.00160600389418372	0.000888562674747746	0.00109207726470018	0.00321361647565652	0.000249122080109891	0.00116283445904008	0.00477829218547019	0.00712094570511337	0.00036436865013719	0.0012911048584113	0.00825062717465363	0.00913181452613818	0.00119333835742177	0.00145970915723394	0.00536090680629043	0.000496466818252024
G[T>C]A	0.000343474424641384	1.76309052923064e-16	0.00761034221745098	0.00186656702673782	0.0104110619796388	0.0010446000092983	6.65998456681993e-05	0.00016265787279543	2.2424864362989e-16	0.000778286134619397	0.00203084210878449	0.0087481509688882	0.00182252159809764	0.00740992508612285	0.0103116795424831	0.00204115941120235	0.000538149193141634	0.0683252106991677	0.000230771166757787	0.0077192171546488	0.00544517260070978	0.00208203428418433	9.6649863484333e-05	5.42952692329156e-05	0.000462134566359369	0.000631005172013377	0.00178852926022408	0.192584326934395	0.000650057689333894	0.00586593065565021	0.00561309632191517	0.00013028299320626	0.00203865828051342	0.0133265309623973	0.0747569719195858	0.00453066859098309	0.00054309689460456	0.000626605383981583	0.000614858535581899	0.0031128995410532	0.00629261469745062	0.010073250785512	0.000125856064410837	0.000387684929689075	0.00165255345534561	0.0292557285454827	0.00105840442887056	0.00514574037694954	0.00356468475958202	0.0100797845097169	0.00456125271552348	0.00448247828840641	0.00387648409237229	5.60499247457696e-18	0.018083318110459	0.000385610669112245	0.0173043927913929	0.000410751795319265	5.55083824434296e-05	2.29843570001789e-05	0.00101711144837217	0.000954499610493343	0.00157829718186259	0.00304302222371751	0.0079484681108327	0.00201406957202984	0.000617729826383468	0.00345587265965111	0.00186008315653646	0.000453644365877988	0.000591330938943342	6.68156037930346e-19	0.0241382582789108	0.0030223808114154	0.00121746069783502	1.11491895018478e-18	0.00384678772391821	0.00411993662127748	9.55462580619627e-05	0.0228231174717725	0.0102068003893612	0.00277025811509077	0.0017643461740231	0.00163609900187139	0.00201174143383756	0.00203688610302593	0.00880093596779747	0.00204147202420619	0.0238646153484174	0.00471036728710977	0.00584910874633407	0.0369284672832649	0.00560916681829798	0.00924067841427234	0.00458607993572311	0.0615959908143491	0.0108609343642602	0.00247490766381062	0.00834212399476007	0.00500740703761508	0.000940932079145365
G[T>C]C	0.000970011825764675	3.38094835407446e-05	0.00671229389100112	0.00118534793190557	0.00914986350240081	0.000704138530824494	7.62087042740795e-05	2.11923419865819e-16	0.000666917942821059	0.00352253767527095	0.00319390721630682	0.0140260822436438	0.00811947337843398	0.00419316440926305	0.00766772777404909	0.00358662513182843	0.000892834652400508	0.0455935266347401	0.000228396709890553	0.00716269726629064	0.00764184411255587	0.00187709343113696	0.0182725440387301	0.00213611527770026	0.00230230142248343	0.000382980973520815	0.00228567071030809	0.0893609599252381	0.00174880108998564	0.00191017216723907	0.00153516575929074	0.000389874675141572	0.00313872920595703	0.00481340353259318	0.0346525450224208	0.00289940359736241	0.00101333212134765	0.00325074674201271	0.000569606873787584	0.00704612823719141	0.00824135348316016	0.0102317160970326	0.00116412284238412	0.00217392440584676	0.00154307082782941	0.0270683724966569	0.00209881691637835	0.0074073819639298	0.00335534388285092	0.00436820554313029	0.00512652649565303	0.00257634449986038	0.00344081433032603	0.0255486977872064	0.00121252468649049	0.000524522608634334	0.070389000547636	0.00167567022754982	7.11816400391321e-05	8.22488118202264e-05	0.00618856534327672	0.00286574684734292	0.00208663059775202	0.00565505645453278	0.00482059346716613	0.00381778449010009	3.60614719890256e-05	0.00319981009133672	0.00103869652409703	0.00317104434238732	0.000770082989793955	0.00090299725618164	0.0202509260750669	0.00727482927730074	0.00245894902044895	0.00602440520930079	0.00195557462682192	0.000181132132518448	0.000117838926002678	0.00327520631221901	0.00392758630415574	0.00118779033815041	0.00496693385054513	0.0171086947646471	0.00241863431483728	0.000447837825573261	5.46479504840299e-05	0.00027039823355095	0.0162330716172694	0.00534673723724141	0.0060133733495519	0.00985015238176871	0.00922575367690903	0.104386126575115	0.00110263496758069	0.00803920223004428	0.00804010250071826	0.00406713662616014	0.00936379380829361	0.00376276172683053	0.000776316087375467
G[T>C]G	0.000518827292546299	0.000114682532343094	0.0112676073989946	0.0020678807970634	0.015014080746248	0.00134994019285893	6.47646052154613e-05	0.00043851137894141	0.000317710795357308	0.0033893326301302	0.00297536754962446	0.00786031996262487	2.50410584189881e-16	0.000942990345263863	0.0139681592949	0.00402077484343199	0.000505881406677749	0.0540618681044603	0.000212552128634579	0.0104641710283735	0.0034046344265824	0.00586402696253375	0.00380271949856785	0.00124930448502239	0.00352168224500089	0.000854493559711891	0.00356651851287262	0.136972539873174	0.000717607945313136	0.00217807640029777	0.0161603284450421	3.78909780454038e-18	0.00199427740205958	0.0138329695394743	0.0864125443132782	0.00158041497919228	0.0010960861231324	0.00235165283526723	0.000446614528424652	0.0047787672783945	0.00897824774124413	0.231692359741366	0.000688703952877523	0.00017766227872757	0.00176152645493733	0.0126986521483108	0.00157824962650316	0.00536007322232514	0.00337241940438552	0.00695208064638769	0.00815027626060829	0.00172742688889581	0.00289835507679727	0.00121595982665563	0.0157069571252458	0.00072495337041356	0.0374688502671293	0.00413939792722452	2.23701832656274e-05	3.08739144205427e-05	0.00370676493437132	0.00500023212967371	0.000808074060908457	0.00188240805102942	0.114365634802866	0.00628695064929537	0.00189274115800217	0.00572854030062	0.0128389747123406	0.000854014976996559	0.000526680730479409	0.000179254729730456	0.00979453464265859	0.00246907887478045	0.00217255203722664	0.000872120050548814	0.00749678420650324	0.000131107519398037	0.000109439029228083	0.00980814511489068	0.00025155406597485	0.000858560513855362	0.00643594777043015	0.00469067899889064	0.00248220467449372	0.00362388456414116	7.7423138307426e-07	0.00223496011578906	0.0224521367900527	0.00480062268406532	0.00405319362778965	0.00107007516260006	0.026215677010158	0.0264238773560406	0.00499205789674608	0.0394189387038298	0.00578703742872908	0.00193715318725032	0.00806351199023943	0.00197140379778714	0.00189338988164458
G[T>C]T	2.33546832339761e-05	9.89773982371358e-06	0.00778986777397253	0.000486685790619128	0.0101310103354538	0.000368808854395379	0.000535583747867643	0.00419507839150471	0.0071530131241463	0.309836632450148	0.00492050559119627	0.00907428711020026	0.00438896311895857	0.00580564665168075	0.00856861586512248	0.00182159714969059	0.00015789185765274	0.0445603550415274	1.78783965930653e-16	0.0078714523985297	0.00247728434469727	0.00242933973335846	0.00412365254707518	0.00134334879712243	0.00205921795488746	0.00156333765637556	0.000602269761525861	0.11503340819151	0.00076845079773181	0.00202476792348871	0.0107619348412833	0.000478225941511159	0.00220176977325152	0.0108298805620227	0.049494914775442	0.00355977056850123	0.000942716872799448	0.000900654873472364	0.000293075748460001	0.00322772130954388	0.00889469195696954	0.00802944098780379	2.56826724834201e-16	0.000289313799453781	0.00187431205319851	0.0381758579926032	0.00190177294933558	0.0051811177829435	0.00609900687202691	0.0057974216821166	0.00528643403462458	0.00421488996012936	0.00159429694570987	0.000387785901959958	0.00744549566064548	0.000820809954701356	0.0476002302001542	0.00314695652144887	3.89499469335381e-05	6.11686708387222e-05	0.000863638030866837	0.00324858640948466	0.00203137491966054	0.00379730682395325	0.00377774084141753	0.00973779851465445	0.00218651110881449	0.00480608510923019	0.00172616984219459	0.000761482905516404	0.000541640605853202	0.00245080411097016	0.0605625695910461	0.00581798268697366	0.00265000388590328	0.0148193392576267	0.00309690212175572	0.00166560568061765	8.51545894734369e-05	0.00991715713746143	0.00527115314473825	0.00719307585419918	0.00195706986783347	0.0031831340548579	0.00264802385713454	0.00223468527633866	0.00259654157344407	0.000500957784364559	0.00914312668090739	0.0052216661863101	0.00771498195638974	0.000357033662412788	0.001589854630603	0.00653524699543719	0.00230800723007663	0.0409166969910588	0.0145230295926323	0.00237368139224379	0.00725383671075733	0.014286084814585	0.000860668743308595
G[T>G]A	7.2934505597134e-17	0.000165245066884467	0.00337051237175377	0.000384898798016621	0.00186070030692318	1.76712777831917e-05	5.97689232987076e-05	0.000197513131251638	0.00250533008972968	7.27809436570011e-05	0.00102323191047171	0.00762706417504753	0.000168997576259954	0.000242460683255107	0.000287398544796765	0.000329952528328807	6.36358272311515e-05	0.000395921057342	7.05210735143345e-05	5.46420945807476e-05	8.56873907300464e-05	0.000911647814411674	0.000388955675409237	0.000256402336879528	0.00056787761386179	0.000420670335259832	1.43794056626133e-16	0.000246991933396791	0.00143355238673362	0.00295409650994052	0.00189524394773946	3.73880422611111e-18	0.000589558003651554	0.00422641417485256	0.00122655137649519	9.48235765478172e-19	0.00128307956389068	2.60467281090116e-05	0.000123629558143674	0.000208900882661369	0.000791740274644262	0.000479717870265854	0.000421444661747474	0.00120765532142161	0.000130650379358597	0.0112448729200955	0.000313785719135797	0.00229388436400368	0.000776152594148374	0.00284839182388844	0.00110495424525927	0.000729492305383799	0.000759311330792864	0.0456717498258038	5.14239625233953e-18	0.000259432344622859	7.83004198705565e-19	0.0216703790321014	2.69969342823674e-06	2.30541122566286e-05	0.00639011407918371	0.0017714869629333	0.00073697341008989	0.00237583524017767	0.000118529690387924	0.00437539313044795	5.68763675104491e-18	0.00125342536333688	0.00688571984176387	0.000785890475517771	0.02191265926713	1.26281491168835e-05	0.00860812497498923	0.000948099102162586	0.00142716674803186	1.11491895018478e-18	0.00972110350680248	0.00798670349477361	5.61603989320611e-05	0.000430132908417927	0.0033481108682123	0.000854817298343154	0.000172052146233589	0.00430243638688909	0.000531641159300764	0.0019548368572222	0.0180433122580631	0.000141350235897301	0.00154147941078252	0.000563900071543109	0.00430030845180679	0.00936633278188212	0.00019116589300252	0.00462765543579048	0.000212623848341612	0.00370135030638098	0.00164560086719697	0.000532364593037916	0.000296719598482545	0.00291508090967106	0
G[T>G]C	1.13828566799222e-16	0.000164116662366903	0.00278488739737027	0.000254146644776877	0.00197056254270842	0.00013511856222458	0.000124524611400773	0.000306348667956002	0.00261721733751966	3.38640714517159e-05	0.000799695292405779	0.0083898340485269	0.00107699419057959	0.000741081040049948	0.000783623045320091	0.00206068656973291	2.30148094670871e-16	0.000319454772504219	2.78606035406588e-16	0.00229994918574565	0.00038209200803621	0.00142122849218551	0.000250174697388593	0.00890047913693922	3.76677780149372e-05	0.000725701539539899	6.72245387669602e-05	0.000718392087594277	0.000332835943872973	0.000694681610891149	0.00445891540976408	8.1095334353402e-05	0.00131568616642454	1.18867901802878e-18	0.00169070808824415	7.51792984438953e-05	0.00333173837804004	8.30222302366199e-05	0.00036228981191982	0.000935194346631811	0.000795123961190911	0.000820856219011135	4.00223114080988e-16	0.00542945788252096	0.000344986941527498	0.0102026942029871	0.000912402810255724	0.00623553171558444	0.00118249161700537	0.00408510145049854	0.000946144142118312	0.000728551241445132	7.32702887251077e-05	0.0881955076618994	1.91237753214068e-05	0.00047851253168342	0.000122203125950757	0.0159880455166067	7.44922472642656e-05	2.378737972565e-05	0.0110312909693252	0.00669095144536666	0.000571024659183372	0.00147302354541194	0.00166490005489189	0.00385391525036457	1.21393746365987e-06	0.000238937834121347	0.00358217103848554	0.00164535264120835	0.0349266314933476	0.00128204139368089	0.00139599599031256	0.000728755205967813	0.000782042559792688	0.00301220260465031	0.00151008465099328	9.05660662592242e-05	0.00121049978448436	0.000358804939102518	0.00377845047448889	0.000660240507257415	0.000420487556144232	0.00425550520790334	8.28295912209014e-05	0.0013748637209954	5.44050707041009e-06	0.000160701955095536	0.00189795933185573	0.000431959391482065	0.00392666152255433	0.00592988162857329	5.48829248566439e-05	0.0316834474671269	0.000702607714149887	0.0028770980913554	0.00171606656568306	0.000923004819620552	0.000698495665298096	0.00133659263587222	0
G[T>G]G	0.000154317920487851	3.97626417010003e-05	0.0112676073989946	0.00212023219860184	0.00530497484327191	0.00015097273327294	0.000290512579678892	0.00199775360354298	0.00825775981871339	0.00501146401960898	0.00420363428025241	0.00494540025294533	2.50410584189881e-16	0.00118215443947286	0.000673992080560973	0.000227651252181032	0.000117227284007825	0.00064613701836134	0.000464345371365405	0.000742956142063559	0.000198555786612347	0.000924817938387195	0.000889431073791866	0.00183066413257953	0.00515864470432398	0.000457284345211365	7.63904001171679e-05	0.000249360271381457	0.000555805873951559	0.00167627089313684	0.00259300908147978	0.000127192240790036	0.00233786050903864	0.00897078392584141	0.00285209989561794	0.00609037920563327	0.00469322455885773	0.000605609753462907	0.00123019584051186	0.00237541027573085	0.00280920196379017	0.00606653436038308	8.84730473894271e-05	0.00375788277372502	0.00146474707294851	0.0126986521483108	0.00182300517805023	0.00720901896545594	0.00174950610183307	0.00362016549509545	0.00305666141190541	0.00136051388187627	0.000370194747400301	0.244205283084485	9.35153121468752e-05	0.000143072151542951	0.00127372862097884	0.0363198704448464	3.17589539724004e-05	6.95476292422409e-05	0.0350693891697825	0.0835565096931934	0.0012112267673479	0.00347804256996667	7.04035481663601e-18	0.312778377083042	7.7101605665224e-18	0.0010449734727899	0.0270659467847041	0.00198346249670573	0.697325486152524	0.000192699717568777	0.00295004165533281	0.000418602062300154	0.0017748156414992	0.00436060025274422	0.0500660399082626	0.000393223801880671	5.53886365467076e-05	0.00163580126462428	0.00105098566657593	0.0017889370631877	0.000370015490498043	0.0236038976689944	0.00190984176966707	0.00442008804840285	3.22772211472375e-05	0.000541306568735989	0.00544255577648421	0.000301048848692651	0.000584344297370615	0.000794539077189265	0.000208825080579585	0.0247856414575445	0.000432647827722268	0.00347948667596028	0.00213960222997356	0.00213151778909752	0.00108456747622183	0.00123380258352777	0.000338811927745598
G[T>G]T	4.78230540274967e-06	1.7657567845505e-16	0.00445244392232212	0.000162443487117995	0.00173780091607058	0.0003203667800615	0.000551432935516409	0.00112072926506886	0.00682925569569245	0.0066644102016043	0.00100913396921791	0.0178540735261442	0.00183357463050691	0.0026049685318302	0.00605859709379516	0.000796828850564773	0.000102595978711134	0.000158800762562326	2.32741288981796e-06	0.00158131912984946	0.000587615260255434	0.0024192173832156	0.00569756599126308	0.104178074233387	0.00139896079216544	0.000225888960720308	0.00231043180979969	0.00224012398071306	1.80723059953526e-05	0.00107025298008591	0.00210739716230482	3.45734326696003e-18	0.00147888312275008	0.00211258964421468	0.00542471373093559	0.00218332588536941	0.0228201737537038	0.000668228146695192	0.000105375816454255	0.00193388027381644	0.000541266441293899	0.000372942962878786	0.000482214156541767	0.00230213779755617	0.000345863395062588	0.0163201796210361	0.00208259744048241	0.00409798133473103	0.001444252935781	0.00667096890470685	0.00135355756206121	0.000625274368818333	0.000613704152001337	0.0558472182076419	0.00187814265684113	0.000292892947131973	0.000470512983856473	0.0872072046058079	4.06982000487026e-06	3.56527324468774e-05	0.0269425468757222	0.00169315331107004	0.000564343186048712	0.00110279424107589	8.44789184289483e-06	0.00111289134712537	9.66131120212959e-05	0.00253754109136329	0.0144417151764859	0.0047672674029346	0.0368876158115087	0.000896735927397885	0.00327832833008654	0.00150241836602938	0.000996881363603726	0.0148193392576267	0.00287610288106376	0.0036229765565169	3.00905527463944e-05	0.000156196049130893	0.00551236583016136	0.00142011502543262	0.000277652746797655	0.00103304969834212	0.000515497523308084	0.00149758535842225	2.05732706086034e-05	0.000131257825203251	0.00233162098056106	0.000741150973846071	0.00246179472200212	0.00130640527674718	0.00412209490372564	0.0881602349079543	0.00149521336730378	0.0101203792999697	0.00215401890334957	0.00111661622374498	0.00212249702310152	0.00128477337335035	0.00081542462475816
T[C>A]A	2.43169413658456e-05	0.000570870649334476	0.00724643630424233	0.0289456686853633	0.00655772662714167	0.000163501367513778	0.000290582375167947	0.00200376228127153	0.00287652928146955	0.0125316742762278	0.0263011017682581	0.0176515606208537	0.0879898796873363	0.000254030848296089	0.0550466069930803	0.245631117022181	0.000135294701325037	0.00377872674700372	0.071776477983275	0.000275146774710771	0.00820361465862356	0.0123338678052597	0.000168695296145984	1.27856138603217e-05	0.0544310514376578	0.00103137966795629	0.00125209638363607	0.00142470084470835	0.000808204090673728	0.00601939619146294	0.0157316919324091	0.00143835066495339	0.0185529876181852	0.00597163667944468	0.000948905676255267	0.00758267579611911	0.0178725431277842	0.0296321937039864	0.000517163734916689	0.00144422457471419	0.0075692466213267	0.0111022667473406	0.00557096983166461	0.00408597573310953	0.112515842625066	0.00215356206120199	0.0124517603783967	0.00465461083139512	0.0229552088362262	0.0225098420731576	0.00976188656688964	0.00674841416950921	0.00383830992318609	0.00532110589793522	0.000645532605649798	0.0426389240216561	0.010882384738971	0.0188098526656027	0.0495376582601369	0.0129743438386338	0.0158233338987631	0.0326299820832638	0.341937170395516	0.00163647136367314	0.000527059622881908	0.00151718311169087	0.209399058878085	0.0144664291800854	0.00710555720515063	1.71189444228683e-05	0.00177358554410066	0.00157303945627558	0.0024562729665923	0.00657309634503893	0.00183087082929365	1.25979004121991e-18	0.0135482534534905	0.00286248805425049	0.2102980592554	0.0131097075652031	0.0100053632772764	0.0190615885513668	0.0433849218354813	0.00725631596529198	0.00289795315333469	0.00166358453053259	0.0139499407215688	0.0388537215742206	0.00684851556792396	0.00715348636991529	0.0181515016772322	0.0181535955694295	0.001897909142346	0.000417874985570507	0.00389132267976416	0.00760907509227903	0.0159770052636949	0.0148821720297394	0.0230971315735931	0.00233046130386827	0.0647377162098327
T[C>A]C	0.00127589814445316	0.000207215234125983	0.0197502753196054	0.0465381079546653	0.0104384366765957	0.000312058695224491	0.000646543015557387	0.00331838114921864	0.0221152532476441	0.0116386156412412	0.0302250316359187	0.00348501530060678	0.0127331366703496	0.00295304690216137	0.0106608103441989	0.0186437223163635	0.000961938681126096	0.00426671895724098	0.0364449823129104	0.0262891836043218	0.00378084017470032	0.00914637455852278	3.1371092585375e-05	3.13718496607152e-16	0.0438745034984272	0.00115226685978072	0.00336672024133078	0.00031420889431188	0.00244285381657262	0.00755400395932722	0.0119286542191432	0.000611770753035389	0.0440859614004401	0.0119748328522288	0.00086955271013289	0.00916204139638074	0.000770768290604447	0.0367622898149406	0.000246354420878291	0.009937108624579	0.00986031739256809	0.00650460462409407	0.0021716927414627	0.0244361325957959	0.0840518399305841	0.00233593072991068	0.0110380074293127	0.00834718556695062	0.0334363160694766	0.0167910977301128	0.00907237042869985	0.00663042578271723	0.0554496742166243	6.18697402851286e-06	0.00229222612998538	0.0583574966329422	0.00857062861264663	0.000123177851267889	0.00206580041521974	0.00274944957363079	0.00100673102145506	0.00356656392932226	0.0470554088004401	0.00304392391514783	4.35263213081117e-05	9.84852846244385e-18	0.0172202682357787	0.000978604350678584	0.000564317057299811	0.0198975008842827	0.000195265015902152	9.33246418337891e-06	0.000292021257715532	0.00413607594635244	0.00260620574957524	0.00396729896288027	0.0197119246391031	0.00152047066211803	0.0388762373417031	0.0154571828532311	0.00557246345356124	0.0209213723296176	0.0411714314678502	0.00372405742921383	0.00432885505136659	0.00408295528985004	4.06661516305128e-05	0.0548945951010666	0.0115004634427249	0.00848481139437588	0.00901203005806787	0.0176780201868395	0.00241310001910917	0.000919269118125573	0.0163490716080227	0.00538695182237711	0.0191924541397406	0.014788676898994	0.00812634228279056	0.00769595884917279	0.00142292055209829
T[C>A]G	2.15396429140792e-16	0.000199170143641754	0.0031753977052388	0.0207194192646731	0.00501544162982335	0.000240078320764449	6.69471423445547e-05	0.000541776403889124	6.62270302404605e-16	6.37932186419977e-16	0.00438290247448219	0.0012076600974465	0.00283800650624215	0.000853014832778167	0.00635242530228789	0.0190830247700706	4.35506473986471e-16	0.00143320414600992	0.0287336645115446	1.46665711906455e-05	9.58430647173629e-05	0.0044474639426849	5.15107737997786e-16	0.0002562896087666	0.0244818731202238	0.000556716733443679	4.24664924720554e-16	0.000174205810823889	6.07904750150796e-16	0.00258105814011836	0.0039112481595549	0.000161040320109892	0.0159305536310298	2.24932302213378e-18	0.000325219908311463	0.00405889622201982	0.000421394937208168	0.0298143404749903	0.000160445008381389	0.00193809832515857	0.00483913023101944	0.00334068716791454	7.57337389521115e-16	0.000191971085851213	0.0306593173041364	0.00315207118237362	0.00437607776023248	0.00612349239442207	0.011855089084026	0.00372351740258412	0.00418450702756995	0.00116257667641732	0.00177823469384156	6.77575355828513e-18	6.22902864806306e-07	0.0318660289689458	0.00578108766977274	6.95384313714076e-05	0.740304869393248	0.0417441017494823	9.12027620514135e-05	0.0108456366463427	0.258097449705198	0.000716070208000551	0.00170496060383832	0.000225803090229456	0.0136450109748934	0.000589632445853139	0.0068792953289253	0.00119633266193807	0.000470440548511406	1.97325564217866e-18	1.31739920680839e-08	0.00216210983055956	0.00378988350471379	0.00189998493094939	0.00438679010774312	0.000285628464835399	0.524188569185602	0.00552245572159038	0.000461900807882689	0.00514733479109801	0.0223445447291948	0.000481592206398111	0.00102791633351923	0.0306620669520818	3.67678791208818e-05	0.0151518121879883	0.000678849692228473	0.00296491858418123	0.00133429290494808	0.00303635960141826	0.000789547011047556	0.000201740068530934	0.0023941679707808	0.00210131919200701	0.00471923681991384	0.00462054907558255	0.00604551867728367	0.00353626446536572	2.03900713763627e-08
T[C>A]T	2.18894048180064e-06	0.000395971295017938	0.00865360863655164	0.0302568793857721	0.0106735303752004	0.00034559388372381	0.000460085925150554	0.000981388641852365	0.00428894592717035	0.000211500770238371	0.0283610255826923	0.0285542268611323	0.631761631104732	0.0468182407717871	0.173948698894023	0.32664327359067	3.58379346651869e-05	0.0025704413074296	0.0324905443280668	0.120610742749243	0.00386764208206173	0.010641205974491	0.000257581614782513	0.0026691737967067	0.0906408079943217	0.00103894399858252	0.000666781719407346	2.18231731690325e-16	0.000412979370285664	0.00688714691697771	0.0102983637018275	0.000163256104474788	0.0142990112466603	0.0213227209348067	0.0014266638063669	0.0105835615566525	0.000701260561806084	0.0271419323926746	0.000497752820283788	0.0035118971185413	0.00755423381430173	0.0120295178041816	4.20735728047116e-05	0.011949511094883	0.167198151504014	0.0026466156781378	0.0197004372701028	0.00513566934567948	0.0200228831917132	0.0164546729038609	0.0112411509763077	0.00844781784032578	0.0206969376866416	5.54612703428791e-18	0.0126546723261003	0.0416094066708176	0.00267370687219169	0.000215265432072266	7.52537189890528e-05	0.00347593082100407	0.00155199252884445	0.000340661897236497	0.045282640494549	0.000537760305676715	0.00571399085128513	0.00356605763564491	0.387195442577501	0.00630796839204229	0.0142764945096624	0.00278537787637691	0.000359087857211289	0.000915488950246567	0.00261821705783062	0.0070242268489823	0.00190337375712699	0.0131809190922495	0.0162261942346661	0.00206906297157971	0.0485304101291826	0.0117274417626717	0.00891518027756086	0.00620242321478865	0.0409990135948683	0.00889087899962389	0.00500728176160771	0.00138761161363814	0.00294685289628686	0.0428059344693271	0.00739960992561717	0.0116078627421166	0.0128514352147318	0.0225847134167946	0.00565168203222941	0.00226737803423856	0.0252053349033021	0.0119849344060169	0.0220102365114444	0.0122773060981056	0.064321215327919	0.00260126180770945	0.00591096687135687
T[C>G]A	8.24115186106926e-17	1.99218417637064e-16	0.0114598817928896	0.00260365570112514	0.00651601080890284	2.28133970590177e-05	1.66045795067447e-16	0.000175501879588303	0.0022144707192584	0.00411126907405317	0.00129740368820046	0.00279310016684777	5.19474345387007e-05	1.26447549343129e-16	0.000236655621473295	0.000114677644685784	1.17088881405936e-05	0.00105217997760733	0.288014475014554	1.56138851621256e-05	0.000102068301251682	0.00286648174277956	0.00332951270427957	0.000164964320636962	0.00157835302001935	0.00130790892878068	9.44563437768512e-05	0.000638187823063602	0.00366990422860161	0.00583249333844943	0.00713116441426534	0.000142484403004317	0.00233468837961642	0.00843257089174665	0.00132523037094028	0.00307376863790041	0.00014373014272497	7.01472134067981e-05	9.43671073601954e-05	0.000307480241156525	3.6644104206966e-18	0.0121285257270366	8.06629900826806e-07	0.00514042103355097	0.00317597894900357	0.00192743770027748	0.00187128168211901	0.0270091946989977	0.00685598505446246	0.00817117000590852	0.00528675625755012	0.00420181617138673	0.000420709206737518	3.7324234856009e-06	0.000509312043076164	0.00219856979786764	0.00247729083488765	0.0001535949048833	5.47311053215262e-05	1.8916598890031e-05	0.000776176036240473	0.00187371015741747	0.00145912842827496	0.00229228566615522	0.00369493048176416	0.0061559285017796	0.00108046083325766	0.00230653604097746	0.0020535734185392	1.69744807568525e-06	0.000464468854182962	7.5497534814176e-19	0.00119756740348733	0.0324175098479524	0.000292327067469555	1.25979004121991e-18	0.0193425248337034	0.00091774367663198	3.0736883072188e-05	0.0171732935720158	0.0129592712937275	0.00460137516489026	0.00370800205625056	0.00142284546168575	0.00136453697047581	0.00249590810644567	0.0347653008769666	0.00681241874269336	0.00250735576259602	0.000901963080908603	0.0439149033161745	0.00538577900718584	0.00018867802778196	0.00051087363134324	0.000137849567558567	0.000864835234926732	0.00275243331717591	0.0117652625878217	0.00193771581676322	0.00121900564970691	0.00331852886101442
T[C>G]C	0.000102374422743592	0.000120303188778207	0.0238649152767267	0.00590408808562381	0.0086512670383999	7.08085330721205e-05	5.17101936822087e-05	0.00152720915791842	0.00717966976962036	0.000881895585203424	0.00161360742782282	0.0028333455655159	2.84781220866781e-16	1.72522514729765e-16	0.000493756284071636	8.46338354256154e-05	0.000229716654116868	0.00229632458795207	0.0787162047622677	0.000162279037966799	3.98171852488857e-05	0.00814915555942315	0.000875836089137025	8.69408210328339e-05	0.00466921262588191	0.00318147975488594	2.81596535016385e-05	0.000840108589993401	0.00213398733847439	0.00829587948077333	0.00695242188117899	0.000245077159525262	0.00473987778563001	0.0038389903559103	0.00102828125391454	0.00454448948161643	0.000231913518745678	0.00610915890038378	0.00099961041238739	0.00309342829605114	0.00116752938258113	0.00319502064219839	0.000249210408912035	0.00595564604668119	0.00262389825627334	0.00163074398361053	0.0020924221777084	0.0389747723739501	0.00898241200274934	0.0227992616855569	0.0118221035188188	0.00316448017507074	0.00192020199907803	0.00118695426138816	9.70336591451305e-06	0.00182708085893426	0.00289711389723266	0.00180709502005495	0.000190773280653268	8.23218664056104e-05	0.000560178645542939	0.00450185162068841	0.00144785843834622	0.00417285218622009	0.000555724725430212	0.00390209640491423	0.000383542047951302	0.00386472601857299	0.00236776417127026	0.00205870206176324	0.00041688395973186	0.000117369643095614	0.00322205302122414	0.0496368907282963	0.00177189601249469	1.71883240973687e-18	0.0194844188509746	0.000626075585459757	0.000131804410132465	0.00492380946652688	0.00974741854650475	0.00551154933146567	0.00356433320708487	0.00157077299503019	0.00332995681390222	0.00645618488377555	0.0305100837574401	0.00779861639234005	0.00228222949285519	0.00215483367398188	0.0205672204548687	0.00395076625400811	0.000280581241806772	0.000665025764382547	0.000187292021521294	0.000854112638545701	0.00624779030306968	0.00366967363889002	0.00181261091902314	0.00562638977750147	0.00403714860851021
T[C>G]G	6.70336869164617e-05	9.61994128726875e-05	0.00117106865725102	0.00347858128611803	0.0037288718204338	2.33947691515096e-06	1.23579754037187e-05	0.000657355105113928	2.61029961533347e-05	0.00250824016140378	0.000180398349567074	0.00109639142788301	5.45539958875632e-16	3.30492036322945e-16	2.48611027295737e-05	4.85889556648233e-05	4.35506473986471e-16	0.000607338084452732	0.0327706229917096	3.79093577385328e-05	7.27858905005721e-05	0.00131036053846373	0.000881827322570097	4.17717027958181e-05	0.00173300817612839	0.000861446057378819	0.000237309263811002	0.000159922464694844	0.00104240667881675	0.00160054937709229	0.00169706419568688	4.51547885521713e-18	0.00219675666762142	0.0046328878915514	0.000248772067048528	3.58452618729728e-05	8.03690027858167e-05	0.00153697978443891	0.000205861046407455	0.000844239023793349	0.00202714764220254	0.000195966324432123	7.57337389521115e-16	0.000314098752569033	0.000629870803269794	0.00242034062340865	0.00202255680889038	0.0195707658318557	0.00205140784572233	0.00395562821440669	0.00547358712407744	0.00052077948967896	0.000407184056335512	0.00324510922387498	1.51869650848014e-17	0.000309954467700036	0.000231243506790837	2.90955779796684e-18	2.94290101659288e-05	6.52012782428827e-05	0.000224197720555874	0.00516003821221075	0.00111906491335406	0.00299563796047072	0.00253273233134665	0.000521885398572385	0.000209715241780649	0.00351663698800021	0.00158753066089583	0.000764218551970966	0.00015116306083628	1.42271731801082e-06	0.00056128800240522	0.0093023917638989	0.0312014562790124	0.00189998493094939	0.00818867516775024	0.000228502771868319	4.24727411830152e-05	0.000688584925986098	0.00185122812925547	0.00205818619427264	0.00111829872416984	0.00143625866506985	0.000416758645938241	0.0762435335965317	8.50257204670392e-06	0.00349232362480244	0.000902323363637919	0.000410025436921221	0.00729266999448787	0.00180256809988214	3.97899861579042e-05	0.000128477113816013	5.19293316936613e-05	0.000370973067872226	0.00220392657381614	0.00325679831495179	0.00112882601529533	0.000900333647840487	0.000881829806884936
T[C>G]T	0.000580842429952774	0.00106192224126396	0.020397171191728	0.00247622853879499	0.0105054424553119	5.92181114629124e-05	0.000210903655710731	0.0004969584119069	0.0141431750296246	9.44699231890747e-05	0.000221376085066074	0.00588865590104401	5.13855721660244e-05	2.49012268578169e-05	0.000319834057119189	0.000161207964727398	0.000140072643246338	0.00333610495483284	0.337718609091502	0.000256397675241175	8.35985860216993e-05	0.0327864156709541	0.000253110270666105	0.00155788325198885	0.00236260487552775	0.00121210120614221	0.000826101304002752	0.000675307280431692	0.000404636696746143	0.00725995040289695	0.0160005293831688	0.000316989446045204	0.00255249879694527	0.01421514671193	0.00225209138519794	0.00229796003022686	0.000180036627222054	0.000221890081529998	8.15868080461557e-05	0.00331635687442351	0.00054227497595077	0.0188901021401839	0.0028256282795856	0.0165574926251456	0.00610112506089441	0.00276593042603283	0.0027991630395128	0.0397524307003544	0.0137737348170143	0.0252567013323845	0.00959100019872512	0.00894927504217886	0.000288847480474189	0.000213554812341393	0.00197443351493061	0.00220798329232706	0.00436705455791309	0.00103596334996048	5.95592027964342e-05	0.000216103398196438	0.000353183239947544	0.00306595983796165	0.00179645866032517	0.00230909771627333	0.000246812273340731	0.00185329612990208	0.00039586416629673	0.0131458475100217	0.0175785398938369	0.00110542397935596	0.000673068163962223	0.00376710957978106	0.00794584946825239	0.0857195902271515	0.00581583785909205	0.00512591248680765	0.022613125971375	0.00204705330596326	0.000169551022370886	0.0204459377476441	0.0262163613938336	0.00959384682690281	0.00275813772166627	0.00363803697195467	0.00313072263090166	0.00168265749797069	0.0130278507693277	0.00816828205383657	0.00382744046636363	0.00152793561932119	0.138604115813021	0.0422141195637153	0.000131120225650093	0.00140659035034179	0.000521858965362045	0.00204251635086411	0.00855629206124417	0.00743847532629475	0.00233602067649693	0.00523579176968538	0.00731635118939115
T[C>T]A	0.000410282604157086	0.478852743188897	0.0049630767413653	0.00272002040083791	0.0169366230394421	0.00551128616675361	0.177329904680042	0.0045671956768303	0.0197476002189495	0.000227548596420537	0.00444823970361954	0.00443365712286972	0.000342598478726607	0.00155494146261199	0.00219820740846437	0.00126340038475398	0.00735102686653299	0.0059938420893409	0.00629634208179036	0.00280697629773359	0.012639290755508	0.00726327745367976	0.000472346651657341	0.000111351354646509	0.00840804862602284	0.0328098184402975	0.00590901757632257	0.00351296209650148	0.00163908692558129	0.00796432282769721	0.00582998995494084	0.0103318137896302	0.00149420066253121	0.00955117766482925	0.00332825079963149	0.020134791857789	0.00604916828940638	0.00418915257028428	0.072818978105797	0.0058079576937953	0.0192926330549179	0.0137145643666886	0.00242669906848786	0.00229496913769049	0.00853843645753592	0.00432865957076687	0.00453750622863117	0.00302004788501962	0.035227309457068	0.0277339346275079	0.0176295083515159	0.00308694882450729	0.00362757909673299	3.14131569376366e-05	0.00105949116282955	0.00159895979241561	0.0163678144447939	0.00805818594639422	8.54923222916841e-05	7.37447843895253e-05	0.016156456779049	0.00155380875770193	0.00108329237380374	0.00351197759506891	5.86837488917473e-18	5.07374491550806e-11	0.000191232005886304	0.00823473648575712	0.00413607033842858	0.000116235465676282	3.57193946054922e-05	5.34522546484366e-05	0.00483022789910918	0.00659459285328707	3.98583980025376e-06	1.25979004121991e-18	0.00815101435612039	0.00299470435327934	0.0229609523889827	0.0151015231701962	0.00866351367062684	0.00716112655368898	0.0068006165877961	0.00654169027891977	0.0412805271440974	0.000235960433176389	0.00125544922680391	0.00400442605518493	0.00688617939129309	0.0333774531890476	0.00303031727308961	0.00317950664195714	0.00552088693289812	0.000926968802554761	0.00287138249497921	0.00214006387551322	0.0144989010681655	0.052102197541473	0.00984372697328374	0.00654819934458225	0.00291640152568508
T[C>T]C	1.88073345039176e-05	0.118600191708166	0.0156356341873429	0.00693606348954359	0.0261814671758152	0.00657955329295731	0.336487069787091	0.198914286218617	0.0213365471583416	0.00847399188826884	0.000303454718128215	0.0103842120501641	0.0035249197882223	0.0376902011219981	0.0112534945844883	0.00463805712038121	0.162032300296796	0.00391115966134829	0.00555352171647847	0.000148214551888723	0.0062211411205022	0.00573401275176127	0.000109738262094014	0.000849655199517296	0.0114717738735712	0.0254926318260238	0.00918105459793071	0.000107448473322785	0.00185319886858925	0.00719957038896187	0.00986455438532417	0.0401704775460205	0.0103631738022997	0.0075723204806572	0.00349201416263413	0.0116753896814103	0.00704264380854132	3.22852589691987e-18	0.135849694949833	0.0260610727813099	0.0410758107058861	0.00403514628641544	0.00051444111808335	0.0133288005597132	0.00746885523786549	0.00367284641295192	0.00693954755501122	0.00560726912643139	0.0522473726048874	0.0169497349856627	0.023352409714808	0.00416683238743332	0.0335778586406438	5.82981165442738e-18	0.00232320257725801	0.00183617085416594	0.0152098479604717	0.0563388501928461	0.000172786141653492	0.000313146893152285	0.11817159198292	0.00220727910130859	0.00153834965359937	0.00482512183537976	0.000710509697621794	0.0048895172430608	0.000240039823526729	0.0238784855605336	0.0201259994037738	0.000275806710719718	0.00114762980199544	0.0277185846676216	0.00516747565457766	0.00850752038527874	0.00385118505183364	1.71883240973687e-18	0.0123829058033841	0.0019080415392696	0.000115057193541363	0.0209232076389196	0.0108024391020931	0.020347078036952	0.0093944567592156	0.00356679835775028	0.0099792743941048	0.000562073656998417	0.0039926651458413	0.00672742293592201	0.0102522564955196	0.0494877700847597	0.00924408905958741	0.0104724336433013	0.0172868813371634	0.00140950086197728	0.00630003119884088	0.00195210931300939	0.0113783076801197	0.0333433128674452	0.011539921242011	0.0617032431242484	0.0036991278271781
T[C>T]G	0.106268231483945	0.103207210874317	0.00222728340434912	0.000534143455647309	0.0346719682307125	0.0624202698197043	0.144302486848454	0.103659864202842	0.000138420459601683	0.00502797172286842	9.61970738740023e-05	0.0088471280573658	0.00682589626652043	0.650554035765299	0.0205376995931252	0.0131739656928854	5.76751816901002e-07	0.000251132657755391	0.00282587378586035	0.0110254851004386	0.0264279374128882	0.00901432110707777	0.000410745054035224	0.000168164790610261	0.0227469385039951	0.00843866135830077	0.00505238399018532	0.000808501155841931	0.00010310278802117	0.00449337706820707	0.0251575284660989	0.00506544477733432	0.0043772405455197	0.0317105398412829	0.00695386663572185	0.0129044903030459	0.00568394743852557	0.0246739366494374	0.0285487068114353	0.0170674412957269	0.0200274947962841	0.00938806169636426	0.00102299906461825	0.00155023442776659	0.00811324706095184	0.0096532192270412	0.00638024767232015	0.00988710206882904	0.0154142545114432	0.00588487750425822	0.0148522012014451	0.0318878404612936	0.000716014219356111	6.77575355828513e-18	1.51869650848014e-17	0.00304729807587854	0.00855600975126369	0.00564353251149961	0.000419749520175102	0.000962691208058118	0.00864142687754094	0.0155040050410027	0.00421816062006875	0.0163398425475307	2.44996071733029e-13	0.0109618650721509	0.000384858713488835	0.0121628053752168	0.00841642667047483	8.57107057334421e-18	0.00397006267581268	1.36549290438764e-05	0.000521541507038212	0.0274723454074442	0.0711503601268762	0.0303997621878657	0.00549090159131131	0.00108511737575184	0.00337065484881711	0.00830651718775624	0.025593922204832	0.0100384622265233	0.00539480629559555	0.0100195971532576	0.0205231325196862	0.0305905485744296	5.97478035714329e-05	0.00143178553614723	0.00122536114387193	0.0365560644148482	0.019653806683621	0.0105852891521177	0.00835750087321421	0.00318130689253639	0.00324001937388666	0.00331940199483008	0.00766070721530183	0.0228887616947928	0.0542722773705007	0.00748888320534742	0.00337704440149595
T[C>T]T	8.30159400410786e-17	0.269980264965329	0.0070912715179442	0.00528945950512601	0.0176491441655275	0.00323386930089219	0.0803086591137878	0.0709940415382179	0.00266765574242453	0.0553665959020357	0.00468534806695916	0.00571084558143223	0.0214987541398025	0.0734403770737231	0.0117940600528229	0.00775171487971066	0.0901010149789063	0.00669408532643295	0.00129962137040518	0.000286750294245452	0.00083598730126576	0.02542385149371	0.000311244898329925	0.000929537481341491	0.00278609005972716	0.0473547474706823	3.6862638095353e-05	7.18591873268591e-05	2.31196198547972e-16	0.00531939294955649	0.00865927100714531	0.017890170209154	0.00295387480640445	0.0107480377578007	0.00217056753533828	0.0128383676764678	0.00250539923868544	0.00282645886174247	0.039296274379326	0.015252112433773	0.0525034915331342	0.00849584706075642	0.00106191068160785	0.00627935154719079	0.00669596442428613	0.0063345218283955	0.00466290885889106	0.00331662292940891	0.0282233561695073	0.0116852565716799	0.023262069355023	0.00358062596829042	0.0114477561094025	0.000711280584551652	0.00230223528586168	0.00197980227884191	0.00392143674588113	0.090702820826528	2.35291047709809e-06	0.000123941865017095	0.0686232465627515	0.039038043767779	0.00122485841375088	0.00476019811804132	0.000187291865922527	0.0275798596169968	7.89959593795676e-05	0.0379089560129716	0.173843018957699	0.0015199584263744	0.00345820899403109	0.0128067776392685	0.04918435751709	0.0100421225651482	0.00504091501623325	1.26902957607543e-18	0.00822171609909703	0.00396203718092169	8.86867238718451e-05	0.0218631195749967	0.0106508887147037	0.00983454983360536	0.00293299067326962	0.010244302082196	0.0232364843298832	0.000306291947331684	3.09984252422765e-05	0.00758154536598786	0.00434659189790534	0.0385964208428786	0.00532545978510764	0.00533593338000765	0.00465869196568405	0.00136532880969249	0.000642034153960538	0.000890887767683613	0.019196812666839	0.032404899094206	0.0136192681755029	0.0130374133319541	0.00219390417275416
T[T>A]A	0.00145463991835306	0.000220787987020042	0.00328500097890396	0.00378215649238185	0.00308308953959659	0.000122110656688145	0.000155339085953007	0.00131104973938847	0.0102947297851078	0.0107509473719549	0.00594403722266261	0.0158100612146317	0.00111830673476627	0.00102070156880804	0.00533626620938237	0.00495796599425423	8.18744379694525e-05	0.00238464362037886	0.000157497204013198	9.28735003678204e-05	0.000304459205833123	0.00822633963823026	6.18760005369592e-05	0.000718526763875681	0.00466487610772695	0.000216218385034439	0.00514575370083896	0.000146869025149567	0.0425666157428352	0.0781443342359353	0.00144311425796384	3.07086200149078e-18	0.00150217613852879	0.010985414672595	0.000669460053105917	0.0331168652498419	0.000137604811873011	0.000293322073103853	0.000122713882268081	0.00304665069307947	0.000233257661710684	0.00224013641622156	0.207825030840881	0.00195244865651071	0.00114962386171627	0.0015449682814178	0.0010052482897933	0.00304953977220868	0.00464748195601335	0.00749185809165945	0.00475544519679921	0.0892766849450227	0.00374640554634072	3.77328143165337e-05	0.00308464013808343	0.000158798724657574	0.00233161851160742	0.101683226281219	5.49502715680626e-06	9.69983822157728e-05	0.000824246543703265	0.0107589701050116	0.000453151816834462	0.00111271715143808	0.000715140369739545	0.00184341019168723	0.00527481829687032	0.00178919738712848	0.00671898443822438	0.00088365787605408	0.000581038768795865	0.00290481186183182	0.0445216679892497	0.00176350552792013	0.00221636667564843	0.015751697227448	0.0035738302198801	0.29673299227901	0.000846018233074371	0.00422852788073423	0.0122417642242188	0.00456020218309555	0.0018836052195484	0.00630008739655606	0.00199916167805307	0.000472807184387572	0.00579158515710121	0.000786738435783101	0.00920837421058683	0.00229964436223574	0.00773178346920887	0.0112497886988896	0.00237606341592881	0.00169733650458806	0.00239605650628861	0.0213063825259926	0.0113891795268558	0.00178388964778936	0.0173198515732398	0.00192257749265279	0.00110479521067853
T[T>A]C	8.59671508074118e-17	0.000178930361597961	0.00943761875980104	0.00326980888464076	0.00360309505416621	5.4616388191892e-05	0.000302342781075945	0.00161451044096849	0.0407229227849566	0.00141043782889484	0.0179529946688953	0.00200378179287882	0.000351521599307694	0.000395109822207523	0.00236100726436525	0.00075330279118026	0.000158381990039373	0.00730584683286011	0.000219881188731568	0.00143095580392042	7.81127773846767e-05	0.00556335777726372	0.00527920885651751	0.000260273152131339	0.00210037891351514	0.000370320427128072	0.000242892395824848	0.000809250326546645	0.0257177153969724	0.0151155516466131	0.00312103600896005	3.70995376099552e-18	0.00212368447433529	0.0030607861711364	0.00132964333741444	5.26425270550227e-05	0.00162969019866394	0.00131985831078822	0.000186801235520867	0.00303737042606163	0.00198815606021614	0.000211188007821023	3.02261916953587e-16	0.00428652737543362	0.000849061793986709	0.00126925955191018	0.000681004645136754	0.00299607834696036	0.00794042972599451	0.0175813507168477	0.00957391824573755	0.0331717684244537	0.00177428276394967	0.000826434976083362	1.63370693988077e-05	0.000182083900107621	0.00396855164468395	1.42832202858739e-05	3.18210084758737e-06	2.34326437327815e-05	0.000576842684804824	0.00245987475473297	0.000360533544008233	0.00227610179671709	0.000147106548253271	6.32026175799781e-05	0.000802917791586151	0.00974028446117758	0.000903132759681996	0.00140077848310405	2.04154595181449e-16	0.000680841314296031	0.0102718532313844	0.00137130595901604	0.00177497405968058	1.31414348728159e-18	0.00284155900543801	0.00129924784905374	0.000147292131423818	0.00262215583630386	0.0109437231607338	0.00329613343623731	0.0023743249405492	0.0197276483646973	0.00209914349260867	0.00225647302442905	4.15471112178911e-05	0.000806572310721847	0.0126597771882058	0.000560495312200864	0.000721040504618036	0.00808169185042719	0.00258266416246196	0.00120492016647382	0.000561255558979188	0.00806797416708953	0.0149998673385748	0.00136131081990668	0.000517886188087693	0.00281783035456721	0
T[T>A]G	9.11292060305373e-06	3.94165718688428e-05	0.00509175522504712	0.00611034002129148	0.00351951464546579	1.19253761840059e-05	1.46232661080388e-16	0.00103445972452628	0.0122643501794811	0.00542136672502825	0.0100268356307002	0.0152709889202374	0.000571287467503413	3.54142985797688e-05	0.000455742729177343	0.00315909202028026	0.000133051914909792	0.00264888143394051	0.000150428479058788	0.000249298934436808	6.25863754753566e-05	0.00520980867482241	0.00143092517813894	2.02498244768963e-16	0.00116267927910612	0.000245507767362746	0.000113493720295337	8.46533371017277e-05	0.066585551466818	0.0480577687102795	0.00984375268940233	0.000110020527782793	0.00109110680433334	0.00772948570200045	0.000247674939788101	9.4359951026602e-19	0.000353322793871656	0.00053347445593566	0.000124333442960243	0.00223607358690393	0.00120578239789248	0.000542282237672363	0.00892771863529878	0.000942281591851619	0.000612812639103293	0.00121381859253167	0.000498115653802231	0.00374275421382974	0.00413609537751254	0.00844598890286845	0.00577186535836239	0.00678803251363602	0.00353275542311489	3.82250677894604e-05	3.344871287475e-06	0.000383725284127158	0.000389587909111508	0.00044305078304874	2.92560568941554e-06	2.61344458046248e-05	5.53007769328024e-05	0.00324392058049463	0.000504921875957366	0.000863641814036838	0.000228268115234716	0.00727970313028755	0.0053555523631993	0.00392007619226961	0.000703885166416359	0.000288022633627429	3.27711768824896e-05	0.00052129440152528	0.00749108690682122	0.000941502755367242	0.00195891871006873	0.00448140418561383	0.00762790895852946	0.000750504893994531	0.000411458244637754	0.00524955282509169	0.00919099254011024	0.00284854168103934	0.0025707943749766	0.00623766942393755	0.001964072323779	0.00203172515383166	0.0128805210197771	0.00200858172251503	0.0187105563853735	0.000847109281855044	0.0038891828787982	0.00533001387243621	0.000457589545921332	9.88973387569003e-05	0.000831842399401917	0.0164421761401936	0.00583266254506952	0.00231314245588522	0.00163751553120197	0.0028371608932706	0.00185944372000848
T[T>A]T	0.000534818201879731	0.000117775456021795	0.00720336547788624	0.00262845448385483	0.00469464129475224	0.000125818719135377	0.000382359010200933	9.86686536746215e-17	0.204802866490141	0.0192988084766512	0.0215109945368917	0.0113513289142785	0.00318437447011021	0.000556747953696142	0.00284159032213431	0.00425123647061605	0.000325786207577301	0.00366597207296605	3.62267591685201e-05	0.000928048341138827	0.00014569150460444	0.00525838222265055	0.00113051971041845	0.000868570261942067	0.00336753652735592	0.000323458295771118	0.00315956918170215	4.79455504835542e-05	0.019919597295515	0.0270819282856699	0.00267755697757845	3.17678589529533e-18	0.000876809543709957	0.00802353112788972	0.000852226392377028	0.00132926098298599	0.00459737547573789	0.000505906485133698	0.000334965723642056	0.00443402776614806	0.000355691127358677	0.00163191345115585	0.038594406599196	0.00269740390645917	0.00138554898327828	0.0013502857855893	0.00113099612466226	0.00535586381165328	0.00977704830118343	0.0256425510438016	0.0104379785991377	0.11068575661436	0.00170363311330925	4.76246543711597e-18	0.00676468564944112	0.000595531608199863	0.00193446769253188	0.00311351944331382	0.00010944265864808	8.39422602072214e-05	0.00157990157378012	0.00375001400432809	0.000635033741881754	0.00200227824624976	3.77382232597703e-18	0.00117752914996056	0.000457474617792613	0.0188012509304405	0.00905205381918198	0.00138818279687814	0.000299254047485979	0.00342766447416276	0.0510158681786145	0.00116777696715589	0.00154638045303654	0.0603049440635284	0.00351522462717209	0.148472695333124	0.000205918552271365	0.00343169829554599	0.0201580165180053	0.00841319038571044	0.0020473304455882	0.0223421458943114	0.0024095793895018	0.0013962047515991	0.00341009061958721	0.000724377372988141	0.00527006988346887	0.00135331305337292	0.0032616000344115	0.0142841316202595	0.00133869350122501	0.000629399346752506	0.00275808849698938	0.0267370280996732	0.0187575900312149	0.00145963999366158	0.00313429050367907	0.00482142471103917	5.10320213973476e-09
T[T>C]A	5.51983230920451e-05	1.16669007292392e-16	0.00767004819965186	0.00102646365079417	0.00879486763810545	0.000398069789126746	0.000938143755492903	0.00242787008263689	0.0201883664797548	0.0522740672915999	0.00107509548203571	0.00851310988480169	0.000400178642959597	0.00295536484095844	0.00910500064110057	0.00313745405074622	4.97409243554122e-05	0.0547514249248635	1.17595982549643e-05	0.00291158200854893	0.000955275934674525	0.00869450542292087	0.00108673004567885	0.000640032268823977	0.000777479207404718	0.000542734157802478	0.00591761652022576	0.0481181652474158	0.00274489482098426	0.0155783169659502	0.0177330814860909	3.07086200149078e-18	0.000532324343400364	0.00730681242835966	0.0250603132664025	0.00107880719223839	0.000958843698928129	0.000994377305587122	0.000236724849871029	0.0020871830106979	0.000408656193028866	0.006010123291137	0.00106968804318019	0.000167093359383399	0.00138796044186784	0.0300795831434497	0.000869292466984969	0.00270766290357217	0.00359349409312694	0.0104765373364117	0.00737100535735396	0.0426131139100026	0.00300593961988838	6.77652662251446e-05	0.00881958862553751	0.00049941575873174	0.00481867825732203	0.000892987371790899	0.000141545118461985	3.99542087315555e-05	0.00053161483959575	0.00238731398142196	0.00119545764601397	0.00255207078765827	0.00218233099658812	0.00249192287031841	0.000318056760326197	0.00290300252034141	0.00186889419396135	0.000866745779785661	0.000123406691588289	0.00019141920009667	0.00959055741498635	0.000689656691130194	0.0026150327020843	0.0029800505476562	0.00378921635373777	0.0084074396795591	0.000117570536508817	0.0178569758019129	0.0558908550537929	0.00392906833060521	0.00142915282504701	0.0010232025909106	0.00125933270489266	0.00531788245204351	0.0169535558687973	0.000910743661372261	0.0167246079334347	0.00202002954815925	0.00208960679979759	0.0389272530721726	0.0089751483220933	0.000132956682792876	0.00073054011986814	0.0213245738305848	0.00739704023213087	0.00148277424670929	0.00397642382672968	0.00182582392252493	7.23998161401922e-05
T[T>C]C	0.00130708735169983	4.053764324819e-05	0.0080803986600115	0.00038160397940267	0.00845073743380531	0.00052220723397882	0.000463229067412593	0.00124692077204012	0.0248862313845593	0.0163977734963234	0.00243055898645819	0.0147305073576437	0.00504823966075449	4.81268101354926e-05	0.0159899608721041	0.0064104383853425	0.000366159699892057	0.0524435233275649	2.36003344946632e-05	0.00238216903232273	0.00294539250883162	0.00437206146862426	0.0141705083244638	0.00118306222692566	0.00475470360149617	0.000431130886824826	0.0126792753153281	0.0557822626769024	2.41552842745665e-16	0.002261029857397	0.00619036452431049	0.000133839221838073	0.0019483339989391	0.00665115060208638	0.0331355640914624	0.00389905538619957	0.0026726914564015	0.00102579665003047	0.000221681156787139	0.008342643033866	0.000990020568760708	0.0121652016463471	0.00849243387267813	0.000664816240034567	0.00189790307850542	0.0506580624857003	0.00160711217295192	0.00522892747610101	0.00266808637436573	0.00572508938884581	0.00605592392340409	0.026735870745965	0.0023787955922447	0.0316300862926313	0.0082890194023744	0.000764475583673163	0.0501145010014743	0.0203180190439088	0.000168360207684893	3.48611962901732e-05	0.0251934128327944	0.00374701790074108	0.0016758279770637	0.00321595294515265	0.00673072728969644	0.00089137334274075	0.00131658569552022	0.0281761199261204	0.0197120298285335	0.00168695872554106	0.00099832512535183	0.000424067379792683	0.0307361826978953	0.00159770798822461	0.00341343707102574	0.00303322189216014	0.00229575549141248	0.000661021458846615	0.000116895336147794	0.00400647051023102	0.0140236989337967	0.00382645276925787	0.00382473362743993	0.0243561714580972	0.00418015512703834	0.00202836481403382	0.000124283643292165	0.000303725139698892	0.00994261369561456	0.00361476562984788	0.00591620582114535	0.00968753735745592	0.0121646441392702	0.0388172792899282	0.00172851439378979	0.00271397129548004	0.00831037761542102	0.00234444611140005	0.00999186876317081	0.00248587536932902	0.000638189144023388
T[T>C]G	0.000135416047392672	9.20530370931564e-05	0.00525869799444118	0.00111446482224562	0.00933149050472532	0.000861525153786146	0.000209320578679273	0.00231840682302268	0.012968042592397	0.0220727068271865	1.72561815094659e-16	0.00851334741751469	0.000299245580795695	0.000335076950745014	0.0121750360596034	0.00415000880204534	0.000102602522203283	0.0382509965094761	7.98585163734222e-05	0.00300974173908301	0.000554456274972963	0.00727160551895312	0.00183752715007255	0.00109868192294225	0.00211750489850036	0.000710852980062488	0.00773819161933822	0.0237190090688609	0.00110975932646625	0.00532002683243047	0.020356705898144	0.000179600862541139	0.00111303819727686	0.00370560634276942	0.0269947449789583	0.00108468462184195	0.00155197896679469	0.000218817265193	0.000132840681579787	0.00274209636208258	0.00115782514343085	0.2629245560442	0.00126389847838131	0.000299072253750497	0.000969817641795397	0.00948295953183926	0.00118952927198073	0.00341372047716294	0.00272121933953906	0.00538973053040487	0.00739459729873921	0.00440306052717688	0.00226016777300962	2.06742584542218e-05	0.0127297279108914	0.00072755256596232	0.0184664668918861	0.00154871747779015	0.000104493000418696	2.19001796848848e-05	0.000748102162772033	0.00198820931012742	0.0006944302749684	0.00254774291986937	0.0613341352700549	0.0031944689651635	0.00155782552103482	0.00263714182571158	0.00183400649298851	0.000858345285157646	8.42837569971664e-05	1.48935178591784e-05	0.00425378456296552	0.00124805740476297	0.000688880231214297	1.10946772277688e-18	0.00658782883205013	0.000173194206247295	8.33588876439343e-05	0.0100577401655049	0.00976024381289518	0.00139692400606242	0.00423574599536224	0.0029803836209759	0.0014970338722332	0.00447180924896221	0.000181022690682874	0.00161072067705072	0.0250049523093506	0.00231394426538071	0.00214023140876036	0.00354468518839445	0.0133021598509879	0.00212675151260394	0.000675118149821129	0.0115966262418245	0.00238035790538997	0.0012507963083356	0.00646059205535111	0.000629343420931806	0.000726744702781691
T[T>C]T	0.00102922818990612	2.05670142609501e-05	0.00770205993427913	0.00029745486790255	0.00992581355982822	0.000513906920502878	0.000389067021008326	0.00131967857593603	0.0646707263438581	0.0304680820476035	0.00259380571546583	0.0256406489752205	0.00195637342547194	9.19379388647694e-06	0.011716744835617	0.00460811417186408	5.1236416558807e-05	0.0416873405899465	0.000310251224242294	0.00148895641594195	0.000414070317659816	0.00616170732277599	0.0119903619836379	0.00066303053690253	0.00159839426108778	0.000706513301562715	0.00908788072325993	0.0255404742511535	1.46935779060899e-16	0.00290602472841546	0.00719964251869421	3.17678589529533e-18	0.0014693567550523	0.00940689823930668	0.0373418297640662	0.00105376616100339	0.00165569833510035	0.000346545706261504	0.00021263859046185	0.00604186199679867	0.000342184021353252	0.00547171061818368	0.00594018269989016	0.000528511868430833	0.00143686597349485	0.042516684108749	0.00138433900676255	0.00474519552781066	0.00424422568847578	0.00771128072152981	0.00648042948070469	0.0607730879388597	0.00114220861409295	0.000999407444782725	0.018055384755657	0.00023349952575116	0.0207670796404163	0.00823114248366602	0.000136674875512801	5.27493113469154e-05	0.00273671079452876	0.0125196397394272	0.000947811342798839	0.000863187010462227	0.0063329652197218	0.000497365997542581	0.000175242340223606	0.126859652302005	0.0198401170251961	0.00121175793997127	0.000745312361326214	0.0047680587828495	0.0764075982638695	0.00169802341897136	0.00193644419778352	0.078069191340415	0.00375833145251501	0.00365085991376318	0.000515931317622705	0.0081116646532567	0.00915960706307126	0.00814276078390135	0.00264321955657831	0.00624003207574871	0.00266919749942292	0.00267665415656559	0.00866507784814275	0.000440574955779432	0.00653557273642127	0.00322585906698656	0.00718542600239329	0.00229243069325236	0.00555608485113606	0.00109718701362925	0.00238524151082482	0.0305017822493082	0.0136434567983167	0.00191813556516584	0.00741637675042109	0.00387353062340646	0.000317128290569537
T[T>G]A	4.82629577114922e-17	8.73709606180696e-06	0.00365841117108948	0.00016057140674588	0.00255051147332716	2.82415621615977e-05	5.5852231125637e-05	0.000386435843454297	0.0129018368784007	0.000135835585834968	1.14750401945044e-16	0.0399508085916323	0.00147463031913645	0.00376925769109922	0.0046764363802382	0.0110524495259573	3.74504180334479e-05	0.00103652546158684	9.79037105034751e-05	4.6044996384053e-05	6.4522900195221e-05	0.00654094334855674	1.15417990330748e-16	7.36691647599579e-06	0.000300625541008702	0.000726563137358447	9.51528555282845e-17	0.000265735620246886	0.00299981989763506	0.00790441693404938	0.00233553084177651	7.35568278338827e-05	4.48464152799179e-05	0.00104814981034548	0.000847192443617563	0.000746384133347651	0.0309611229330892	0.000179294859968797	5.13483281294489e-05	0.00102312885544591	1.02971646680854e-05	0.00025570362191867	1.69693353550899e-16	0.00194790787120233	0.000368253234183939	0.01153996565784	0.000482024777804451	0.00382446015790511	0.00271727519798735	0.0085087201288871	0.0020954759456364	0.00658978931041132	0.000506866622371753	0.000100906348157262	3.4028783883626e-18	0.000111198171129195	0.000362696212916697	0.00157087558611502	5.84897705498569e-05	3.46422134211327e-05	0.000159484500650565	0.00136494375278432	0.000617149621323877	0.000466623344713198	1.4946262445235e-05	0.00309447858065323	0.00529721667605024	0.00190768737051005	0.000450567122626964	0.000676484273751713	0.000827852151972495	0.000829319166864028	0.00525739075850219	0.00320819264546122	0.00219623651635934	0.0225632413363766	0.00346080468505074	0.0154456314299642	0.00219646728375017	0.00114187289639464	0.0317975780109649	0.00180091282472716	1.58830758099627e-06	0.00341334885977024	0.00102524870835521	0.00371114067273002	0.0255172736089271	0.000191655037343481	0.00168113744588856	0.000358408932110306	0.0272736299210915	0.0259862063578289	9.20553360436911e-05	0.00152315207729891	0.000234766023176284	0.00480232476156875	0.00190040215724297	0.0008738926399309	0.000384576945633413	0.00109201827591261	0.000553134595311068
T[T>G]C	2.12412108048807e-05	6.56057490729327e-05	0.00564459466292569	0.000132006549175781	0.00570925206650496	0.000137498384086212	9.01584273297284e-05	0.00111718375073848	0.0207186797627402	0.000131869825885387	0.00104955975065992	0.00933654279904033	2.17731167147046e-16	0.00329753138717028	0.000908424283782215	0.00073049792042295	5.27710300593949e-05	0.00127993901364279	2.10412620795793e-16	0.000992570361236218	0.000146274549817697	0.00656404815418788	0.000107436852799081	0.009410717517287	0.00161567626474949	0.00157483584189128	1.69488574029273e-16	0.00038579318440637	0.000819479776011417	0.00262684975079487	0.000877102135812166	3.70995376099552e-18	0.00171453423068515	0.00051970502245878	0.00181506861582726	0.000312818437361711	0.0465439423727572	6.78977798909337e-05	7.47338284599231e-05	0.00192771770539228	0.00018177459299197	0.000159607723895991	3.02261916953587e-16	0.00156903124532848	0.0006193155047679	0.0219031534576888	0.000662658599004058	0.00412468172548489	0.00558776294606062	0.0249253800187221	0.00385743639149044	0.00321646462983389	0.000215112528334735	0.00726875282954709	6.06128951607938e-18	9.38217348817051e-05	0.000922918987135792	2.61278419863548e-05	9.25150005847866e-05	5.67690737842711e-05	0.000569024057506659	0.00330843589063146	0.000860976109489935	0.00278758547576457	0.000580206862162773	0.00513903939225482	9.97612928282804e-07	0.00417892961067867	0.00159908829523862	0.00175473825664456	0.00970848205569085	0.000581145531639878	0.00843957635287617	0.00189682855529722	0.00119073810894685	0.0272989996577285	0.00262993010694632	0.000273526018799454	9.42462282721471e-05	0.000276829779312486	0.014009418334984	0.000973294389959798	0.000317068947769968	0.00621418849887683	0.000904391072718143	0.00372465566065847	8.96977368015396e-06	0.000123053375492735	0.00133266021239966	0.000562433108721635	0.0104682566928003	0.0220791177692821	5.32600144787113e-05	0.00482983984667938	0.000293014344813131	0.00623683485153508	0.00273652060999808	0.000751530751902972	0.000502835535946186	0.0022058024773421	0
T[T>G]G	0.000189777547942938	7.50567057143235e-05	0.00610858845681107	0.00148595245577743	0.00509925503956836	0.000131048969511136	1.46232661080388e-16	0.000821482579202389	0.0076802980965985	0.000121012840304155	0.00240177674961985	0.00996729183545501	1.78049752228167e-05	0.00138444876660785	0.000892758125698793	0.00262952334896657	6.6857123106587e-05	0.000836740844453496	2.93668091273006e-05	7.96079692474317e-05	6.21664228781152e-05	0.00527015456667212	0.000719372118168941	0.00434024749135137	0.00094183488737123	0.0013624677178984	0.00179912951765705	0.000112579484673078	0.00506668753254174	0.0068494113599069	0.00353184290961413	0.000108236340438648	0.00166681600882058	0.00714598580341267	0.00253020067823546	0.002216530347207	0.0154097233996302	0.000103923422881113	0.000532017229982801	0.00365840746708628	0.000560414636531496	0.000787951763826753	0.00174647764660356	0.00329115747370133	0.000633895218720968	0.0286385391134929	0.00117713832915186	0.0049903391802387	0.00307641004036245	0.0118401187252195	0.00432146911493559	0.00347917546063178	0.0019420211918142	0.0169594853848163	0.000611159956325348	0.000415409060871556	0.000701258236400714	0.00150951025942652	0.000123139868700434	3.88976345166656e-05	0.00639554218659909	0.00222164295486895	0.000960519985981114	0.00331962275070798	0.00533551450967241	0.0610481440197256	8.50490212172089e-05	0.00481100231627276	0.00572278042428798	0.00124619054047731	0.0184805655326848	6.64889190141892e-19	0.00379371585710937	0.00135948265006604	0.000803485417629865	1.10946772277688e-18	0.00381847128682707	0.000365630685528385	0.000348486168087718	0.00135513365193342	0.0113189597050354	0.00202757928164389	0.000294991716287816	0.0211404355394739	0.0012735791329913	0.00589191149992885	0.000194098453036313	0.000903193342670735	0.00831491845216395	0.00124715299849978	0.00857113416220176	0.00590343610840726	0.000855476016827143	0.00352762855216246	0.00066525473246927	0.00706033984628968	0.00422459259804766	0.00375877551332331	0.00369142149236044	0.00118737953057674	0.00143266320141078
T[T>G]T	5.29970280911007e-17	1.28112965927147e-16	0.00581810309901708	0.000265651673158091	0.00724316139139836	0.000298302364187596	3.97433719048019e-05	0.000786475393745312	0.0159291118054999	0.000117348416806682	0.000565302258488649	0.0426676426805286	0.0113770660410277	0.0332949861110495	0.0147716224562916	0.00886148729868261	2.68367209039042e-05	0.00154319994125647	1.10433185207263e-05	0.000308499619534124	0.00183724585556894	0.0116036926798949	0.00261504038081509	0.0808897526882392	0.0024473924981515	0.00203302732602765	0.000711020424722647	1.39318222609281e-16	0.000393759554975122	0.00372392916696127	0.00232713857666166	3.17678589529533e-18	0.00158546406272674	0.00435484045482883	0.00614774011531737	9.64228087302913e-05	0.384989992324617	0.000391234303540528	0.00424799352134496	0.00364509010979131	0.000317670902905531	0.00134992867747761	0.000194649788063281	0.00180491735389036	0.000928831055426717	0.0201504153446999	0.00239318790478389	0.00545597341560943	0.00800737862475213	0.0305285175962862	0.00591288130741043	0.0143791766894856	0.000842136748824441	0.000716966635375835	0.00438001256753049	0.000310190532208519	0.000568961086038794	0.00259102109244277	8.216550752145e-08	9.23111681399516e-05	0.000856895877757071	0.00171042948644398	0.00119898127753725	0.0027787522300836	0.000252812156767189	0.0231020039097074	0.0178316779545271	0.0774169159401699	0.0134540795709293	6.03859061425175e-18	0.0179552547011842	0.00320587423431686	0.0103243035678171	0.002412868705362	0.00183738512071812	0.082743992828994	0.00314947033565437	0.00760291607844509	0.000408561908207573	0.00101877638267105	0.0357492867373474	0.00161892729811658	0.000133479561634446	0.00804725824816581	0.00085681488681393	0.00448996442829991	0.0057721898393149	8.69806920260627e-05	0.00337344019328765	0.00147057428438707	0.0188294019364265	0.0228997706744063	0.000131702340811286	0.00895670688446993	5.75371185374217e-05	0.0193659154704103	0.00602450594942241	0.0024829509660113	0.00612726134289841	0.0029333737812473	0.000727997301243863
