Type	SBS1	SBS2	SBS3	SBS4	SBS5	SBS6	SBS7a	SBS7b	SBS7c	SBS7d	SBS8	SBS9	SBS10a	SBS10b	SBS10c	SBS10d	SBS11	SBS12	SBS13	SBS14	SBS15	SBS16	SBS17a	SBS17b	SBS18	SBS19	SBS20	SBS21	SBS22a	SBS22b	SBS23	SBS24	SBS25	SBS26	SBS27	SBS28	SBS29	SBS30	SBS31	SBS32	SBS33	SBS34	SBS35	SBS36	SBS37	SBS38	SBS39	SBS40a	SBS40b	SBS40c	SBS41	SBS42	SBS43	SBS44	SBS45	SBS46	SBS47	SBS48	SBS49	SBS50	SBS51	SBS52	SBS53	SBS54	SBS55	SBS56	SBS57	SBS58	SBS59	SBS60	SBS84	SBS85	SBS86	SBS87	SBS88	SBS89	SBS90	SBS91	SBS92	SBS93	SBS94	SBS95	SBS96	SBS97	SBS98	SBS99	SBS100	SBS101	SBS102	SBS103	SBS104	SBS105	SBS106	SBS107	SBS108	SBS109	SBS110
A[C>A]A	0.00115409899983108	6.94244536311678e-07	0.0276726204074449	0.0539194906750034	0.0160376696521315	0.000565854227309722	7.27539682304016e-05	0.00272726526961017	0.0069885013552687	5.6857386713257e-05	0.0585168962100374	0.000779258953840608	0.00299786150937424	0.00020047106648587	0.0058419700465916	0.0132002935926796	0.000181916597852966	0.00609486591227609	0.00226419276346817	0.00153914752552413	0.00125610032779984	0.0227644716006432	0.00259432306271199	0.000812584381036259	0.0665171476190157	0.00170231303554383	0.000818870810967511	0.000209610232084408	0.00788491360942332	0.00820582455022657	0.00109873788461362	0.0478919939387581	0.0130885663244845	0.00117112261425659	0.00666962468025338	0.00128291038396497	0.0814544007643707	0.00225430200537787	0.0123257861158624	0.0294949173585416	0.0040080248554613	0.00732749592829903	0.0113700076778943	0.0321901590305002	0.00549036154149141	0.0166449303340627	0.0158115639163391	0.0474600084597447	0.019467667972557	0.00502004007106045	0.00304617007100707	0.00152395429430466	0.0408789384400321	1.05951146811383e-17	0.0115224555779277	0.00579009254776331	0.0922951540384123	0.00091916535565484	0.0334264396252621	0.146827627099774	0.185607659307244	0.017964472065981	0.00725274551555793	0.00285522662391196	0.00841222615173928	0.0166818176349849	0.0178757054611579	0.0787389642198261	0.005276555139109	0.00929881092854799	0.00495344620886412	0.00891816275657925	0.0040164843645279	0.0121558819703848	1.54453284717232e-18	0.0420250197417066	0.00315729685329979	0.00336037081100247	0.0150467844670931	0.015861413492806	0.0204462858050969	0.0496931713460319	0.0157499012182897	0.0113952640299647	0.0120312729615634	5.15753342364015e-06	0.0920094188262613	0.0105914483903499	0.0164277991072326	0.0118683974377351	0.0140034814731515	0.00277940327161201	0.000516630134434704	0.00753596903181502	0.00727600811155214	0.025550808022464	0.0113564275423883
A[C>A]C	0.00261972217213445	0.000156267544848369	0.0193634068381988	0.0375308512805715	0.0111286599134687	0.000615400086002582	0.000171564379726334	0.000475974514923819	0.00146772857051639	0.00094953591750717	0.0559475990029193	0.00503827159091097	0.0021372310702483	0.00635433298733458	0.0176434768624949	0.0212361805776553	0.000606693138805238	0.00134404875590836	0.000791203042104989	0.0158797755306141	0.000583336668466255	0.00363953902107849	0.00101486288599142	0.00015207756891164	0.0180009038535161	0.000757887139990878	0.00162199891520735	0.00277929486635666	0.000108707400125085	0.00452201961863526	0.00046311780012886	0.0307551802330419	0.00816330006585605	0.000624787889234693	0.00535245330936427	0.00365183995135297	0.0582074125893752	0.000558985688104993	0.0210837966573591	0.0219336564179194	0.0025350451852806	0.00923733721895461	0.0524750480614996	0.00937468631383669	0.00177779952243842	0.0115852197023029	0.00852326315396699	0.0192926073904869	0.00578628446080505	0.00740405574968229	0.00155361185416419	0.0238721829406825	0.00721174669224661	0.000182581414454202	0.0031796726095117	0.00545558775472178	0.035662887809317	0.000797506466507107	0.00825814701518119	0.138221434947714	0.00196233985573962	0.00681803881852329	0.00233070416543044	0.000928134248462385	0.00258701145213908	0.0183351019306241	0.00183317898635413	0.00795955928603643	0.00307266519325654	0.00103896426618339	0.00630149522607398	0.00113845507143538	0.00452649185220244	0.0054643968913649	1.36241058069566e-18	0.0203893106220922	0.000895876248708067	0.0533495921873201	0.0114161524374983	0.00978784738727505	0.0286467823690104	0.0198393401737953	0.00944455662310294	0.0092554196330023	0.00815907681705936	8.28893600805554e-06	0.0439521601978103	0.00687661124536067	0.00896902962776496	0.00525277906053471	0.0111830166122164	0.00426866225045186	0.000399058718054183	0.0303415145848144	0.00184783172141675	0.0147563799435532	0.0145329699954728
A[C>A]G	0.000176358046604783	4.7885026364083e-05	0.00178089576815025	0.0152465464721776	0.00189123419168452	5.29291004411601e-05	5.91391995491631e-05	0.000166532117508291	0.000417246012978976	0.00026908722842105	0.00468919403912724	0.000455062330759037	0.000157062789506356	4.50769806701409e-05	0.000677924495350726	0.000725323907235032	8.96531713723408e-05	0.000556971875879402	0.000251222683946765	0.000434135595410566	4.69109149316721e-05	0.00111007288574561	4.5626743513112e-05	5.95019833894135e-05	0.00240074644936279	0.000252222518892678	2.20493753742236e-05	0.00030024266379755	0.000788417141871718	0.00101064550675128	9.91804717665064e-08	0.0148948730247988	0.00146635239850441	0.00011697821288394	0.000766723826517811	0.000441843276025994	0.0189283292849967	8.74784155457383e-05	0.00164054372152685	0.00451222456339989	0.000408116242416396	5.98723734648914e-05	0.00136907899628252	0.00218868970434463	0.00112699878402444	0.00188990117114775	0.00276002983292514	0.00373845267544355	0.00121157951696339	0.0020632635247095	6.77975351490635e-05	3.35567311283796e-05	0.000663537972619763	9.66614889252701e-07	0.00160600993587442	0.000301972676776384	0.00143695055047661	0.000212158497613151	0.00724268489145727	0.00544565564624571	0.00483316507213795	0.0037426979552175	0.0392878867576201	0.00165822718527918	4.91258737459437e-05	0.000208619066001923	0.00370182563276622	0.000843609892300121	0.000159645829781763	2.57797998309385e-16	0.000493965678121678	0.000343323918506478	0.000400883351616181	0.00643391629249167	1.18143739688774e-18	0.00966384220884027	0.000151997828152979	0.000178253297734301	0.00477126407774886	0.00184572425972657	0.00158033527091445	0.0082736701524299	0.00210495736784132	0.00146856033381141	0.0344521399036896	5.30829893737089e-05	0.0140004008276058	0.000639196688240198	0.000899999695936424	0.000383871176762976	0.00162297200698556	0.0002650657162268	3.11122785306838e-05	0.00164798563432531	0.000443079702352085	0.00161605103716921	0.000920527242918695
A[C>A]T	0.0010093230425553	7.08653841181864e-05	0.00982556660133148	0.0228174002770594	0.0053477647063915	0.000145077385200576	0.00016312714210326	0.000503084206780222	0.0017167373766237	0.00344988534977142	0.0377529911791271	0.00257844595092633	0.0140872824163962	1.08689074250062e-05	0.0107183333775944	0.0112165353338738	0.000200637444199889	0.000995855762468669	0.000262079129772512	0.0687152397055271	0.000894100452088145	0.00912965297394565	4.68811486972658e-05	0.000368927495580973	0.0167321205332202	0.000463321567286184	0.000993019142939885	0.000501896679781229	0.0013654591346945	0.00291034719537114	4.46590381116343e-18	0.0175224581632503	0.00397762736310544	0.000502677931522993	0.00210786802577412	0.00393261737799078	0.027775269559494	0.00042152645365053	0.00491175459611329	0.011689771192986	0.00148229437958722	0.00112032120144274	0.0168369943620546	0.0138416044280994	0.00155663357414544	0.00696668423062382	0.00605384782166728	0.0121841243995863	0.00416716314982765	0.00661177797135687	0.00116234287872736	0.00633845154077807	0.00173643612328087	0.00482828788005482	0.00738098781001471	0.00270846083373001	0.00980634076497349	2.53017344433347e-05	0.00642518390819147	0.0621433921389321	0.0168936484626769	0.00661079461829472	1.39458130575875e-05	0.000331282420277162	0.00101328169284996	0.0184336551345479	0.00760120838246521	0.00451564076603262	0.0129013407122957	0.000406392413785203	0.00802847044266902	0.00241267322028074	0.00298256874018333	0.00406575973314927	0.00161856677287575	0.0164048349229873	0.00152368401415553	9.03691151287604e-05	0.00623732766036023	0.00698638515225754	0.00879945184699501	0.0182444733947908	0.00985013179715141	0.00579844193536924	0.00310879889179061	2.50915723746474e-05	0.0375397512811793	0.00725419271087684	0.00399549083768983	0.00397713163052971	0.00937260243253927	0.00347564151680107	0.000378834640408008	0.0427742083591017	0.0024304573800643	0.0121240094225789	0.0049429043801383
A[C>G]A	0.00217092857936615	2.39173188983448e-16	0.0234842305143454	0.00788815965205038	0.0120949630352193	0.000561900597967416	6.31465654692788e-05	8.98013446869638e-06	0.00145203820576815	0.00148779833921428	0.00514818020564851	0.0060564180960967	2.7350278778078e-16	0.000301026527867777	0.000420117835560507	0.000150739770682546	0.00018979774833685	0.00147403834470627	0.00431396027435879	2.73242101549385e-16	0.000134726565987844	0.00221824711582622	0.00113422318157358	0.000174840143967253	0.00200214508623277	0.00383132898852302	0.0103955592519389	2.02181795513153e-05	0.00195143336623366	0.00504873208401052	6.76348819477067e-18	0.00393759652698169	0.00951252028978841	0.000513262389626117	0.00151412141299969	0.000225799603885066	0.00362618736124908	0.00120073279646933	0.00963191665015816	0.00235840568039518	0.00162821631349202	0.00102731753795963	0.00413053430454443	0.00210602560883887	0.0427190020446416	0.00313435004267586	0.0572760777942603	0.00959688450244076	0.00928171700476202	0.0106455510803711	0.0068948066671501	0.000477928497090056	0.000448237212677981	0.00393192095005143	0.00352460340056036	0.00141493740991388	0.00125634726964756	0.00019072825962276	0.000343662598104294	0.00425642237665293	0.00467084082280604	0.00183206155741093	0.00849177762295894	0.00183586910895722	0.00365343672105546	0.000495874539125147	0.0200540447121542	0.0246754329937367	0.00387192197510869	0.000510759911362004	0.00863922103748234	0.00950847272764219	0.0639744028073391	0.00954932922000098	1.38394969055894e-18	0.0173444576770221	0.000652854508414268	0.000248809780132581	0.00363660136647755	0.0108764526042022	0.00823602255693083	0.0041928318423564	0.0114752510347457	0.00293699873400375	0.00844502532226495	0.00053958888075428	0.0211094429049244	0.0011143203568352	0.00514412464194656	0.0344261925342404	0.00592641142428782	0.000536646403209572	0.000973629065007243	0.000230552839785478	0.00122416167915518	0.0104922473025603	0.00522065775666499
A[C>G]C	0.00125604001854117	0.000125829709045383	0.0123028813972384	0.00286804284208973	0.00602100359201272	0.000304121294014542	1.85382889761468e-05	0.000174850480627036	0.000364805915254207	0.00283604505659736	0.00309384642764526	0.00216340271976312	2.62889976117262e-05	0.000116659416807132	0.000346591663528937	0.000301315525411711	0.000285595431034497	0.000684218329767923	0.000935096539447214	6.27528334188304e-06	0.000282904161333987	0.00226030761900371	0.00056363789756356	4.58478141911962e-05	0.00264399236854271	0.00189636860804479	0.00157883188122615	0.000758707813211428	0.000199136483204596	0.00289008171364912	4.24062496765594e-05	0.00381646784287236	0.00171369991699834	0.000400787187981173	0.00179089871089148	0.000289709386309816	0.00267908906633961	0.000462264204770165	0.00322691383798838	0.00212213169950484	0.00132418059512857	0.00134381363243104	0.00463068754616327	0.00168606055812035	0.0123042700837835	0.00162391469061189	0.0240328622656837	0.00579270647543969	0.0112197212690827	0.00456360633591218	0.00360572649750078	0.000525410258362205	3.42738806377081e-05	0.000254123210633286	0.00192938085466727	0.00156012034789192	0.000663848004982159	9.68645518913084e-05	0.000142096277514921	0.00107272326975235	0.00472352961387922	0.00141986991662636	0.00581763947419288	0.000518205885919992	0.000189966224544387	0.000173706237749584	0.00359531125454519	0.00183847454195897	0.00283452221323136	0.000702689891945315	0.0121917666841492	0.00295772888073894	0.0841596036657643	0.0042124677543968	0.00493095007426305	0.00607464526296751	0.000314112118643878	0.000112364647361809	0.00177387833228662	0.00586905916451827	0.00413878614383355	0.00287003959652196	0.00275752986364811	0.00245240186280961	0.00352660992282103	0.0129901204336763	0.00618719363734597	0.00053410898763413	0.00291894825298472	0.0227831073608894	0.00509551437163951	0.000334940245922843	0.000601792468041022	0.000193225775318886	0.000538118605833984	0.00574986220933012	0.00275736701461246
A[C>G]G	9.17770316494842e-05	1.11469567641103e-05	0.000206222153593829	0.00100200901031456	0.0014083698397672	1.80991771360185e-16	3.37966650352548e-05	0.000362152224550263	1.96780311965066e-16	0.000781079687248935	0.000232507145807038	0.00116362884806391	1.87010871867605e-16	1.49819622244776e-16	3.50364283961156e-05	2.15100994484217e-05	4.55096789565583e-05	6.20350350724825e-05	0.000201221108797992	3.29061063823567e-05	2.50222316346649e-05	0.000738327618617609	0.000116714571142152	1.82611451060097e-16	0.00151934288872175	0.000505876487487076	0.00038012494600314	1.81598984847059e-16	0.000190686826106697	0.000701507563446645	2.30425200797841e-18	0.000741613735191819	8.10125745459356e-19	5.612784667557e-05	7.84646151380224e-19	2.22594337349282e-16	0.000707511612595907	0.000100517078209481	0.0023747383479912	0.000915691065693805	0.000199765006337877	2.04734386918134e-16	0.000272963037701082	0.00039131027143858	0.004556022436492	0.000506707512209444	0.0112604598468529	0.00119600283751549	0.00139255946710473	0.00249471659767503	0.0010702504748345	1.42436447819494e-05	0.00376105460023075	2.65400869647797e-05	0.000209227649037834	8.06233947415853e-19	0.000273558919309649	5.28607931421865e-05	0.000166446407413168	0.000625164963113758	0.00158880757567053	0.000592314842322062	0.00207310853199575	0.00137677766698056	0.000447025455291888	0.000347171770576625	0.00246641522073792	0.00138416999449272	0.000747416251453728	0.000255675316430736	4.02081825962889e-05	0.000379399585679691	0.00413585373762142	0.0254505351562017	9.46292505288017e-19	0.00484279743464765	4.05917116136671e-05	3.30717870479899e-05	0.000738275152957539	0.00136999908178733	0.000442503879153583	0.000635769774895919	0.00137140567125887	0.000497036254140322	0.0784349641556062	1.60475474994488e-05	0.00221382947268711	4.85900967266129e-05	0.000460478827062759	0.00181830243903131	0.000528850612358852	5.49972399322271e-05	0.000104997092846757	4.08994560094249e-05	8.16199645049264e-05	0.00109550453265338	0.0011793185327471
A[C>G]T	0.000803556719221507	5.90719981754805e-05	0.0125267542535246	0.0024545053359527	0.00730438637231952	0.000183000074831958	5.62336362678126e-05	0.000180517297968485	0.00151111155355494	0.00221581831903617	0.00409997423230703	0.00484404016611127	1.65173719840236e-16	1.32325271060966e-16	0.000376821121601545	7.5273831678349e-05	0.000360724335815655	0.00105072890391608	0.00269280142563047	0.000151703485897169	0.00023401228133557	0.00885396465578491	1.32909912832176e-05	0.00023070551141605	0.00285160162185065	0.00155221506946685	0.0031640968784223	4.4722408645677e-05	4.39649754102778e-05	0.00277721802348506	3.99209527275818e-18	0.00202912459382192	0.00245387978842956	0.000528471547253924	0.000914407740060657	7.37700764484497e-05	0.00173659749374664	0.000495403474052947	0.00264277632405928	0.00125251425300663	0.000906599661290953	0.00165281866542989	0.00660557639004548	0.00132025620888575	0.0141404754971154	0.00171697591068815	0.0317381093433812	0.00589888427290421	0.0163146939707488	0.00520130203775827	0.00646070079600652	0.000306403654581821	0.000265450633358347	0.00245670286218761	0.000978734563672415	0.00156659904003307	0.00126700966642259	0.000399074227075833	0.000126833017882004	0.00131531415386778	0.000641094132806444	0.00109362715739997	0.00221766551946066	0.00370526104580248	0.000983194721587953	8.81208818688919e-05	0.00398720323354606	0.00146849591641129	0.00304619099340426	0.000204547659891975	0.0228474384660007	0.0103337705892719	0.0677436406705343	0.00712614498582814	0.00337597279677355	0.00770599126705901	0.00071685755635174	4.99596213672516e-05	0.00295806222676184	0.0103099718640025	0.00505894756530828	0.000992239407845259	0.00475414493348135	0.00226074846998878	0.00138409405064008	4.00370059861391e-05	0.00716149682622114	0.000616024203789831	0.00122230071477979	0.060022272039513	0.0162766468108543	6.80192797444024e-06	0.00101213125136716	0.000531031990330285	0.000948995120856675	0.00505491046590705	0.002668890658854
A[C>T]A	0.0260834016380101	5.85787869292026e-05	0.0151317786740925	0.00890363336678298	0.0348973394224587	0.0683578623976293	0.000106178731651911	0.00132192079208603	0.00154135727605707	0.00375316623592147	0.00723776541987241	0.00906039390834281	0.00114029071949633	0.000484359892494371	0.00525784441890818	0.00142998524988585	0.0257486031998036	0.00595102853581911	0.00715453013102464	0.0136489295657426	0.00538218372408479	0.00200569517000713	0.00122469597412747	0.000611245991095003	0.00951763124603211	0.0300613451089895	0.0522380218414221	0.00232052470556134	0.00184948098784655	0.00441833434215855	0.0238193936932951	0.0124353562300965	0.0222377510297697	0.00285814566250939	0.0140474959797337	0.00101839450663844	0.00525448231818474	0.106331035694026	0.018316993650281	0.0915315372018337	0.00548124403851877	0.00424212934770968	0.00227932859454043	0.00609794513412873	0.00694709257361868	0.00359340187000778	0.0103914197003505	0.0299117561930864	0.018667842923292	0.0265568643561208	0.0114246624987577	0.0235709328231913	3.21808576158782e-05	0.0993639546235869	0.00134738912007101	0.016021054714416	0.00465577260609902	0.000247129148261553	0.000613336632391852	0.00347870944217117	0.0377463098691714	0.00254646561968797	0.00779600342006158	0.00156697890012955	0.00585556869066032	0.0078472808492732	0.0379481301291809	0.0861955738424804	0.0046148423154366	0.00334253667251824	0.0615767976876718	0.00161510836200589	0.00950028680757686	0.0102274847935931	0.0128494868944581	0.0522120928718432	0.000813254988977263	0.0144089754384436	0.0252823018488628	0.00981495921846751	0.00791565237816567	0.0131935295432317	0.0248183364883524	0.00743128991502601	0.00356259616039234	0.0249273525327994	0.0136127537161459	0.00528112242572819	0.0509399640386202	0.00730430350454525	0.0058555797024217	0.0159530156413809	0.00105198147353122	0.0155598018590345	0.00630269500560895	0.0219435474430964	0.0616107946113454
A[C>T]C	0.00645683156551016	0.00129559414149219	0.0129390224821575	0.00418892344703888	0.0187631563204566	0.0239135505545185	0.0150844681331071	0.0349775390633147	0.00871547246431305	0.00154511101645268	0.00293484127358047	0.00593662282006364	0.000895419321644103	0.004535587609816	0.00555304494980546	0.00200987183154661	0.143657874880957	0.00224209739763673	2.16624163579476e-16	0.0108862020304733	0.00721146259901178	0.00416235624187196	0.00168090335796553	7.36958516087431e-05	0.00471055576485197	0.0148233938780428	0.0134884269284315	0.00410478765632308	0.000222945145376822	0.0029157550938243	0.0834927783642894	0.0115577255896356	0.0135837912168179	0.00267248089489174	0.00544196643770578	0.00433800306769533	0.00435679968114047	0.0887975013347224	0.00940387875751608	0.127596941091012	0.00215299168971707	0.00437817680423052	0.0040296352427234	0.00328616409594116	0.00333593921400745	0.00219282142253527	0.00428216240122961	0.0209786993217607	0.00721017283960557	0.0216907750439449	0.0038045551045146	0.0410100165824788	0.000139116717650458	0.0182908555796114	0.000596202702749823	0.00918577195979004	0.00100362151575428	0.000369313103625107	0.000316484288131456	0.00174191160712964	0.00583335028680795	0.00194662844205517	0.00207237868789328	0.000548448173899541	0.000261446598169896	0.00101971140895072	0.0147041738455297	0.00708784040286875	0.00329696989904858	0.00158909518751636	0.0471165758275321	0.0017007895282886	0.00218540577267085	0.00377810427227369	1.21140670423633e-18	0.0138547974967405	0.000329022742886258	0.00108746122487893	0.0146850428622127	0.00545119384428824	0.0147090429713109	0.0102219411443305	0.00412274017470946	0.00429724392818111	0.00169413121048659	0.0154068784379847	0.00450029166159302	0.00407760779458745	0.037986339661822	0.00379716554347496	0.00390703970618974	0.0186710280618263	0.000519415810716718	0.0221954369241656	0.00143101742954483	0.0122845273754184	0.0646253074354843
A[C>T]G	0.323368653113916	2.66212080614455e-05	0.00232549570440404	0.000680441212963758	0.00561751217881242	0.108665711840025	1.6469570610092e-16	0.000432281742510619	0.000912246537952397	0.00115802961376049	0.00291501514394804	0.00416022627645756	0.00518582939703052	0.00031015375864018	0.0119435042087	0.000623978312729706	0.00642368208581241	0.000108218518501855	0.000256377923325936	0.0247687227710746	0.0674224101283011	0.00316432378578183	3.36660048180846e-05	0.000260880761837647	0.0107172102423019	0.00141306780848587	0.0119666416075786	0.00671953274658364	0.00124628051637391	0.00292514971387687	0.00780404116928841	0.000459959929419506	0.0177140811051759	0.00486307342917023	0.00584227064149116	0.00784630133676983	0.0176193173252029	0.0122658464578449	0.00666965782995204	0.0329244815190861	0.00627593598549858	0.000120754421440813	0.000507953411784789	0.00614239185708525	0.00598415823788479	0.00458139080495244	0.00551487593343593	0.0116764214127696	0.0059170900585727	0.00702835880081486	0.00336791695786102	0.000393153881529042	0.00114982787962922	0.0134210364911471	0.0046539258128764	0.00411705046799978	0.00282386980814318	0.000884725771268508	0.00182057256650976	0.0116646348704619	0.00505848844366854	0.00327964320735415	0.0063723625972785	0.000308373233472853	0.00517655464765698	0.00136871147284231	0.0173966766453605	0.00784658577204278	0.00255912502671464	0.0043294223151156	0.00246531638721402	0.000442703340406519	0.0222762357327981	0.112156811522672	0.0133357301000051	0.00542498081774824	9.01227921614998e-05	0.00172897815779534	0.00883954818769229	0.016440905980116	0.0206182517548135	0.00347425297620516	0.015167312669392	0.00333715330894178	0.0260935462602342	3.75575735400272e-05	0.00204476660421634	0.000333472607733318	0.0309754470406469	0.00877535435406321	0.0141054853295334	0.013105552962667	0.000898026116852568	0.0296191629150116	0.00510590375041682	0.00957349567686995	0.0181920677192434
A[C>T]T	0.00749626061181	0.00133745646454568	0.00967034470326127	0.00326205931150329	0.0176625068265128	0.0170358958622672	0.00484325548605488	0.00759389943366669	0.00650141905515543	0.0278102149278166	0.00996373881093253	0.00544454582080283	0.00245871533348432	0.00524715875875567	0.00498779943769418	0.00196612320096067	0.0815859551916706	0.00192784606847309	0.000237650495792998	0.013291001683018	0.00142279388016478	0.0051281234981322	0.000554869517635538	0.000118019102403497	0.00618378438934814	0.0296314661105547	0.0103308987254951	3.34455136336153e-05	0.000485276788866769	0.00244708753064043	0.0276659279321154	0.00723189704274196	0.00455073052862421	0.00224833972449117	0.00344517539576255	0.00497393948135242	0.00141683126205215	0.0220433059127032	0.00783893790873357	0.120769018601146	0.00237671958750966	0.00349789845332194	0.000696164985182369	0.00330726891998307	0.00471760810925114	0.00190603767362633	0.010391268352531	0.0176329048259267	0.0110541049589316	0.0186107218721107	0.00550700057117081	0.0277796225736374	0.000757510264785151	0.0251169409937075	0.000926949313576949	0.0053754071711035	0.00203618981603351	0.000151762928958028	0.00033199696419492	0.00512904538584185	0.00253044197849821	0.00124954869172951	0.00157105571900294	0.00396238720588797	0.000666906743215646	0.00225871145464698	0.0134446174500944	0.00587031507849248	0.00299312859846018	0.000270668598580854	0.0465762511984965	0.00402095336219768	0.00373647129214339	0.00870969118335151	9.27826502175122e-19	0.0232578341888735	0.000557054881570384	0.00159471705748657	0.0131259043935796	0.00535886572689742	0.0130158600617323	0.00356954196855083	0.0163885684387178	0.00273581660547598	0.00134540232392306	0.010330226302243	0.00692211048493907	0.00275141072419644	0.0415904181498344	0.0012759959548618	0.00215307333540319	0.00579981763479094	0.000495724480287267	0.0138569424844536	0.00112562088354439	0.015230887756403	0.0381920424911255
A[T>A]A	0.000667215514356944	7.34970250865637e-05	0.00467655437421083	0.00770638845906192	0.00631514106080071	8.37525036901812e-05	0.00134968451679826	0.00186611117244433	0.0114874933627764	8.01076454630393e-05	0.016567004116957	0.0113558006163511	4.44332802695759e-05	0.00128357003647803	0.0034715603148112	0.00159107189628232	0.000332676493756245	0.00446357595258018	1.76840099777314e-16	0.000539372968085251	0.00173799802895164	0.0210434148256232	0.000810479513451633	5.35717585054586e-05	0.00205917093979479	0.000674567154474508	0.000432825299419676	0.0029577034716882	0.053189998125484	0.0718677459038269	6.98002369370555e-18	0.00133102249482785	0.0172684638374596	0.00130556427807954	0.117210464956703	0.000180208379634805	0.000510804819922361	0.000291080619588014	0.00650212728828181	0.000603807733005137	0.000716235975003796	0.0992271599694127	0.00403158254935083	0.00199562530935503	0.00200240996922394	0.00165688246499906	0.00459462571903417	0.00835577847688791	0.0077977450564087	0.00809524790580124	0.00689568211583724	0.0111874822196312	0.0135748707902155	0.00422327175932084	0.000425160582371108	0.00227490502302303	0.120280429217952	0.000454295014885719	0.000109994547268905	0.00423440366897311	0.0952405512458353	0.00133940124800965	0.00508395948416902	0.000809116762704532	0.00390220281764051	4.28171456067599e-06	0.00305209918589172	0.0209704215804852	0.00188214368891173	0.00384334592018559	0.00142715226341574	0.105048531873574	0.00160838300138631	0.00858504951496159	0.0473634530554298	0.00963275159693106	0.056334488144637	0.000157292628663222	0.00856490946921853	0.00913802012688017	0.00884378101454945	0.00252732754015909	0.00973948664342971	0.00392767157469172	0.00202798597640469	0.00720776622824717	0.00170870717772372	0.0102360548647304	0.00145509225470582	0.00661725892607016	0.00188410366213735	0.00587926294337786	0.000179617686957667	0.00452213980750256	0.0243115635001907	0.0329679886232452	0.00261036484404444
A[T>A]C	0.00196626400483252	0.000711408119979844	0.00649306383142128	0.00305306104082257	0.00626932394811222	0.000492079722427443	0.000492794691743586	0.000370012043210419	0.00334958056074383	0.00102870295282869	0.019131532945004	0.00266577772360388	0.000179761427205334	0.000251268697207729	0.0124549754390623	0.00281527428588227	0.000371950587317869	0.00247356017871513	5.49080670347471e-05	0.000346044651699379	0.000757488092767223	0.00745428516833092	0.000845817088735746	0.000261450898472506	0.000767623464553607	0.000231368105784372	0.00464750546493436	0.0051060813211956	0.00621531837288059	0.00686005615938821	4.94923346186388e-18	0.00200387882103179	0.00795584071048393	0.00319637902961745	0.00126515613220892	0.000529462909185043	0.00174483712778392	0.000333164878754377	0.00530862923817864	0.000794132945799851	0.000994493912881	0.045220679483865	0.00641512809092101	0.00123647721468381	0.00156184984256434	0.00170765890304998	0.00263456460498682	0.00485634901605056	0.00627778419294373	0.00451364107862623	0.00420211249917958	0.00356603727093079	0.00354565750130629	0.00242859620457429	0.000425510463076819	0.00160336645510215	0.00659765627160801	0.000193569657105792	7.01768091917342e-05	0.00329067121181142	0.00120292306577461	0.000944018152867084	0.00236345548697577	0.00285433457760044	0.000598479434834739	0.00384465737003807	0.00632552455061437	0.0013211580224945	0.00248727316642425	0.000228236053407315	0.00038384009681619	0.0129578552835216	0.00349696334687856	0.000636922376150679	0.0247348855258374	0.00271274606831177	0.000343743119641805	0.00013073397960687	0.00322579778200734	0.00537042101603045	0.00498241124214026	0.00252342254198403	0.0268917754602716	0.00106378054421854	0.00168001152053257	1.42570852256959e-05	0.000728560247068066	0.00615651357737316	0.00257958178743977	0.00200599755856564	0.00191064943499381	0.0163719320091528	0.0073605049256547	0.00152856581034025	0.00483896389222063	0.022341848837503	0.00427749466603874
A[T>A]G	0.00097872372658629	2.01173412787469e-05	0.00845298188557526	0.0104424148432573	0.00803342571118734	1.9470473127566e-16	0.000420385476706402	0.001203488682397	0.000201217545579735	0.00343151976411225	0.0199399227819323	0.00254040160543777	2.01179872869176e-16	1.69882739243523e-05	0.00109347507158917	0.000568130045110484	3.23104745730676e-05	0.00277284945546706	0.000483771076349446	0.000320634899981042	0.00047357894066949	0.00826150963567362	0.000165207272301919	5.78770235350494e-05	0.00221332708245186	0.000841043958504526	0.000264188538396524	0.000218227150790881	0.0519417604830395	0.0298261868992421	0.000307013269564626	0.00173435261607567	0.00543735127683201	0.000552603631135064	0.00103780260846827	0.000163934729054008	0.00210666262298638	0.000526630785473426	0.0042833166273442	0.000620680817414161	0.000591187112551688	0.0343122094644817	0.001128749249578	0.00213004603288389	0.00228112503752549	0.000925639043360724	0.00618150678503754	0.00801374433976957	0.0076200282785308	0.00801715686383767	0.00288310439211618	0.00433808101754544	0.00130604912383696	9.82005959558306e-07	0.00177562870942459	0.000433659394836584	0.00668423106727076	0.000329478327985669	0.000211533863849967	0.000465973398947082	0.0319279129982892	0.000926966267951592	0.0025500454475024	0.003685301430395	0.00763773404624827	0.000447647065760659	0.00555561362437692	0.00413231270885812	0.0021215150006279	0.000350784906190486	6.65744433607753e-05	0.0204047454723864	0.0017868339635138	0.00343186090992402	0.000587414250646129	0.00918767786371637	0.00033469750970996	0.000120497131455503	0.00613776420657877	0.00480326328031932	0.00348491290395926	0.00529646382800063	0.0238886138607626	0.00331463590059447	0.00369569574275532	8.54271361481171e-07	0.00420314678231678	0.0136541842186187	0.00221250468733786	0.00294240326500483	0.00276027597936522	0.0023251536090926	0.00024664424264518	0.00217172741969768	0.0129771939715192	0.0154632550726502	0.00433077401158733
A[T>A]T	0.000153723062663821	1.72134907684134e-16	0.00524212992271239	0.00346892631723435	0.00534356772311998	0.00142529025296035	0.00259966524527309	0.00625756803551705	0.047306900611469	0.0372958276492868	0.0213925382096558	0.0170211447870331	0.00587924139581259	0.00202444436937417	0.0624293785109805	0.0186545879786745	2.72809642822606e-06	0.00245219152324225	0.000486176525112386	0.00163950837895929	0.00818616395718602	0.0100927586961652	0.00118001126086654	0.000545567776066265	0.00653013315236496	0.000565318536920067	0.0218396005293211	0.00137756286144427	0.00210620151637611	0.01678391294416	0.000136619765934187	0.00152726267716033	0.0127034813825858	0.00265586573342502	0.0020968963402672	0.00179394361482839	0.00162904503407322	0.000395744730170889	0.00346608474478924	0.000719887354869859	0.00421364145673972	0.306614967762561	0.00611993945315113	0.00252895199040712	0.00248292247173292	0.00228097529244612	0.00533359491032149	0.00940398898871172	0.0105780125788243	0.0205747815328821	0.0647978509968942	0.00580342338590825	0.00382473140635653	0.0274084719326156	0.00049347084588193	0.00169723678386605	0.0593438220060807	0.000467962024751907	0.00030401833840672	0.00191759793579779	0.0250425419453588	0.000906979801488756	0.00402513731847166	0.000256586085754713	0.00361658981211823	0.0247599879156645	0.00591380587337005	0.00756055403029831	0.00265395635769409	0.00070984407199268	0.00980105542791317	0.0664839468895951	0.00636373326053968	0.00367483373226658	0.042531422993166	0.0037476952920919	0.0216992094419152	0.000275138315905936	0.00786357513459197	0.0117339944401677	0.0134652069692928	0.00271226280655982	0.0203907651759669	0.0039470459253222	0.00040410928714488	3.2650479742421e-06	0.00115093265296203	0.00725579953403902	0.00675837490737553	0.00201462139687304	0.00538165390994908	0.0475565978083968	0.00297657471875124	0.0129729319549568	0.0634072264547446	0.0451985726228777	0.00447802919570504
A[T>C]A	0.000960997667774346	4.99868987424488e-05	0.0148579011173613	0.00687522628702374	0.0417915582034585	0.00199156614785897	0.000360368044061183	0.000808086954093897	0.000282043209702643	0.00415252091134665	0.00877452872052265	0.0191880104300752	0.000690256293111948	0.00697075068273118	0.0166349369950342	0.00460665402031084	0.000961414862443869	0.067172286365475	0.00160828095680712	0.0117197763275173	0.00350339146463173	0.233044840591025	8.18488951148633e-05	8.80226188013114e-05	0.00176589264229305	0.00234975225862257	0.00958066026251807	0.0150908881022924	0.0219982941509011	0.0532884715474129	0.000789092518159049	0.00569938583324532	0.0185231041996545	0.0769964181800523	0.00437564018221647	0.000608050386978288	0.00170977920890758	0.000517925812323463	0.0178395111318735	0.000837924639388313	0.0109035162248084	0.00470495122338128	0.00177793855315957	0.00453908666819226	0.0689595394672227	0.0024556294302335	0.0102445654460849	0.0149076863362635	0.0162449525678352	0.022659061401008	0.0140708648453163	0.0103147467428196	8.32692105639774e-06	0.0180259577159924	0.00117282681041001	0.016477492009611	0.00260748753350001	0.000800399351662576	0.000552539426977566	0.00219635789939166	0.00230761352992493	0.00299977466834921	0.0103106277891525	0.0261249912408216	0.00421220353198756	0.0112013247799751	0.026165333620081	0.0728378018614459	0.00989841584735197	0.00132016604269252	9.65639255313934e-19	0.0293526688062504	0.00332262589614694	0.00844996261201881	0.116423981842862	0.0139549832925141	0.00554421111729237	0.000231603885127553	0.0801737672934526	0.031951593063286	0.0121105672534756	0.00160271850389343	0.0297247758856678	0.00809361884197522	0.0203825385929307	0.0340060198332588	0.00627659879445136	0.050828168258548	0.0093549619902224	0.00630174660781701	0.00774445145162924	0.0152653575943109	0.00916808233398476	0.011905253067602	0.0481598023360422	0.0182817344524684	0.0054219519633435
A[T>C]C	0.00283354624885713	1.84149384621506e-05	0.00738747459559165	0.000653712682115907	0.0128148103480967	0.00107656833779922	0.000176496551266303	0.000381930020022934	0.000551838031194146	0.00395711593033662	0.00475694130360484	0.010492621636634	0.00354587446568137	0.000401974979475884	0.00876269440581514	0.00301464857947181	0.000836314238743725	0.0388846453662645	0.000126409126070701	0.0061951250307042	0.00186619006226944	0.0131333227508778	0.0113895061454859	0.0002409980174271	0.00193161243367356	0.00056973056544211	0.00430708889122186	0.00955342627415499	0.000842607022079114	0.00129195301827018	0.000167599904479096	0.00205241631331076	0.00898727073464554	0.0250539362840058	0.00169466042781764	0.000516376670606284	0.0021119340587683	0.000410442726972205	0.00684140514345891	0.000663449233359069	0.00345818735889879	0.00132427773114475	0.000756467676843261	0.0015447446774051	0.0381928778510305	0.00152603081592973	0.00545400321746933	0.00291147116989851	0.00464880494587076	0.0106181553218949	0.00598132801555962	0.0032996544682575	0.0310362526354354	0.00319924000027157	0.000378311715665344	0.0450099012989474	0.00552305833773628	0.000145390366688219	7.76128523826401e-05	0.00819324822910033	0.0181794782787809	0.00158992326819229	0.00356918640070554	0.00733053695420325	3.43903815435315e-06	0.00583580682089229	0.010045754609889	0.00471594467332834	0.0027450094532877	0.000299694969032546	0.000329880776206492	0.021421711189314	0.00200831820276372	0.00302364556725214	0.0503817230873111	0.00322824083961369	0.000189586898537698	0.000121533054938203	0.00440714395282501	0.00322820148937128	0.00483988203697438	0.00369875719513636	0.0390672815808522	0.00322709550512472	0.00816601906612676	1.13034725752129e-05	0.00065723921016268	0.00779864634184032	0.00448921240375289	0.00251451057953894	0.00206236843034089	0.00820933509714757	0.0301764723156206	0.00179596066067991	0.00557172534606106	0.0070295705557542	0.00416375776321858
A[T>C]G	9.7157026812194e-05	1.11177403883504e-05	0.0115146353900171	0.00449532865614031	0.0359237382632722	0.00397227917412462	0.000142975799420404	0.00123543790272526	0.0010893786123265	0.00909939412559153	0.00651712782583834	0.0140521090864363	0.0020612910656837	0.000411561164911131	0.0160795928550966	0.00785750179103899	0.000280561268728273	0.0668918176714534	0.000374665504900006	0.0119906306719585	0.000224709303070209	0.0639729752688351	0.000331588304627801	2.09728705429725e-16	0.00189037400961828	0.00217874206745714	0.0173139510911529	0.0036450346762794	0.0070918234638498	0.0119787506231153	0.000435174308833588	0.00162941738274877	0.0185126277819573	0.0740996058123914	0.00512547431159863	0.000466330135858786	0.00249395304762108	0.000244105533153224	0.00738210770424023	0.00101444124872083	0.0665616647183644	2.06539108400787e-05	0.000833577430800495	0.00345153241472518	0.0164312733942064	0.00198559119957245	0.0091669341468748	0.00747417613700044	0.0137221353844288	0.0277229840300273	0.00816743988075663	0.00791308643520506	0.000571390868212079	0.0264107972238426	0.00184227744687268	0.0304639944299467	0.00200195169742615	0.000215590943232073	0.000187414572568857	0.000981064442776168	0.00365874373265794	0.00217886457215676	0.00782586243636854	0.1878867909318	0.00404685583129195	0.00889680929664768	0.0105330329550358	0.00634945256801234	0.00364046469202708	3.74336259753512e-06	1.15447443665874e-05	0.0052335942530501	0.00336910287271041	0.000927763865037231	0.00689841563967059	0.0135040429942279	0.000108751493451679	0.000490327256624512	0.0374861981699163	0.00606861856544123	0.00261224419646168	0.00290573094291028	0.0397118560553421	0.00623980589512522	0.0155960753177114	2.09956382932954e-05	0.00530439360130598	0.0479820555227736	0.00696187856776716	0.00435340482363633	0.00192972616414695	0.0266224984237562	0.0100727937477026	0.0143717634492554	0.0318262109370891	0.00592418269638676	0.00431492310218871
A[T>C]T	0.00486960103884563	0.000120836826766791	0.0149901160818185	0.00129816526759809	0.0333373245823544	0.000435302434494342	0.000435221758073893	0.00163901136387603	0.00249720828224604	0.0467391626326111	0.0128765907621642	0.0263765071789934	0.00299556454030107	0.000107608076726317	0.0112252014906659	0.00482937342713086	0.000965691114811271	0.0560297092613601	0.000777020749356768	0.00534328633035128	0.000805081924414114	0.126022593095881	0.00635862558391594	0.000473517661697655	0.00356668055376672	0.0015189974977176	8.87428791049277e-05	0.0222599239393773	0.000639831419515945	0.00519150954072307	0.000223675938321153	0.00209085178494531	0.012485237499558	0.0325014681295758	0.00215941187900959	0.000634116749069549	0.000965311337540669	0.000444536774536381	0.00712724302668954	0.000525465304957229	0.00773039345923547	0.00229305516287476	0.00170242464354522	0.00425955766467762	0.0434527221949895	0.00295576136656023	0.0119701558238489	0.0156848572001024	0.0174014380633326	0.0196145484303393	0.0166424375588605	0.00231020073893173	0.00794204243563191	0.000239959653033469	0.00120268354943353	0.0262256454031492	0.00115256213276741	0.000777181770041731	0.000418056519664782	0.00395364637209352	0.00160320930327823	0.00378710991251382	0.00630400452198259	0.00674093947604722	0.0127651538061332	0.010692184376756	0.0169427166180577	0.00710454898794062	0.0103383615488407	3.57305471952574e-05	0.00871772325484052	0.0565844435164449	0.00395680425112818	0.00491962206889455	0.170654541509675	0.0100501128795589	0.00267463275894153	0.000174823445186442	0.0255751025818724	0.00953003813774636	0.0196054859207451	0.00234482589727147	0.0289334003051558	0.00602487674653402	0.0157330675873686	0.00191591991825775	0.00227166795987195	0.0162041726583372	0.0081564459197156	0.0140916849654825	0.00299975832539619	0.00420969612973178	0.00332437586097412	0.00669258032371965	0.0390799989275299	0.0208719316412205	0.00557042253031323
A[T>G]A	0.000153150344068194	0.000194739063870275	0.00359222031432855	0.000917068034647338	0.00352635631615506	2.3377044223851e-05	0.000351320653309392	6.75471824673691e-05	0.0117696282204848	0.0035589300263477	0.00148752914429654	0.0430529359726995	0.00179658405709825	2.61273773142113e-05	0.00232259477192455	0.0061846353250393	0.000185675109797511	0.00185268076872959	5.22165702066703e-05	0.000199148341604692	0.000425673804328957	0.0108926735648647	0.000729057846986547	0.00128813979749388	0.000636561705106609	0.00213486612870297	9.49061601139355e-06	0.000357747976134257	0.00207060481808109	0.00999579460664238	7.45193556660562e-18	0.00288699132246848	0.00477166216293181	0.00267762585310472	0.000997579608891026	0.0110401854427807	0.000358567661285517	3.33933541611162e-05	0.00325007126453141	0.000348986001562162	0.000862445237501712	0.00290037867064274	0.00268459479606319	0.000951761247242069	0.0206178054264279	0.00102223022719142	0.00358426010092013	0.00480786620496411	0.0113781943587676	0.00407414929313097	0.00743097174212081	0.0010776411878306	0.0024912205463233	2.26326055429171e-08	0.00010115588943177	8.99521813997749e-05	0.000159119407626815	0.000379924197604931	0.000178423313349167	0.000626655235402603	0.000650569912866758	0.00139764147072325	0.00422972043961896	3.49626783590138e-05	0.000256220229897917	0.000109505957936596	0.00701361115879228	0.0123363607671167	0.00179840729830725	0.0258387298544261	0.000123988842646955	0.0239004570730704	0.00444322318049798	0.00736703453289967	0.0085291452878838	0.00467737054972619	0.00532761620027588	0.00186298313943419	0.00187895754200758	0.023874217245338	0.00333683451117205	0.000281798699326031	0.0128815024980774	0.000686673846974295	0.00602273118375858	1.45819178061919e-05	0.000619241231612754	0.00294530021975108	0.00106828357977776	0.0306045635324209	0.00379254023226102	8.31834135364381e-05	0.00344805037844565	0.00120830647234411	0.00767527042146639	0.00385458113094482	0.00169205315601766
A[T>G]C	0.000164076098128331	5.43360752638307e-05	0.00210486960849422	0.000123622051908542	0.00211445441524011	0.000165276498658718	0.000163314607421082	0.000663822774599671	0.000924466281361689	0.00227764224235944	0.000539366677950263	0.00588905439313312	0.00103288984640202	3.57256090948126e-05	0.000803368524322756	0.00048734948243474	3.54333328120292e-05	0.000544827202779276	1.68065679653094e-16	0.00248361162181731	0.000336020364701402	0.0038180458114566	0.000533846685274425	0.00364341050529902	0.000674339482625802	0.00154156780062812	1.71384206166886e-05	0.000355024004336704	4.05510685918882e-05	0.000851354068017234	4.34510705125655e-18	0.00112086785140886	8.04616888086102e-19	0.0020652546618403	0.000747045539707852	0.0172262751548129	0.000640744108166864	8.38291847107415e-05	0.00194976756023092	0.000345274443480523	0.000236832788765125	0.000422993894377784	0.00075690616504729	0.000484256526260322	0.00896550256155695	0.00084668276322781	0.00244236384446496	0.00369273326767246	0.0127774493313498	0.00248565238873482	0.00144072302983479	0.000323768024852721	0.00343191806634998	2.73669880927604e-05	0.000449473504834907	0.000640601243424291	0.00142476272118766	2.68064124973533e-05	6.71348762658034e-05	0.00045573689246562	0.00327615942345826	0.000380444360997105	0.00237893798944027	0.00127089279434926	0.000800914663320329	6.43830279537205e-18	0.000697750560806373	0.000641010801377047	0.00139522904112573	0.00966065437531785	0.00110337677226629	0.00306573806068593	6.04746937163226e-05	0.000555160976686537	0.00488096870298079	0.00103362139012578	4.03156878592447e-05	9.13789613669988e-05	0.000290109670680197	0.00199571817262998	0.000732606681625825	0.000163011900279276	0.0053604893316307	0.000454627844413584	0.0017926121995158	9.77666222456946e-07	0.000136411154778148	0.000905182366074503	0.000767423715673957	0.00310183205914741	0.00116026351235659	8.92631364541714e-08	0.0074509468542986	0.00235641772396661	0.00496876673672495	0.0014258461263349	0.000594009555862549
A[T>G]G	0.000206837076954116	1.45385724936952e-06	0.00496604825033877	0.00107499155844417	0.00628729659613438	8.44081175979014e-05	0.000177687126620889	0.00101946503297706	0.000517794525574265	0.00883747334560222	0.00375011406404115	0.00441019737935576	0.000259538072374316	0.000341323960241662	0.000830094832476852	0.000726670913225429	0.00013214657018629	0.00064553620237196	6.08132868867471e-05	0.000577286779157753	0.00014585068090656	0.00389460127335591	0.000533907764880938	0.000783941551746917	0.00152286995857209	0.0014056994466048	2.10747261850429e-05	0.000147923210035737	0.00227302161291353	0.00308611885360257	4.42555205839131e-18	0.00160587637785452	0.00559291840341614	0.00182014896721666	5.13709614736812e-05	0.00744603369496903	0.000320723397346289	0.000304233138885182	0.00307734196906824	0.000995243685703473	0.000362699797898777	0.000175620902730318	0.00341791684660233	0.000708405498547539	0.0138355532338355	0.00159487165463656	0.00613339839879129	0.00405901723758369	0.0109736192928969	0.00561432004112045	0.00230950490679344	0.000495835062425887	0.0286540792201917	6.1058829123477e-06	0.000737403748214002	0.00124748760710984	0.00296811345265717	0.000223572261969473	9.94188334647095e-05	0.00288031814909689	0.0216822828626836	0.000833300097702709	0.00404160707568743	0.000900674515985688	0.122909372977779	9.96430027176002e-06	0.00105912396469488	0.00214648122799657	0.00148043222510303	0.0233817069166844	0.000805318169606537	0.00389805393310197	0.00138710045627969	0.00215748851847449	0.00211223372145812	0.00395559449661642	0.000196224616063416	0.000825256828610265	0.000974480023084463	0.00417278342874488	0.00161509803428153	0.000162971357843322	0.0255718034436764	0.00127971398380926	0.0070099930066714	1.11992812719419e-05	0.000352091257657633	0.00541763381311341	0.00142443310424151	0.00283545558387882	0.00112841253944156	8.00321521276448e-05	0.00451224361007621	0.00186000070579642	0.00495404984993623	0.0034445731862336	0.00478429053952987
A[T>G]T	8.00064863362197e-05	2.46813868544098e-06	0.00289650806182263	0.000151350607221915	0.00354000915762354	0.000281838685893932	0.000184128074027099	0.000470514235358374	1.76137014289864e-16	0.0110349933501358	0.000538482498614438	0.0183038517887544	0.00692142744111323	1.34102749816327e-16	0.00965669262756574	0.00347545441682221	0.000194742851661317	0.000946527089039369	0.000218317884874455	0.0083653169408575	0.00264884377787161	0.00621080510780284	0.0085913430853218	0.0506454406264364	0.00130329135634808	0.00119082526470859	4.22033042093327e-05	5.08878652026279e-05	2.98228904973984e-05	0.00245031318823627	5.35823480213403e-18	0.00339844064122929	7.25139261034882e-19	0.00436254595652114	0.00017972199893368	0.10319897958756	0.000572505778842768	0.00054532721964422	0.000554785414357711	4.6788881692502e-18	0.000535717938912982	0.000948903009418801	0.00185717571627685	0.000689310532135826	0.0188277324998015	0.00203955467504635	0.00475796517108081	0.00829198110661407	0.0309520394372527	0.00674546396525883	0.00602495264824401	0.000656341116418425	0.00428601781310091	0.00107458336284257	0.000115141504545239	0.000432993439939774	0.00603195140922253	0.000117321607965668	9.20200515047813e-05	6.96938218305302e-05	0.001537636399861	0.00120553813688227	0.00152294642535358	0.000246469133580397	0.00178881611141931	0.00417482184338477	0.00475805712169345	0.00152487781645302	0.00277275647345815	0.0135985742861945	0.00138090690633112	0.00255673682903095	0.000841376039016589	0.00161519484118077	0.00635388279736681	0.00286154928018443	0.001610379226586	0.000133896014123327	0.00257921046646255	0.00598496033252133	0.00164786474363658	0.00033886579433292	0.00650127192049159	0.000694127017780037	0.00337848280904804	9.69945251277791e-07	5.19885783488733e-05	0.00531410814982073	0.00194081445463711	0.00607021992946248	0.00407844851284053	0.000259321316110666	0.0115529564832613	0.0027962465863536	0.0114877067504008	0.00267291517650583	0.00147526962374641
C[C>A]A	0.000307966232006011	0.000188668719164578	0.0226834466898246	0.0781351447303815	0.00752468619115035	0.00183622812370533	0.000374640156311287	0.00101115103545976	0.000119509474254883	0.0154613135179865	0.0403205670724256	0.00507958454271126	0.0032986341700076	0.00043486947229377	0.0178170497263749	0.00989376094920247	0.000583508515958187	0.00553814827129753	0.00131980407260794	0.0169742026310592	0.0421471592312077	0.0112127074274469	0.000280165723199146	0.000274456357649405	0.0724265288123212	0.00134075463045126	0.0376922901620399	2.24607744330978e-16	0.00179892891680598	0.00614657635641572	0.000150565456222248	0.0253241467283336	0.0148271656158321	0.00143333242576062	0.00491825706664305	0.00251718916320575	0.0529341964569886	0.000728853819909804	0.0104758575291929	0.00124280653564159	0.00263677595177716	0.00222331425001037	0.0291749932547422	0.0540127570214195	0.0033915581671614	0.375436557512458	0.0103430804245516	0.0135929425787252	0.00902789035687136	0.00859454398933114	0.00260368394750367	0.0115481277224054	0.00696194676600158	2.96894630693656e-05	0.22810938787858	0.0155559661325224	0.0253760415353325	0.000961278302802576	0.231095473461811	0.0210369561760554	0.00696260555942574	0.0514070069713828	0.341197747575977	6.3295305305515e-05	0.00677568485569016	0.00248807823434458	0.00958113377365147	0.00626040531459218	0.00248370769871903	0.00135199054914861	1.08110511408305e-18	0.00473951770143525	0.0063009429793174	0.00878526111200066	1.17040646052649e-18	0.0244234441486692	0.00128827839177472	0.0070835637973451	0.0186694161313681	0.00674899636079123	0.0794842647808303	0.0575912945581902	0.00967554188190114	0.0080198141428021	0.00162759030896277	0.0224988124061385	0.0757119823288912	0.00734016358787682	0.00518231105680558	0.0100314292753459	0.00803468688617275	0.0167969035417317	0.000705506653489481	0.0184055817379525	0.00220571998035332	0.0206648011111994	0.0110833144542358
C[C>A]C	0.00182000577208769	8.90404964220722e-05	0.0262734844075944	0.0794880496324154	0.00640528684944398	0.00425058997720646	0.000203556755405562	0.00141616377682487	0.00348984094750258	0.00353675489600267	0.0401869108252425	0.00209295004636524	0.000215838891982979	0.00273412673043515	0.0101807878091653	0.015127248093362	0.000958972749393352	0.00450484371487667	0.000939998932077843	0.0211319038746434	0.00524510307119178	0.0100284897841807	0.00113480645512896	4.28792232513879e-05	0.0197602598681658	0.000802493262391402	0.102124890961432	0.00270953867506043	0.00445570041436083	0.00526376332852867	0.000647080995066196	0.0358424063884077	0.00807000521088878	0.00158115788022657	0.00222832595998979	0.000139225177131181	0.037122228297647	0.000379298606077304	0.0116986145856587	0.00507946143911212	0.00192138114492461	4.31207022908602e-05	0.0331683719342039	0.0201411448079306	0.000883157654998159	0.070545127468923	0.00955712724914126	0.0110353691178756	0.00627057148564151	0.0121991012816826	0.00103561270428883	0.0336355156937478	8.86765884408629e-05	0.0326367808787664	0.149078078104089	0.00739563587401102	0.00559976759212854	2.99411370590401e-05	0.0297298434405132	0.00278335696749587	0.00325721391907114	0.017528092689117	0.00373558568120041	0.00265173420489726	0.00418769447921424	0.00690334291687917	0.00446955709362279	0.00190957005037783	0.0068033203917118	0.000298594859996935	0.00581152666589472	0.000350605300762912	0.00334461816172081	0.00638769336784504	1.20561139402238e-18	0.0148007425400021	0.000499790614095292	0.00407940579126098	0.0144675594968852	0.00513041478263173	0.0778478128035392	0.0383720945643117	0.00285340829481042	0.00595440345741388	0.00279150502747748	2.71899612830356e-06	0.0595820653461761	0.0126090477029907	0.00531786988739849	0.00708863760560812	0.00717051871364332	0.0130105399014204	0.00113491414092189	0.0371924131975694	0.000980281315789721	0.00975636869108207	0.00657151808371037
C[C>A]G	8.54977426415277e-05	1.88016378782044e-16	0.00235216050527288	0.0220498561789686	0.00325718525493948	0.00154741225149025	1.70566245652018e-16	0.000336386468215738	0.00194660007691657	8.43609445170214e-05	0.00318715650165195	0.0013476408806179	4.47360942393924e-05	6.50186329541081e-05	0.00228442019001674	0.000937348392260147	8.07173997586232e-06	0.00111126551543166	3.79450684422324e-06	0.00133581891466087	6.20331373314185e-05	0.00174378571333187	1.95955868286881e-16	2.09945272430015e-16	0.0109172677384729	0.000222819788567168	0.00692341418130048	0.00186201564308478	0.000125413565147939	0.000994317367872638	0.000120491358388447	0.014828180321325	0.00119199191788209	0.000342060653984151	0.000239856952638243	2.55912915235496e-16	0.0134358625115218	0.000359038055753303	0.000299411465707813	1.5466788440293e-05	0.000336782868853096	0.000315827516566262	0.00199539605996394	0.00638832927122137	0.000731358867204749	0.0467141594867299	0.00546395592342671	0.00148728655293948	0.000933157345793111	0.00296393710582968	0.000265410899114078	0.00173971569417585	2.49822320697169e-05	0.00363523374377175	0.0604926706479605	0.00417111041708875	0.000259851732029159	0.103741999915024	0.483092137231763	4.50190081387834e-18	0.00398704862944707	0.0113218168839528	0.0642858119894092	0.00552138217607992	0.000645948780786366	6.26809072793202e-18	0.00109533788611804	0.001374781410129	0.000843761855914235	0.000403643523981873	6.95409786814468e-05	0.000162468730784328	0.000530641862437677	0.0190922225852765	1.08793636252193e-18	0.00302731823870216	0.000218192237415572	0.00187003552093388	0.00494135774380526	0.00145603062945411	0.0057543964501122	0.013566816619969	0.00140002826581489	0.00134403501252079	0.0519137220007341	0.00115250891088754	0.011405069816749	0.000585781577320147	0.000872494657502125	0.000682200906139095	0.000992882118160623	0.00340427103692198	0.000737463124829382	0.00733751695304415	0.000378668920183639	0.00204785617739896	0.00182298357072564
C[C>A]T	2.32291328157237e-16	0.000403064633832352	0.0163871491794958	0.0705144554907764	0.00693745942595061	0.0102231020796555	0.000323297985274641	0.00139493306060082	0.0156230722188614	0.00013168015028965	0.0350229223407806	0.00341794069739504	0.0189412799657081	0.00733875036279833	0.0484223522927312	0.0193642612704637	0.0001494883477642	0.00118635351075479	2.20907172347064e-16	0.285779645678556	0.030544294939173	0.0028335621612552	0.000137331180025804	0.000194550963887418	0.0374997834190861	3.6897868058981e-05	0.266637606556222	0.0203958063694043	0.000114136557593441	0.00486458239338434	0.000610423365016374	0.0179950636067147	0.0133236479402784	0.00766094019343219	0.00317410399384402	0.000265687533931633	0.0535008371500833	0.000297502931597793	0.0288314294165516	0.00282455011640611	0.00260787167430783	0.000746129369232619	0.0849668871365644	0.0618121285306158	0.00196776292261327	0.191375168796478	0.00651781497052485	0.00699955887039857	0.0109581561773775	0.0189501540126554	0.00305994349405468	0.0221713560899263	5.78430485803368e-18	0.095690612310146	0.196256527963704	0.00873588007011211	0.000742556205109015	0.000726574624895996	0.0521925137243998	0.00113489199825012	0.00533802308795802	0.0177715151668858	0.00530494553938772	0.00584665658184403	3.24911036533148e-05	0.0755019366865341	0.00954326509233273	0.00209568562282745	0.00237466969901049	6.5396441904289e-05	0.00643624463703486	0.00100989724566248	0.00360427847411709	0.00529397380164302	1.23535816675845e-18	0.0174847732745449	0.00116551801583034	0.00295705149858661	0.01332415516652	0.0110299679937683	0.0418860012635584	0.0574756250281703	0.00286389988008092	0.0048482327691531	0.00117907479238291	0.0126454554987168	0.0657514904339292	0.00607230281832872	0.00289758671716272	0.00294921898879931	0.0107772294576886	0.0754555062750934	0.00140053604076925	0.0651967942733314	0.00374109172668149	0.0154333720321555	0.0100964874977172
C[C>G]A	2.43976450864827e-05	2.07485530033916e-16	0.0199591820410807	0.00777666792842884	0.00723049003014801	4.25126229287889e-05	1.88228430492375e-16	0.000416711150120253	0.00023168715242637	0.00144381364202746	0.00515716676985254	0.000969387352124661	4.86237460820769e-05	2.56010120729574e-05	0.000115535027089656	8.28862359211051e-05	0.000252789321716145	0.00140452396618092	0.00542504461773137	9.12927054564125e-05	8.64498342424565e-05	0.00392612786342469	0.000538737903486448	0.000201542199563204	0.000615439438101139	0.00184419788708248	7.90407489548407e-05	2.04454602285552e-05	0.00105879358750501	0.00355111355967358	0.000177973518100324	0.002669319421562	0.00739925223743202	0.000379566384059199	0.00470677334010514	1.83186663425795e-05	0.00329603499057499	0.00123635107974678	0.00205882063937386	0.00118232969289147	0.00150265667729995	0.000139178607521426	0.00386354347445267	0.00123124028037672	0.000477556335417428	0.00170827312135437	0.0302537997878264	0.00407982993066302	0.00757842743632326	0.00739369537577784	0.002334176306479	0.00435032880304347	2.25076259907898e-05	5.74788017701007e-05	0.00140592143973419	0.00051144779178042	0.00101159247141546	8.30184722706382e-05	0.000223598224416301	6.29161490620343e-05	0.00291621929760398	0.00108405511000507	0.0028502795097865	0.0011610840019713	0.00326948496552098	0.00020994280996651	0.00100315882448345	0.000825075075896741	0.00237639098627691	5.53325257142782e-05	7.89599433891677e-06	0.00139544856883274	0.0224230332613581	0.00712490987484295	0.00554226150625009	0.0156641943225667	0.000377572227008626	5.89026486959648e-05	0.00248760096365254	0.00359876270806544	0.00938085282934727	0.00454108827975365	0.00252024236357844	0.0032741839998695	0.00972728354528271	0.0907323761603236	0.0111500715128583	0.000898853046294283	0.00173401158018113	0.0109652823832354	0.00261081227901832	0.000139756271008322	0.000405783025643749	5.64115033731989e-05	0.00020958856478124	0.00431142030912943	0.0124684191940686
C[C>G]C	8.00871280781394e-05	0.000336413235768155	0.0150201811459738	0.00702844389337922	0.00970591340898441	3.96359847029639e-05	0.000113973527430461	0.000899729151965723	0.00261827027713444	0.00032223584646361	0.0058010206880996	0.00172201581518057	2.44403663318151e-16	1.95798587258004e-16	0.0002241747074232	0.000130475802486191	0.000176588102973569	0.000961994701822756	0.000645484439992516	8.64496306784629e-05	1.81082900508308e-05	0.00517204835119264	0.000235825825871547	4.98712113669063e-05	0.00233724351884433	0.00194260083849485	4.63734546967627e-06	0.000291838956692968	0.000809917360195091	0.00298841452453015	0.000268668896269773	0.00549922102698021	0.00486949361961302	0.000345870678408647	0.00129152620387968	9.89347692929065e-05	0.00654268208213737	0.000795209635995961	0.00192419131633977	0.000872647426206971	0.000423080171676706	0.00014215973960725	0.00649545680687428	0.00140123945090027	0.000348351035114924	0.00131193311299364	0.0407942953509076	0.0045572825402023	0.0134495396642928	0.00889937831408629	0.0013871458637793	0.00696371794426061	0.000235224239684652	2.75050790106835e-05	0.000810187598434853	0.000316099050721587	0.000258325568950011	0.000105016431640387	0.000272977012906896	0.00028551456784571	0.000126481233932984	0.000790180311856593	0.00650888470133978	0.000934579979309453	0.00327618735137237	0.000238519788525921	0.00333971270378496	0.00137010339635101	0.00203597003798327	0.000171912772856903	0.00393056633843205	0.000246837924966058	0.0643536133477646	0.00362226098025353	0.00142724212612024	0.011107196424231	8.8415207448096e-05	0.000184633830097286	0.0042135367235865	0.00352083607645366	0.015840755435076	0.00427444971801115	0.00107270153949637	0.00354183760914727	0.0112963045149352	0.0175789166955591	0.00711603658508068	0.002073403362122	0.00210354691455019	0.00476066730545748	0.00140268867607715	0.000571419218807282	0.000402921271337223	0.000293247398998459	0.000268375874402423	0.00504974682305782	0.00346198944468453
C[C>G]G	0.000260122553827322	3.30704346810359e-05	0.00113215167242155	0.00246455623322681	0.00188792974826995	6.36402158700231e-05	4.78046419579554e-05	0.000525260391868329	0.000215062475762688	0.00105375374622207	7.90452917686366e-06	0.000346222692315945	1.56083236824018e-05	1.38728889924967e-16	0.000137899407270462	2.14726848272868e-05	7.90579733170252e-06	0.000132342442726247	0.000344420266293561	1.48843995915951e-05	3.78869456741992e-05	0.00117846550516384	0.000164955837472202	1.69093230336443e-16	0.00262322726429347	3.659473702931e-05	0.000141094202150235	7.65032753780314e-06	0.000177509675682707	0.000429465888378605	1.38763453271331e-18	0.000705374672917514	0.000618031186776707	3.17315981512123e-05	0.000262178798263295	2.06116294123324e-16	0.000950533527910827	8.52605772634727e-05	0.000625965724876524	0.000402942233947635	0.000232500300655955	0.000162183524075722	0.000635543931903236	0.000303643197845517	0.000253125335136826	0.000706009010271086	0.00943019216731727	0.000687957337161478	0.000840547133275413	0.00201010271008994	0.000336620381377302	0.000350298421522792	0.00199681473788883	6.01079791402511e-18	0.000461385359290354	7.46550677868406e-05	0.000517428549861886	2.21270220366942e-05	0.000179812691035863	0.000993975193397408	0.00151599995397735	0.000380842814082394	0.00123897249765108	0.000325464104164891	0.000214271625109316	5.00334386308081e-05	0.000629084347522305	3.87711747843672e-05	0.000575349652000848	0.000289073423444624	1.78064566237182e-06	3.3450758955729e-05	0.00243419259257542	0.0660871983404271	8.76241088022772e-19	0.00309042637084868	1.25289398187511e-05	3.45729145347671e-05	0.00120631186482759	0.000603074882794651	0.00137193266250353	0.00106425358905915	0.00100069729910945	0.000623937542952426	0.0771782281709236	0.000471124894258935	0.00202201504488227	8.47559482742311e-05	0.000394232287605454	0.000642947135506382	0.000648750144237693	0.000513214495956006	6.34357040004286e-05	2.51334516312284e-05	9.15353630881251e-05	0.00179417337923833	0.00135422531019105
C[C>G]T	1.82387136768465e-16	4.78077762176463e-05	0.0186315411242346	0.00547235991233599	0.00799852429728956	1.20336408806792e-05	6.52605562907464e-05	0.000654212258610821	0.00385265116788645	1.9620743229826e-16	0.00457479855611792	0.00265733927759805	2.58736194414017e-05	1.53566821815245e-16	0.00020181265192574	0.000189175133759499	7.5402449185472e-06	0.0013210132712881	0.0050001022788962	0.000153616797874007	7.05948585173658e-05	0.00859546970436409	3.06916694968054e-05	0.000161986901412006	0.00307413245750537	0.00271049438540869	8.38695970614815e-06	0.000145049140692736	0.000260701047022989	0.00267059844860927	0.000187581535052421	0.00389170042460831	0.000162731161898563	0.000526531985351634	0.000215454618157187	2.28161734949185e-16	0.00541477607816636	0.000802225781433515	0.00277491246247673	0.000411154331224857	0.00053577770081006	6.95735767438183e-05	0.0131000206370942	0.00167658602393488	0.000507150666363934	0.0010371288485319	0.034117089941811	0.00521449563053004	0.0190840835751732	0.00878373962715059	0.0045603345644619	0.00564322118496181	0.000742307013460445	7.48540209844542e-05	0.00151710953838096	0.00123959848939476	0.000117118410722914	0.000165405665271689	0.000159737798325263	0.000396723181677426	0.00215761641616619	0.00089065403269556	0.000430071299175449	0.00110406662729217	0.00297384619190666	0.00063937546472615	0.00261937061384638	0.00104940046031819	0.00319366305972003	0.000138631286298518	0.011923566983272	0.000445893494768999	0.0343503221714909	0.00817673947069573	0.00279850126012793	0.0129900097544537	0.000263445051173254	7.21331146356787e-05	0.00447555303969254	0.00520873420175088	0.00704777812905872	0.00295165244301762	0.00132630241016025	0.00327841128793529	0.00754237136175098	0.0331019390513603	0.00714339776919521	0.000907507521627884	0.00189608644461978	0.0218653500912433	0.00335624456567402	0.00010133364818898	0.000503036869857634	8.20096141396151e-05	0.000593278362946001	0.0068898266891757	0.00366641372283398
C[C>T]A	0.00159000742087182	0.00315602527768379	0.0130729177299358	0.00990368301161389	0.0158241886855852	0.0110513250689531	0.0331584010042436	0.0764389850196777	0.00239312800659658	0.0305737351933042	0.00216228840568801	0.00617085870054412	3.07426458314825e-05	0.00010151222559428	0.00309605532259829	0.000723033073355264	0.0030950909633831	0.0054233896839617	1.46547391417713e-05	0.00228973127448	0.00877073386585437	0.00622610488814499	0.000627995896994731	0.000372770310077885	0.00922299396326107	0.0973514313267015	0.00855836195962736	0.00110003213983952	0.000958006392001437	0.00326886525630472	0.049952546187486	0.00432019679308418	0.0115385861547496	0.00138367597550997	0.0135947933630928	0.000291624066270906	0.0059860699362804	0.0840798359226577	0.032488011579428	0.0136423353394194	0.00361029231094158	0.00436194273186067	0.00400802045461845	0.00526242633150134	0.00306246196425965	0.00336509644033501	0.00751392769907907	0.0197428365455708	0.010404647055526	0.0181116520073784	0.00608848837856583	0.0149939255054131	6.44316990165403e-06	0.00300664601344939	0.00165196215817559	0.0228092419475023	0.00071783134409231	1.193495948639e-05	0.000382008934478455	0.00289169007238086	0.00259500944370165	0.00235873036441311	0.0120124796307493	0.00271879427582564	0.00633040168218671	0.000240795381917079	0.0132161226214308	0.00660058793081997	0.00257452849514027	0.00140266993517349	0.0156977966920753	0.00146541811094325	0.00293949863621829	0.00693166660759738	9.4266380436378e-19	0.00753005043049109	0.000539012634356782	0.0255021107180979	0.0296733823268548	0.00727842049798394	0.0109392098080911	0.0121122301194376	0.00400460511118128	0.317788713271895	0.00269121625178661	0.0298745374348893	0.0094919572278132	0.00104599596262813	0.0436490088301457	0.00666548715023565	0.00608383215738493	0.0111705685752221	0.000642396583342836	0.00256218453271313	0.00081879112556708	0.0085570647677915	0.0194666620416586
C[C>T]C	0.000281375914198279	0.000162801999001849	0.0215006645659558	0.0117555985035457	0.0203154853763011	0.0157648931816969	0.0480731499507282	0.170434063064123	0.00691074436629706	0.00292702065144314	0.00426758672536738	0.00978734797993328	2.44203657890242e-16	7.4377825941661e-05	0.00716897836311697	0.00230012011519847	0.125603976094045	0.000274013867240953	0.0013436601890375	0.00151724182585433	0.0118165044605588	0.00323273036670104	0.00172462926940361	6.29830588892846e-05	0.00698532505104627	0.0986590855454401	0.0137588469948417	0.00551156692172031	0.00328856394928297	0.00463436743897514	0.198967861887215	0.00931576166868815	0.00628285224138869	0.00303730245299514	0.00731266036644397	0.00027492487571295	0.00169104350174218	0.103202514033976	0.16952105365797	0.0300520587518781	0.00157752042273527	0.000618733603662501	0.0857110676304213	0.00682672767637066	0.00233526785822798	0.00492092471085544	0.00417339849433086	0.0304272495226628	0.010995653818864	0.0257000929159053	0.0021367658315012	0.050555997921665	4.82156191260448e-18	0.00315743278967168	5.13141402311293e-05	0.0140022565829286	0.00502069413430296	0.000258885626373396	0.000525263408815471	0.00419530299730505	0.00494980615727145	0.00172090052883196	0.00496125495848948	0.000239005533201524	0.00457833001351809	0.00056244626342922	0.0140687995199022	0.0106096151451282	0.000480942404071286	0.00227417313628263	0.0463655845767159	0.000433443171973549	0.00526496168480999	0.00872015026161103	1.23569335257179e-18	0.0120810660886878	0.00035328307194123	0.000247231171920267	0.0369359074673775	0.00437657806493897	0.018842278948937	0.0172041866226188	0.00255510428243874	0.0430951737670065	0.0016043914666464	0.0169515496070369	0.00702146923404778	0.00648147134176506	0.0620359927242849	0.00541233963667915	0.00689994526200305	0.0386913305253557	0.000614880283616978	0.00742429428192619	0.000782514795390265	0.00745530471845686	0.0244460109936935
C[C>T]G	0.18432120689017	0.00239379248438317	0.00215151618278826	0.00305331065215336	0.0168852619102328	0.117269559614812	0.00526376009504429	0.0186755508727091	0.00933865064628827	0.00268196148703565	0.00142737712579395	0.00656353913105094	2.20367890181641e-16	0.00294233963793023	0.00922270895838664	0.000557768119111748	0.000827592763503889	3.98108877278001e-05	0.00178732973991234	0.0115087971697825	0.0238239555354709	0.000709782949982853	0.00171916326155655	0.000523931896779352	0.0156655401440094	0.0151930533318925	0.0157586414664115	0.00599531348915676	0.000402639760943321	0.0017280824133654	0.0134898031879256	0.00603177309504098	0.0110719613533267	0.00323477621910055	0.00693161847260303	0.00301252144559285	0.0142363489422095	0.0151900250353952	0.00764873815380346	0.010694735633094	0.00547087799934522	0.0102652181550129	0.00248210959813353	0.00491540739348184	0.00328141565764337	0.003285865389447	0.00738574910376799	0.00615973049627878	0.00291432294156083	0.00776642447660962	0.0105269564357241	0.00182106257244599	9.72211837356666e-05	0.0154417278889776	0.00200890354416023	0.00788534377358667	0.00149383450489822	1.45057836294194e-05	0.00132679872036929	0.000962042125107563	0.0196723768192733	0.00203075498532241	0.0133336916067314	0.0270074073937105	6.8052722910784e-05	0.00759888074254468	0.00671502693908487	0.00771135863077378	0.00116723542511637	0.00443188084519833	1.03000200612555e-18	2.55199730015806e-05	0.00580552082521376	0.182804631465465	1.11508213828686e-18	0.00220114880957638	0.00020722036868355	0.00105177197425488	0.0103785092992439	0.00716886503043298	0.0178363567870684	0.00556174407405963	0.00673428070144931	0.0410081336878414	0.0669413640653151	0.000168862831324327	0.00212996133375275	0.000445542709739557	0.0361185123967245	0.00791571896700387	0.00578406136216141	0.0168262110148157	0.0035344163217027	0.00405600077395119	0.00378981092334587	0.00663057534177591	0.0139854275758955
C[C>T]T	0.000204035719969078	0.00138709195919457	0.0244542864629371	0.0163377972527742	0.0246724462638045	0.0146836848063877	0.0491496591646239	0.117864275999045	0.0238201409177706	0.000155188208008691	0.0153762661831315	0.0123882666259591	0.000112679494709097	0.00052376779766214	0.0106032770553749	0.00265045073692946	0.064824691581485	0.00364235822553779	0.00144161777627879	0.00149362368898853	0.0165888875784976	0.0219449748497266	0.00174278296699486	0.000145259737711899	0.00686417305162953	0.276372990419473	0.0123694731737859	0.00034676535581754	0.00165880971706118	0.00473037278001634	0.164048535929769	0.00451085631919051	0.0143693116953359	0.0017689365562051	0.00731492501805746	0.00434168764478023	0.000693191071890649	0.0462404089421809	0.149718143021386	0.045240385504203	0.0027808263058395	4.24643486700536e-05	0.0483657658055189	0.00586989883572392	0.00673157457113141	0.00426084876828859	0.00754929430092901	0.0301165280066937	0.0116405972166841	0.0379127428292119	0.00891849214201379	0.0345422122750077	0.000823931038122102	0.00555808518234696	0.00275949392486341	0.00673058787101564	0.00326370288732547	0.000411531487069187	0.000552362281894075	0.0117340507210103	0.00427113227165335	0.0024274163402376	0.0172377388415699	0.00391923074658212	0.000822058672236263	0.00053749738468619	0.0371662087905898	0.0295933659937812	0.0028425727590409	0.00303295649808346	0.0481575763433032	0.0027549775388404	0.00256241333110151	0.00753786961677359	0.00498582220865356	0.0134536386472236	0.000423478316813766	0.00111447708244289	0.0481063619215854	0.00756388037056651	0.0262707606664399	0.0090992497191537	0.00755425545797961	0.18467222930223	0.000869359953920781	0.0124023164904213	0.0153842098959039	0.00321637630430805	0.0614794981623162	0.00478760682438865	0.00574682661274255	0.0337193758323528	0.000428509104371488	0.00369725794842721	0.00116782098136071	0.0168448767829384	0.0245624764599873
C[T>A]A	4.96010591465314e-05	0.000257628178745345	0.00935615801064842	0.0162961841863147	0.0041903797458066	7.84949895402955e-05	0.000170344191483879	0.00116112677821015	0.00444689157052278	0.00200657258867513	0.0223298800924045	0.0059247896304528	2.70351451539313e-16	6.91709609583112e-05	0.000804163664914219	0.0014058204232163	0.000203061257892233	0.00065209197315847	0.000230291965686786	0.000188661714264184	0.000410130764119609	0.00404513188751956	0.000481763420109737	0.000110805379083703	0.000620033998838431	0.000114027190669331	0.000168724376912853	7.32003136176136e-06	0.147859895236942	0.134928329920534	0.000538442524630763	0.0015382452777628	0.0307965963439262	0.00112163203761738	0.375302771196311	0.000202907586416042	0.00222598495755815	0.000237379558044237	0.0235734721695231	0.000380729398995226	0.000851527770530794	0.0315838533364238	0.0599895849474454	0.00142555271225385	0.00193283010189755	0.00103312851794699	0.00591297441699862	0.00283948849511143	0.00413334083521155	0.00616258711298032	0.00462882189104586	0.0146613747773481	0.0016691929319352	1.51515209062836e-05	0.000780817080606067	0.00489522008162987	0.0168798014737157	8.2032745407821e-05	8.73447912722549e-05	0.000210914884865071	0.00712374028236736	0.00127708775200712	0.00440591975555956	8.72089854814945e-18	9.36235107545845e-05	0.00139543577677648	0.00822524883014943	0.00293640622571854	9.15626383203888e-05	8.88831207613248e-05	0.000172548094264991	0.0128563382402605	0.00255039590519922	0.0100221105012623	1.36800363439033e-18	0.0365091035532435	0.129633565834715	0.000320688417734079	0.00828832743827544	0.0129073076905016	0.0138701877711923	0.00365686329616735	0.0115088008998884	0.0031032582748844	0.00243904467977808	0.0157824066471172	0.0041980667019692	0.0423655062351003	0.000657964028695159	0.00456555954231223	0.0622251730858675	0.00175333907880483	0.000461280482739977	0.00211286555670884	0.015003464490319	0.0176324990225969	0.00292290890142664
C[T>A]C	0.00043027781901446	0.000245489787563188	0.0199046081063777	0.0131020667645759	0.00583007367487429	0.000616614651690167	0.000238369221019518	0.000942505389812215	0.0162962762010106	9.61706924025023e-05	0.0325665843390885	0.00367399307879086	2.56557828409852e-16	9.81377072104783e-05	0.00316464694187242	0.000674631664876807	0.000222025032416478	0.00634688249490947	0.000357614257941577	0.00340746124605698	0.000272890521726287	0.00681646360161995	0.0426634050291766	0.00251628436978216	0.0033219608411241	0.000454033117118982	0.00720521335011925	0.000772052966440666	0.060584394167838	0.0237961114443996	4.94071588506406e-18	0.00206799609823291	0.0175574166812257	0.0016349436775672	0.00302354639855642	0.00185678184801462	0.0015274371644624	0.000817913001850138	0.0229137068429889	0.000722607235666728	0.00107455449234483	0.000517245672834349	0.0357158201526015	0.0015675520405789	0.00135521548780563	0.0022078521763875	0.00731512055438077	0.00727707806924244	0.010162384750441	0.0155080705264145	0.00387087432394817	0.00189928069722982	1.40901938215499e-05	0.0037695059509467	0.001105621783339	0.00365000480786474	0.000653329246982116	9.21669229116278e-05	5.74961132913579e-05	0.000554831462324417	0.00164857920679301	0.000229471486110084	0.00509893247564044	0.000813288049923703	1.32248189309285e-06	0.00108387281803684	0.00804989427990337	0.0250568197875361	0.00202603269636709	0.000653223517526897	1.19915418590043e-18	0.0014005059417205	0.000580487897926198	0.00559211262732446	0.00449465612161231	0.0194460571276065	0.000426828315580118	0.000136119002217649	0.00438921764767156	0.00981159377935008	0.00969382249682224	0.00701411253708166	0.0428744418812753	0.00459178256567173	0.00258608049750544	0.000146459321090598	0.00202157319961016	0.0488559528070627	0.00117111423177909	0.000831657607457967	0.0117153778459568	0.0060420067317265	0.00309017362534179	0.00241319007900724	0.00704371396934648	0.0211008798031377	0.00441839695317757
C[T>A]G	0.000358383150811005	0.000151452409885647	0.0149126446471835	0.0352622869891931	0.00568579932152423	0.000130019077810311	0.000103341953003539	0.000877658967942638	0.00118073977725483	0.00143388381516757	0.0310989383526968	0.00629702823686315	2.59198442311562e-16	2.07651097103298e-16	0.00103098589297307	0.00111253166335874	0.000322709947560003	0.00161450248648869	0.000238750399230452	0.000369926058148464	9.26332815558429e-05	0.00124442402297896	0.0131968203137629	0.000813725922882959	0.00352066859377924	0.000334639277306537	0.000138172880181062	0.000141714777962023	0.186063428524425	0.0661187600166711	0.000147494694362587	0.0056198319607639	0.0706157053295694	0.00129863386760801	0.00478310823180287	0.00111997648255903	0.00216698745904394	0.000624268611981009	0.0205164220983532	0.00158363531635343	0.00052420226357126	0.00149488074211419	0.0636380382143868	0.00232129444664388	0.00188850276534685	0.00196555829037476	0.00780354003718684	0.00634503300867867	0.00609466637007345	0.0135682229306369	0.00382490061687192	0.0166224140368008	0.000348307518168217	0.000681978823825764	0.00366247604648458	0.00480501854921242	6.72889388787284e-05	0.000282998055989552	0.000262360624424009	0.00054063498523877	0.00728816407656709	0.00123443964600694	0.00377770369398483	0.00215517130439078	0.0194378113162273	0.00178757263606365	0.00159199410042582	0.000973991896273732	0.00017348655229533	4.88967363221799e-07	0.000151650279009725	0.000222426924003238	0.00302842409158382	0.00318359791815882	1.3115683644072e-18	0.0409065995715795	0.000449971250358601	0.000238624683697647	0.0115540611703435	0.00873349332707003	0.00861965741653261	0.0124208447140218	0.027694003435356	0.00501969998242597	0.00574793321629436	0.00382742721996921	0.00884823226354452	0.120272528869128	0.00148733356271817	0.00499739903347869	0.00819872366447531	0.00208905999862208	0.00047564541879633	0.00114055973386987	0.017517930336194	0.0109801726400447	0.00619909701244723
C[T>A]T	0.000278883739667362	2.19801151541626e-16	0.0139133368852061	0.0124152643009111	0.00473226543471244	0.000196249682929011	0.000331954408447066	0.000107951385978507	0.0580238458773646	0.00133253161679445	0.0456730063186092	0.00510588468408082	0.000423833912547693	0.000212245447819994	0.00372410275846267	0.00226673372007545	0.000166217083415583	0.00166555032442531	0.000535777304679709	0.00156164339296159	0.00115048878225016	0.00765052721534923	0.0746161352880669	0.00857320377093163	0.00240367352267959	0.000240620698951758	0.000111113569014491	2.44076399452763e-16	0.0651839041165113	0.0301234312048525	0.000406330716037589	0.00520047955025081	0.0398454358870292	0.000709192160189779	0.00572405945722853	0.00138789951830133	0.00210137343290085	0.000631148064137148	0.0329813598097765	0.000722098811070638	0.00118858090898585	0.000332048733595323	0.0704058453921543	0.00206167060388698	0.00235782602762814	0.0025271128939392	0.0092031201909654	0.010194878214944	0.0107871451514484	0.0140308982394878	0.0107111758014909	0.00818937089567991	0.000231640009540713	1.56770430725809e-05	0.00139563594036	0.00390100002488054	8.52081481287579e-05	0.000320462007825474	0.000116241684036423	0.000212347292637554	0.00392397321099782	0.00083307689219492	0.00955793170401806	7.24819237756622e-05	0.00616135015940177	6.6407567617678e-06	0.0128050863293225	0.0014310620004116	0.00449025032975198	0.00016434876762295	1.17481364884072e-18	0.0127436572979972	0.00373259366221152	0.011370203398316	1.27185549916126e-18	0.0214587939155907	0.118704352477729	0.000432584172385448	0.00705262089798373	0.0277497087748623	0.0156056356479947	0.0071537116165434	0.0309300090040129	0.00475982343772683	0.00218518233969364	0.020433402650496	0.00185472107158157	0.0155016842456081	0.00244174433742702	0.0137883181317455	0.0297989308051212	0.00334993243099423	0.000493601445558495	0.00220898220135013	0.0114190959376594	0.0328045720329566	0.00573812464504696
C[T>C]A	2.57699009403107e-16	0.000320759742500915	0.0104237295502169	0.00587271023163361	0.0157720151282337	0.00196109755441781	0.00043482647065523	0.00158905320301423	0.00971870227488892	0.0127354563929341	0.00281394763201544	0.0169763148776308	0.000148183927653173	0.00129012257398341	0.0143268073337056	0.00301014051910795	0.000362633921820118	0.0543196676184707	5.23256866176474e-05	0.00385322866679654	0.000885501678462637	0.0135081807513449	0.0123438978170306	0.000767264547560366	0.000442373839690829	0.000537588022528095	0.013733666635743	0.01362338816908	0.00779984053416506	0.010685621947074	8.00452009727881e-18	0.00265010420631824	0.0105930284083139	0.061896623084426	0.00556589822914917	0.00191659197756073	0.00134944437716506	0.00141129834351508	0.0093432790116204	0.000695941425873035	0.0172672211807856	0.000793028294236109	0.00151959215336037	0.00170015867222541	0.0616665028161793	0.00224999754958582	0.00880157731313403	0.00706306331945256	0.0164837607285745	0.0304820878338152	0.0131942433200715	0.00412660430713908	0.00334442856537164	0.0178765142102057	0.00124573361634255	0.0260383335436538	0.00230705528307125	0.000138315205222917	0.000142980432715636	0.00091854049769587	0.00488234581899988	0.00250636511451588	0.0120813918570222	0.0133710984209125	0.00530622019274694	0.00395893329545953	0.0154744359705061	0.00464981840808316	0.00286915650694706	0.00117927922524727	0.00287319965676435	0.0093496925601723	0.00154893023336991	0.00615719960576094	1.37047981238542e-18	0.00566791339626769	0.00607318490621836	0.000156578418747407	0.0362548156411354	0.0359459632686334	0.00733019278145383	0.00416741471505794	0.00216595553754187	0.00398172003744925	0.0117215503246827	0.0116555012718394	0.00247038820382172	0.0298854210856078	0.00448460923288163	0.00302685006346921	0.100975307479761	0.0509949817890972	0.00207849784383544	0.0057303757645184	0.0325906525590601	0.00661189839030724	0.00357672296457395
C[T>C]C	0.00274208923525926	2.87250898694738e-05	0.0162437766529512	0.00253908572619446	0.0117037602268465	0.00115474223975228	0.000236971064681927	0.000827909737035148	0.00436166209963245	0.000105351166738642	0.00782118904823773	0.0179916438219388	4.74857186870787e-05	0.00011500963125707	0.0111107328638611	0.00249009381642473	0.00074806714949901	0.0564305403563382	0.000127801276246025	0.00617924705600285	0.00240892257076792	0.00379777256736561	0.182571081641013	0.00726991979321203	0.00267542939471052	9.1918632184638e-05	0.00538027248379377	0.00317024647679455	0.00147604455867446	0.00144576153283624	4.94965891097937e-18	0.00248165660864175	0.0120229952664485	0.0352431545289835	0.0061658336730377	0.00361005390466792	0.00199685911477852	0.00145529353948778	0.0107813201955006	0.00103241411697304	0.0326639383518628	5.12062521439621e-05	0.00219019848963757	0.0020221461872537	0.0255148117743375	0.00254034121862302	0.00900113949783865	0.00541302812782657	0.00654105547323975	0.0180623086272618	0.00638209286256904	0.00346250566785758	0.122517735208697	0.00371823240773013	0.00305661441139906	0.0924125467102763	0.00719848237572926	0.000407353826755058	0.000199603692011502	0.0183893403268821	0.0788094762795948	0.00130368953835293	0.00462004915423464	0.018922030915317	0.00599922253308166	0.0029431254593927	0.00558026716571547	0.0106937508455209	0.00709157547397767	0.00355212827429032	3.90430538910877e-06	0.00766852420857967	0.00337928784693259	0.0020921824822327	0.00225139587477392	0.00463763594871798	0.000260279020743122	0.000140377348693519	0.00448538771700988	0.0096432500779291	0.0164947372717788	0.00909892632977589	0.0622919235996391	0.00605617539986207	0.00368996728436428	1.88720394338449e-05	0.00095764018893089	0.03500048682488	0.00433241208494158	0.00147863501977259	0.0215596802756258	0.034857252946503	0.015545036007653	0.00107732711769222	0.00405849813884777	0.00853969866911616	0.00404377615851911
C[T>C]G	0.000389617904198524	2.21776819977514e-16	0.0111643941328512	0.0058387901258213	0.0230967133915418	0.00588510467893099	9.38914191845779e-05	0.000709939520010156	0.00260869549070855	0.00109314320917167	0.00138912082043849	0.0178687797641149	0.00119421842156396	2.31544678702328e-05	0.0163919714496463	0.0035974783581868	0.000135618457835243	0.0419009796080639	2.294779104283e-16	0.00510383354309834	0.00153671780362609	0.0113602473250907	0.0909064888411094	0.00435289276436841	0.00173847397522969	0.000554615687714483	0.0286874821697072	0.0159735364061676	0.00219978782193567	0.00333581207402961	0.000425289272811288	0.00461318475105151	0.0147193445634207	0.0877181905769602	0.00602014498966958	0.00338537312784062	0.00418698137341723	0.00132150907486024	0.00478771045996686	0.00202202684234684	0.0428308604262379	0.001013852057092	0.0016689812996759	0.00196345560425209	0.011490891243503	0.00274430623236953	0.00872442455300024	0.0055719856977525	0.00948239338780987	0.0298362999793911	0.00668118871416326	0.00388589300408055	0.0106499150779815	0.038752346451093	0.00163937432539741	0.0551048947585206	0.00350620897582851	2.8656406058149e-05	0.000119500219080161	0.0024808646645647	0.00320458058809801	0.00120782187032621	0.00950943280001697	0.211968282139887	0.00112804568187937	0.000529108646243596	0.0100221979956209	0.00658651886422018	0.0020027493247777	0.000728629610087576	0.00430090803465544	0.0010236105137062	0.000630092698093712	0.000941137280651703	1.28328749006339e-18	0.00878926635504638	0.000238478671379734	0.000142667417199941	0.015584288781401	0.00270799104954967	0.00768089279098724	0.0163527464991084	0.00829307645050104	0.00342020175789969	0.0141910822036318	5.50791199101295e-05	0.003738147284555	0.0309044078380529	0.0045962139171092	0.00130784701220867	0.00267425429513357	0.0702032372376096	0.00821343265245885	0.00574494243507649	0.0239499685676702	0.00360605110847756	0.00282510903503567
C[T>C]T	4.46200703921246e-05	0.000179059495032241	0.0169056672795973	0.00263064127875137	0.0160152814325608	0.00135990173205305	0.00159046271474333	0.0053940422036137	0.0501536383333079	0.0449280513519017	0.00689387609455148	0.0369514533733848	2.68603598302032e-06	0.000721983842365968	0.020879585899201	0.00498267763962577	8.46564030385503e-05	0.0497767694200383	0.00011205932295145	0.0022767624545758	0.00187274555321206	0.0177360762316643	0.429389762700706	0.0196700022748323	0.00265922202201548	0.000421503336529053	0.00734112289717365	0.0233002064778718	0.000565894656860075	0.00261318051656733	4.98132475983589e-05	0.0038411067933104	0.00952693322594142	0.0598782860720324	0.00401528687350576	0.000482986663274011	0.00184503987781239	0.0041296349957829	0.0143394858578802	0.00115946338735111	0.0031819736615205	0.00192403151055849	0.0032931795005631	0.00221903765997311	0.0563407489556303	0.0044656852850092	0.00933620555504793	0.00710363812644805	0.0124548334834502	0.0262137362978847	0.00913765477988523	0.00342331903778638	0.0105316806852618	0.00855651925585379	0.000612366667594794	0.101388009727779	0.00596669682339419	5.85014737244212e-05	0.000104356997756634	0.00136939301751134	0.00702964101957983	0.00222420603692296	0.00587635063991549	0.0285974495018468	0.000787005761134963	0.000219345481030293	0.0284022427357971	0.0303187827116479	0.0144212901824043	0.00255364024950204	0.00105398529294182	0.0199510605560532	0.00196003122929188	0.00965056847502936	1.24218250562549e-18	0.00453224368982673	0.00733360735575778	0.000150008159917696	0.0146018186915869	0.0163774135561617	0.0169997183721008	0.00627070591570874	0.00287932053325142	0.00451960043444093	0.00489292199639243	0.0126355756434714	0.000753714677206998	0.0168657675852609	0.00464006316953127	0.0027252591546065	0.00912593637379915	0.0364498194251268	0.00318300295354753	0.00677511872190042	0.097841342464122	0.0142940494176739	0.00411445134656362
C[T>G]A	4.00667277977924e-05	0.00015871222936975	0.00503838737238956	0.000963331611532044	0.00299973514858576	5.70828875090399e-05	7.93291111663717e-05	0.000364156913959022	0.00411276538229094	0.00180477787722883	0.00140289691519428	0.0314661664762208	0.000183874790187065	0.000216685933547244	0.0126398255061874	0.0071735646423472	2.39374174574149e-16	0.00104351892493251	4.46359283464316e-05	5.77346260499418e-05	0.000237543152394099	0.00488265394737153	0.000336696353791488	0.0023743350960929	0.000124243187550192	0.000829387174457849	0.00110401376142175	5.0332045154959e-06	0.00554951384847144	0.00829930428486411	7.80637467002815e-18	0.00163049913547279	1.14590156534633e-18	0.00165081960479915	1.10986134948686e-18	0.0207040976441046	0.000872311045398786	0.000214895890403082	0.00220574609557084	6.66016480649296e-05	0.000813063220312813	0.00138215195324351	0.00413996894159284	0.000529143717616403	0.00313184540280018	0.00110776765436679	0.00620708890836087	0.00172583930779302	0.00543949956124147	0.00354996550166509	0.0043413457197705	0.000990504232697505	0.00327841012671519	0.000279829126841517	0.000111801959429187	1.1403967193455e-18	0.000161618603732627	0.000124840165484318	0.000122333217998227	0.000955919760833077	0.00317135446341079	0.000822449753013581	0.00174072246032988	0.00499455028907711	0.00204569376859052	0.00667757814634919	0.000176323123212076	0.000582727227310395	0.00128647278546268	0.00423231438537524	0.0011092702533671	0.00474939913365378	0.00479722787056169	0.0099976142647766	1.33850586672837e-18	0.00781509766407771	0.0111167688308954	0.000749868168150555	0.00106855615875047	0.0110702815192443	0.00253402140029459	0.00040887253285551	0.00666401175595432	0.000843214549871431	0.00725791974668157	0.0410575116689853	0.000637142163271716	0.00558515951140141	0.000297213193203863	0.0154915634209459	0.0492816143303348	0.00103078644103178	0.00493562259530706	0.000706643629565302	0.00412614956580439	0.00452157495226964	0.00114056477850517
C[T>G]C	0.000234535285059364	0.000157575785727066	0.00795466157709715	0.0004785569427963	0.00523266632419782	0.000886530941165649	0.000158728580867743	0.000787333228519818	0.00685698528162672	5.95246665331992e-05	0.00219755299893435	0.00878876123733304	2.59239217564661e-16	0.00107582434616754	0.00263116369556315	0.000548535299799815	2.34593655277284e-16	0.00130554712525617	2.97969839743063e-06	0.00141224323371974	0.000177425159748614	0.00130503886860771	0.00110700375627682	0.0356415693818148	0.00218293844704258	0.00237927199930511	0.00179765865249386	6.16869344990956e-05	0.000977704042606199	0.00261242230994563	0.000165398786722846	0.000983345937197055	0.00324501564894039	0.00562829831118084	0.000414238301573666	0.0307138803263615	6.22742039535124e-06	0.000228686410910482	0.0015691494360195	0.000505495034867159	0.00103871960753225	2.83808004011726e-16	0.000566489544199222	0.000614046040517345	0.00280958938025455	0.0015572318895458	0.00848194634710734	0.00292525850885425	0.0123237754934765	0.00429930559890861	0.00295495542217595	0.000840177928361272	0.008544297472293	0.00296508454071869	0.00030185217135094	0.00201171953323772	5.95519845569298e-05	8.47749790073748e-05	3.01788065393938e-05	6.47605297401125e-05	0.00286206095303708	0.000777919348554357	0.0048545401100473	0.0212183034419594	0.000566214952430203	4.41991895734177e-07	0.00104545132645454	0.00118078251161884	0.0032705394410067	0.00534204764021828	0.0026037615412324	0.00308707123836609	0.000189467861335521	0.0012471521793855	0.00302775438819091	0.00357244781931007	5.62692609966932e-05	5.69911860487781e-05	0.000472375235002361	0.00741077435637924	0.00228778490743527	0.000873512971231772	0.00747229708955979	0.000854655002781209	0.00639198683859883	0.00643169287392137	0.000437762135711503	0.00481644366288195	0.00198967066896646	0.00689111539819378	0.0175779357767141	6.58990134714315e-05	0.0210119467895691	0.00356729327025585	0.00556375882091536	0.00370317395924428	0.00155949927545298
C[T>G]G	0.000143063750850219	0.0001242767335469	0.0122146200452883	0.00415510209985436	0.00702958532992416	0.00105559426782486	2.07776277633675e-16	0.00129559828988713	0.00147738297106583	3.11554802859662e-05	0.00535118245075287	0.0170155074294019	6.28342936449202e-05	0.000452716010007166	0.00794446504067215	0.00344563587460439	2.3700820357315e-16	0.000686103876031612	2.36986326924857e-16	0.000512932962224254	0.000310548995680942	0.0027346061736787	2.08597884896654e-06	0.0157106761198749	0.00324715614234083	0.0015296660369032	0.00307612324195649	2.30270053989202e-05	0.00898633773069281	0.00730237859423946	7.35686015294438e-05	0.00343197658862795	0.0133859156465627	0.00639988380800241	0.000442667559982175	0.0217631237842509	0.000367151419195889	8.43714353550718e-05	0.00166290174207337	0.00123702362695824	0.00118321330987428	0.000562887949949518	0.00702694176366856	0.000972199595009478	0.00449629037890809	0.00177410145328227	0.0113986049839264	0.00240135959788949	0.00864210520808994	0.00648522042374742	0.00376577597780279	0.00640282431191681	0.0552891310995735	0.00410859308315297	0.000704336894606239	0.00180660008653735	0.0042867144486589	9.593352313506e-05	0.000127980201167156	0.00387481585868062	0.00669793097755441	0.000807222272077127	0.00344703436764788	0.0250661853182276	0.138714299283691	0.00505524389362612	0.00273093508640424	0.000801790547561133	0.00254751461280806	0.00922425019084581	0.000965458136564202	0.00140992697929146	0.00206349697326861	0.00227725545710065	0.00305891746116348	0.0101221936194847	0.000151557616856432	0.000419945591719228	0.00238233390474473	0.00300162115895268	0.00283042198381391	0.00139597255776363	0.0338567199603788	0.00227645028519283	0.0141370251468827	1.81881093118579e-05	0.00172445428064236	0.0272415981685493	0.00152907810130651	0.00310330858445996	0.00149958286297191	0.000660918414456906	0.0254624262838027	0.00449193598917243	0.00525794564174772	0.00506815758457828	0.00467464801560123
C[T>G]T	0.000185001543112154	0.000201819912693596	0.00776806655694277	0.00127345935541932	0.00810314369763509	0.00143757247276832	2.39000285804747e-05	3.57852785986189e-06	0.00408588866859693	0.000182319856876506	0.000632594476546788	0.0655339691541498	0.00147802403189157	0.00478468951970015	0.0336200240849326	0.00642266051568388	0.000137638588478726	0.000385260742230258	5.73488543404953e-05	0.00109801353411044	0.00275183491402077	0.0030015248954634	0.00552737609420049	0.610517928995078	0.00444117009039615	0.00244922766590695	0.00561457269881101	0.000205141465307301	0.00129747815920022	0.00296823972014067	0.000269945289504391	0.00514698751073874	0.00938844468698699	0.00869067226972525	0.00153107636842222	0.13726896428157	0.000821038001983482	0.000275648777025628	0.00101836407263022	0.000742607589722152	0.000205514276270108	8.18882385064275e-07	0.00289827711994433	0.00113521237235288	0.00474478241765046	0.00743072361078294	0.00554480861411717	0.00466351653026628	0.0213339633382867	0.0105288108359327	0.0125901736055779	0.00379720447926477	7.20327384256743e-18	0.000440104713543034	0.000764766193534119	0.00218591609395271	0.000120977394585785	5.86308122390714e-05	0.000102797443087403	0.000482672227844213	0.00251463649807404	0.000847134794480472	0.00304550726038762	0.000972727723152972	0.00140212335215594	7.45692910258078e-18	0.00622842863301315	0.000525177427849794	0.0258798980964901	2.25945804204007e-05	1.18494726552963e-18	0.00214024626338197	0.0027340772649211	0.0034681639747393	1.28282617193553e-18	0.00453526705309579	0.0115536963999553	0.000115896281302786	0.00060139198247207	0.04350629024936	0.00304865280123374	0.00131680583936848	0.00298303948810579	0.00178874024508765	0.00253161504654005	0.000801793778023848	0.000648373782545439	0.00759576522625577	0.00138097674792473	0.0057891502824004	0.0125190396996868	0.00666347635190763	0.0295361557180477	0.00509056641959312	0.00325950551504188	0.00904011975976444	0.00283301169973073
G[C>A]A	0.00159000719094404	7.97121265506361e-05	0.00732839941695833	0.0311927063274213	0.0105315632841437	0.000439213888040536	3.40596804837874e-05	0.000674594350105958	0.0011737044919138	0.000182633417733929	0.0248079403814222	0.00832908505668247	0.00127963320303563	0.000622058974266185	0.00877106400627513	0.00243917709855268	0.000158831225318378	0.00206264026643873	0.000912096405558352	0.00220830101927948	0.00235407592313572	0.00946397056816311	0.00172348101452871	0.00103045372690564	0.108764092374225	0.000842932534881824	0.011037775741841	0.00220728454055822	0.00225167664772439	0.00285366423342166	0.000342586366141071	0.063224379217368	0.0137886992337324	0.000514046510587474	0.0106812009624626	0.00019721377153189	0.0966828315399211	0.000912397303450779	0.0130758575826591	0.00460841388074746	0.00439077528509262	0.00326637214747324	0.00981860595055586	0.0668103741029849	0.00219061751648537	0.0120555192828265	0.00718306993634142	0.0102230562752097	0.00398455678966451	0.00398351835356465	0.00344637772057505	0.00782530186950309	0.00995619093284214	8.18536998039688e-18	0.00737744972524711	0.00731977915130303	0.0116736006435953	0.000624565864211734	0.00810728197792946	0.0135357344308506	0.00400687411620588	0.00752368750141838	0.000449921471853531	0.00530013270828247	0.000945001383394641	0.000221955533466595	0.00212203508758084	0.00282981197323174	0.116956918585839	0.000603914966531469	0.00297977099603771	0.0016313945973016	0.00508620324708845	0.00743413413658255	0.0103281494575986	0.00684482665745868	0.00107461344839898	0.00310755460678755	0.00917224697858589	0.0023740810460853	0.01408555763281	0.0664978517836229	0.00645792932495636	0.00294218749917792	0.00141185904848811	9.18940196918278e-06	0.0436888170948666	0.00521651196151644	0.0164551422986294	0.005420289506954	0.00383594769813139	0.00236408093289921	0.00201873942829102	0.0108007338587685	0.00744593444785203	0.015396530961255	0.0100765370086819
G[C>A]C	0.000297780631015368	1.80001795022561e-16	0.00977914671437901	0.0299847249201399	0.00689459799311252	0.000819736224977067	0.000101118730590093	0.000169705814756908	0.000723982564145453	2.10691007572535e-16	0.0234439880869717	0.0062908791864205	0.000407092693185518	0.00189412665940943	0.00676171135813929	0.02203835177213	0.000340300042600672	0.000379183710136979	0.000378360576551489	0.0207585837588277	0.00223428829067423	0.00407768851354894	0.00108181097507214	2.50568910492285e-06	0.0150681518368186	0.000245862717438386	0.00504035424657915	0.00636529748749221	0.00150380549289567	0.00222552869529263	0.000480056663236636	0.11356879067203	0.00576831047761484	0.000602489989268342	0.0107046596079824	0.00112555877882527	0.0784824810865333	0.000417208972253923	0.0187323468802304	0.00322877921013838	0.000841264830487463	0.000474853960695221	0.043590437512846	0.016539078697736	0.000589579075252154	0.00550705202566983	0.00633375555276322	0.00967029287865305	0.0038488374375457	0.00552498314446428	0.000703878022711868	0.0237430416926524	0.00157925271578917	0.00434569076891574	0.00488729708393759	0.00266220552052238	0.00319459656352259	0.000250836445771825	0.00222718184400994	0.00630692250061547	0.00291164339372358	0.0058340405457421	0.00312727492550723	0.00813851187900713	0.00018523488946511	0.00655324410493634	0.000736993383524311	0.000973611776934163	0.127859571878351	0.000882993544214076	0.00984108551706878	0.000498772342087396	0.0033271922075204	0.0042628538425382	1.04156084375648e-18	0.00530845048350627	0.000402004096555238	0.00451767774812309	0.00700820007357801	0.00157140236316007	0.0269482384145338	0.0401548601361634	0.00386174939235785	0.00234313276859312	0.00344717867137568	2.65857572913802e-05	0.031828189222164	0.00468670325701458	0.00456680979352221	0.00425623100865607	0.00442484017602225	0.0031279303795041	0.00723269654675266	0.0527020107515019	0.000819655943878367	0.00777694686843135	0.00915039134335054
G[C>A]G	0.000573826038306067	1.24862520354422e-05	0.00142776175799406	0.014670927526992	0.00234697624872664	0.000356711417980163	3.46340781945641e-05	6.4054002004903e-05	2.41038387173051e-16	1.92224941444342e-05	0.00272851302369127	0.000179215999244357	1.0785886825024e-05	7.04303563925336e-05	0.000903080779927311	8.55084334363331e-05	1.29792264281984e-05	0.000452341574548671	0.000153115526026939	0.00114476880618899	0.000403428997913341	0.0014521426238561	9.96990223788871e-05	9.2682914821347e-05	0.00732792443899846	0.000206215766707769	0.00155868210476803	0.00169329026984786	0.000509141866774105	0.000527321610227115	0.000117513862114318	0.0650698447016041	0.00065285324669478	0.000129870102840984	0.00156597204798277	4.85135215904533e-05	0.0222463180512456	2.0869034636922e-16	0.000942465194109343	0.000870511566850528	0.000330772584060689	0.000256321206025224	0.000489937846969766	0.00463022940486834	0.000527821319323155	0.00133698167648316	0.00459430684491629	0.00346204304822209	0.000817148046393138	0.00126481637903923	0.00023835647208364	0.00104508719074677	0.000184070521881639	0.000626530838285203	0.00198383567374506	0.000395025962564342	0.000799914987990122	0.000596217190258583	0.00682605715960583	0.000225935380418053	0.00422817945129829	0.00358331514889115	0.0513945011372736	0.00559498204607024	8.28706035360123e-05	9.72915603661701e-06	7.16197827246354e-18	0.00273886067861331	0.0133467098187352	0.000442537453398805	0.000817575122836645	0.00039878079300888	0.000227565758681751	0.00842646658621772	0.000668854066544955	0.00164701628394993	0.000132377952859333	5.06160873553073e-05	0.00444111225275327	0.000304121100566694	0.00173784838965447	0.0153071368522187	0.00069887597044782	0.000469970383375839	0.0192468169425118	6.09969330639732e-05	0.010369141193712	0.00025656787557907	0.0024326626935417	0.000299844783557513	0.000483372812217656	0.00030782198597146	0.00143587942784763	0.00951360503429935	0.000398043976258207	0.00131872810983169	0.00237174048913437
G[C>A]T	1.81345614949672e-16	3.82669845672136e-05	0.00830724039598079	0.0169137146957746	0.00569133560099071	0.00102256384475471	1.51201656700271e-16	0.000107437977141995	0.000327954756305954	6.50289965587382e-05	0.0222876755100431	0.00746433203888011	0.00948768563569395	0.00192579146243956	0.0101543958636658	0.00805933354605173	1.72474131503102e-16	2.31510845202113e-05	4.77755856362687e-05	0.108119132760348	0.0151214576440982	0.00515270637226503	3.67761800298795e-05	0.000445631477966541	0.0502440032218159	0.000228490373988776	0.00205681080573309	0.00741944812234087	0.00044739782793839	0.00181583025391338	2.53725415562135e-05	0.0446920466263076	0.00866794175853991	0.000684352336605225	0.0059231352192856	0.000161438661310578	0.0680828365868875	0.000674087918129978	0.00283167358714431	0.00270059735264719	0.00256702740780575	1.26885833814416e-05	0.0184121834647021	0.05503531753256	0.00111960082558631	0.00738083827902651	0.00497020253356184	0.00515862024157551	0.00456444754397465	0.00579050467135436	0.00175782747226371	0.0148478116339217	0.00120271300144602	0.00973649728642062	0.0055204387594665	0.00197203161874599	0.00119850045005509	1.33509680886397e-05	0.00485622779627896	0.00157166815614369	0.00283573521900322	0.00310686789878365	0.000959610323677338	0.00555484069296678	0.000659264231817299	0.0129790310961063	0.00176954882606334	0.000292154133590497	0.457958777341997	0.00012556689965881	0.0090679750714564	0.000698743257975291	0.00710587944742042	0.000903037499096096	0.00333902450105073	0.00590354929992078	0.000358445003144759	0.000831601484938384	0.00543693072886492	0.0026533849562989	0.00929610618237164	0.0519542301798004	0.00111992771493934	0.00219126231797805	0.00263816932641693	1.74509404665402e-05	0.0260515351903136	0.00461403215708314	0.0064811826760623	0.00104093275648292	0.00524197626336119	0.0045588127288455	0.018662007510888	0.0865806462765352	0.00395104429157947	0.0102717257026144	0.00468851275064488
G[C>G]A	8.85410291660217e-06	5.54952473780664e-05	0.0119779982114514	0.00479162219801474	0.0044340382673249	1.83009190752957e-05	1.50879946397621e-05	4.24131362363932e-05	0.00018668144977073	0.00019551887450827	0.00242692305939655	0.00134641764396843	1.45552130123478e-05	1.3431035123346e-05	0.000162645282591993	9.65036912256371e-05	4.12800874292764e-05	0.000539136198301497	0.00132289939048798	2.16181252705738e-16	0.000937631991495916	0.00105905942967689	0.000780085022210493	5.67564575875798e-05	0.000581424527836188	0.001244803268369	0.000627400003901309	0.000367229307852207	0.00129714930067064	0.00176926718194517	4.02729092025935e-18	0.0025370203729962	0.00390828764116266	0.00037564564313367	0.00128868120439329	0.000212287942814488	0.00207403913926329	0.000457236208600133	0.00167614238362701	0.000821371738782608	0.000704397608429563	3.5640976902737e-05	0.00308539169068241	0.000802323971595896	0.0013006829474358	0.00110623357595524	0.0229929012596999	0.00246180531065728	0.00225856223481621	0.00417416155935927	0.00208783181424312	0.0022352127866652	0.0133601119341343	0.000214235372374432	0.000298582700588757	9.32881316730122e-05	0.00162125825208441	5.97172097274307e-05	0.000143500804770781	0.0233542346116084	0.0031821796475422	0.00115622811767568	0.00131884182320102	0.00205222285614091	0.000863091192241885	0.000175512839186786	0.00390472869411226	0.0020091101321946	0.0015004171837147	0.000174716562651879	0.0112781545111572	0.00165943111778333	0.00535754752881674	0.00251399879152044	1.09494099221996e-18	0.0060401246081593	0.000438258821965636	3.04193326196599e-05	0.00221146740819175	0.00343175691145949	0.00289713987144089	0.00307209433755886	0.00212697673844738	0.00106294182827904	0.00488524826972382	0.0284852855259684	0.00911128827681416	0.000943386723558165	0.00170482930812849	0.00566637206920559	0.000791942575815919	0.000288845794226719	0.000588216087849418	8.66635058274484e-05	0.000286564442608791	0.00309346973898504	0.00716598945892496
G[C>G]C	0.000132190863425264	0.000193324415427554	0.00710470653926819	0.00454621109402697	0.00420118822489987	0.000564358287150214	2.23083976326123e-05	0.000327384724709805	0.000423493446813314	1.93333411245585e-16	0.00196240628825556	0.00244558175776024	7.03854957433757e-05	9.26975814045658e-05	0.000324115406676434	0.000262599596682164	8.78964160842334e-05	0.000241141632482138	0.000368744866588484	3.68050824084077e-05	0.000500615452795273	0.00272047292157714	0.000647572577057277	4.59024943317285e-05	0.00107097565684147	0.00106997525442471	0.00234120560372732	0.00117313624438972	0.00074180458524742	0.00190970035928075	0.000103409706559813	0.00471398881231018	0.00195525431985023	0.000480634455626847	0.00106941427558981	2.24819651410465e-16	0.00130794543991677	0.000198394027223135	0.00600419227961117	0.000736602521045808	0.000618842248875035	0.000179693752506947	0.017051484806702	0.000853679054916406	0.000806779778325734	0.0008690487685931	0.0178121760731292	0.00248621467308271	0.00312215404855491	0.00536948031789239	0.00240310292974332	0.00115438550568543	0.0130337565463837	0.00101613088097168	0.000790489856243821	0.000651435206022864	0.00192058019032418	0.0001443564249567	9.06479347485495e-05	0.0251955108721773	0.000928602724819449	0.00106044299896547	0.0706564721548916	0.000179952137778377	0.00124824851773368	8.05492655424415e-05	0.0023112114762724	0.00123256294600339	0.00156434677462786	0.000126308638103124	0.013911926163696	0.00459286259913548	0.0919854043628653	0.001004574086611	0.00165450550570321	0.0037108431820593	0.00025958614218889	0.000133733933717947	0.00177626014653757	0.00395606412983964	0.00559290253342384	0.00132089511178915	0.00139908693070073	0.00121028857605427	0.00294129491017102	0.0164209838495224	0.00513250144847417	0.000722434476478459	0.00236783609141179	0.0195801144836525	0.00431204882637457	0.00293867648441882	0.00211895495649865	0.00065496673722805	0.000222542247110077	0.00293897919299607	0.0049963888255798
G[C>G]G	0.000125757409794665	1.55241052814082e-16	0.00187248994183886	0.00245224857090117	0.00117369216138915	1.71809754841017e-16	2.84823398826234e-05	0.000229413172717519	0.00015146990489896	0.000446017941454842	0.000376599296705734	0.000423157967994703	1.77523496271202e-16	1.42219021200823e-16	2.57286383636918e-05	1.44981468105701e-05	2.34457126809731e-06	7.48056597305253e-05	0.000174371522368931	1.77354291666004e-16	7.81444297050483e-06	6.72945835722414e-05	1.72728714503787e-05	1.73347265469658e-16	0.000480003504554075	0.000465401356213938	0.000532412775133392	9.0848284609157e-05	0.000161658536365137	0.000343551406237986	1.39960027410468e-18	0.00240274914703691	0.000321403176315628	5.75709010590294e-05	7.44839734383855e-19	2.11301752790026e-16	5.15631567126802e-06	8.52200352541539e-05	0.000343399704246935	5.27748573795742e-05	3.4912688863581e-05	1.94347867638299e-16	0.000442593392671452	0.000127781936652241	0.000466441136269964	0.000771417293669513	0.00774966856795594	0.000489065634206702	0.000663857750439762	0.00129696177267774	0.00013098235056377	0.000170386502809981	0.0103158445506593	6.16201712873903e-18	0.000511244721520028	7.65332345271994e-19	0.000368145568544069	2.69329787034714e-05	2.84061257010713e-05	0.00200925945241167	0.000204411736171376	0.000694240025874941	0.00235211537933266	0.00122236541298738	0.00475934137122992	4.32825871439373e-06	0.00157212975509521	0.00132949811599814	0.000306879559582569	0.000177631926960772	0.00140888272784888	2.28615404702005e-05	0.000603932265308618	0.00429852988312692	0.000518341273642422	0.00158028863080216	3.85324259136764e-05	4.24117671043895e-05	0.000690061334151161	0.000726232879313214	0.000537430045983554	0.000674029118580042	0.00156311189670041	0.000436571118914444	0.021329258346923	0.00201979164259806	0.00208733030575002	7.58802268951458e-05	0.000335929009490646	0.000596503358520401	0.000213774018387298	6.84884743519874e-05	0.000127362647508052	9.67829063206595e-05	2.44630809759378e-05	0.000460889174265622	0.00128395651702201
G[C>G]T	1.53154783018559e-16	8.45854274347106e-05	0.0103132985788246	0.00204833158810879	0.00473611893094938	0.000225379285850879	2.40505206714177e-05	0.00017097969224919	0.000976653114590205	0.00065448688013876	0.00340073120000455	0.0063113389490682	2.55523184523113e-05	6.56374253610042e-05	0.000110015326529429	0.000254702500160412	0.000122215349721494	0.000358384779577442	0.00177132818068399	5.81674925226092e-05	0.000316462796038801	0.0024234463521026	0.000520141643113805	1.57178472856247e-16	0.000837770232579184	0.000226192711292113	0.00210681046330109	0.000145738690829335	0.000312015820813964	0.0011589247435621	2.80162732144749e-18	0.00234515476109765	0.00138740528738521	0.000215764976687066	0.00307837765326084	1.91592793375778e-16	0.00218170358210774	0.000263515085957665	0.00228927980176675	0.000159026703611514	0.00063272201948175	2.13528158802809e-05	0.00593478227946266	0.000707302690846374	0.000930895175527812	0.000628831750607825	0.0230901789605445	0.00214748814666664	0.00511411509252769	0.00371858489801424	0.00271028551277352	0.00191905344039568	0.0131535629374136	0.00134623093164422	0.000621635410842078	0.000416368042258148	0.00159365945345753	3.6999543735958e-05	0.000146074156487489	0.00930443845540893	0.00197840414872704	0.000635717666486847	0.000407350468273617	0.00344355500680008	5.1443210619009e-05	1.22205573918919e-06	0.000334147083389902	0.000761362761733755	0.00175169222321668	5.12466398647164e-05	0.0572221312795014	0.00246437454645138	0.00892881067364004	0.00321437713756552	0.00563992293882478	0.00393822879712586	0.000197934841634999	9.50256740864687e-05	0.00106981314859735	0.00410062414135758	0.00255499537145349	0.00159017667211528	0.000941944984634906	0.0013630349048506	0.00323763162937116	0.00859393452496901	0.00486790278110987	0.000674501222301228	0.00144944840597952	0.0148730413700405	0.00367397415603619	0.00020058946303725	0.000548266518133655	0.000381876783042198	0.000388514763250779	0.00312284784538542	0.00266860098144229
G[C>T]A	0.00346265802957744	1.59810905485001e-16	0.0130631492215378	0.00312877083130097	0.0155231138239666	0.0746119984143134	5.52608907829195e-05	0.000599176545663936	0.000136004444951151	0.000307502626527648	0.000219264886088153	0.00583606168695656	3.45830476733383e-05	0.000239389549095796	0.00291819935479205	0.000902123767173901	0.0146961161332434	0.00361676948665679	0.00534790276703533	0.0140693938898382	0.0587133732896543	0.00553691727446616	0.0012305937038202	4.8893730585171e-05	0.00748546544860735	0.0489533714391663	0.0334237090078405	0.00744980338449957	0.00186235514168346	0.00221306850233422	0.0423057039886343	0.0235531931546437	0.00791541944972314	0.00220870612663623	0.0108835127890246	0.0031840567496336	0.00802505222239518	0.0372660151820336	0.00526007836162345	0.0178964887363101	0.0041280108172906	0.00020989391892266	0.00562010783050234	0.0028450018341627	0.00212207710087754	0.00184517447011867	0.00649713048645239	0.0232711406635142	0.00860395804620562	0.0122492043298889	0.00519473415985617	0.0264283714249743	0.000635511152534351	0.0788996246020782	0.000757257473965862	0.009927055416463	0.000863916952712797	0.000222056708532808	0.000146707209607058	0.00178769462232359	0.0035229086335832	0.00125952833249899	0.00740934574716104	0.000175694142267611	0.0055675490710835	7.52389873661884e-06	0.00447237549172904	0.00542651679576418	0.00214715266219874	0.00112251216887741	0.0761729874187958	0.000778951300621646	0.00369021531404383	0.00152628518286505	0.000533599758501059	0.00536060806819474	0.00038334956354363	0.00772578273310195	0.0101986246254198	0.00501703762651219	0.00439329680753562	0.0127549483097761	0.00409224190991241	0.0035243884645901	0.00132678025833403	0.0601513315016428	0.00507784582230302	0.00481977100141344	0.0268303319336998	0.00805268935965298	0.0032962405970527	0.0335645803152368	0.0087544314303647	0.0172776702517364	0.00294571654213917	0.012269551683147	0.0629690297256591
G[C>T]C	8.64273428061505e-05	1.10419297491314e-07	0.0127486014363361	0.0040751067773349	0.0206435593976311	0.105684069178131	0.00909118540316169	0.0220139509572303	9.83901738616379e-06	0.000182132608695461	0.000232476678896273	0.00652125722415119	0.0122362492560717	0.0118940330969652	0.00870923155956359	0.00519567671180433	0.102467917875876	0.00175496238517237	0.000819355152562275	0.00801905415868374	0.12274758866492	0.00538225223860627	1.98940278897971e-16	0.000150049622879425	0.00754604195210961	0.0380537085426563	0.0503277536428909	0.0187127944116582	0.00172373502438497	0.00186589283426535	0.144910241219108	0.0411162758401203	0.00657071263703575	0.00522823820158147	0.0184005381128677	0.000219992762120901	0.00733637202514166	0.0546311224997573	0.0105327527028071	0.0358469598921164	0.00473700527105819	2.38964469795078e-16	0.0163904474398711	0.00310579110138379	0.00229607819507341	0.00275254606295592	0.00434882841249536	0.0236575324934553	0.00611792622774864	0.0177742921185471	0.00891982352140244	0.142800074527403	4.06199681381464e-18	0.0803248063867247	0.000843876816461247	0.00423463648700242	0.00166462376712573	5.67812709254617e-06	0.000112374683580876	0.00139408353420561	0.00290874755357246	0.0010311015265506	0.0114719670216808	0.0123830848432463	0.00154483191654677	0.000479064809928738	0.00720214948209487	0.00301131238183912	0.00246998714879624	0.00155698907608732	0.113888087338532	0.000508039991789405	0.00328054464378794	0.00253644377509842	1.10450564851926e-18	0.0079680946136573	0.000331565363668384	0.000107279359605899	0.0128320029575228	0.00502987477704516	0.0157411363565715	0.0303272674778308	0.00253049338945403	0.00320610831546512	0.000513227106201218	0.0612545006835106	0.00364622180006115	0.00602305876479522	0.029178852982334	0.0102837460797694	0.00458965108686814	0.0853033474180003	0.0422621372964363	0.0896255866511796	0.00278798338758907	0.0114222264199632	0.0626788758357767
G[C>T]G	0.225986311739428	2.12424916497465e-16	0.000559032121117746	0.000490113295407798	0.0130822138798758	0.188604422854779	4.77020537353229e-06	0.000163946134503515	3.94921388078286e-05	0.000175814586728706	0.00201693646336435	0.00529017981321816	0.0162319193442762	0.0110450596705083	0.00990081126896693	0.0021257689800451	0.0017650433291979	8.00430791561262e-05	0.000176229130930047	2.09888591526664e-05	0.293324509185813	0.00132476711635795	0.00160581571286443	0.000909383675248457	0.0152126267497925	0.00342418106447929	0.0215821702120848	4.61145564745389e-05	2.32477312358909e-16	0.00297770586022046	0.0128803830384876	0.0265956969537117	0.0110474564308296	0.00713149706924327	0.00954595517873597	0.000279985112478844	0.0187700181940837	0.00522260242367933	0.00202557582457103	0.0109469158314123	0.00598961515453346	0.0199967419938586	0.00259260720149741	0.00579446736963059	0.00477863336858687	0.00463624232906141	0.00589366720623609	0.00962509528222441	0.00218486541668309	0.00598530946792194	0.0196464456499562	0.00475709164669498	1.06507004857045e-05	0.0544693623791913	0.00151991645890708	0.00157086984972893	0.00186334682692174	0.000259230733087924	0.00110221364019496	0.00540057063888841	0.00448370166265959	0.00266178790745411	0.00642633012099459	0.0200926054683292	0.0135486698672423	0.00217048168812982	0.00976150176934577	0.0078301181259777	3.79170024868154e-18	0.00404303741771391	0.0104727368781064	0.000135897694836624	0.00862531280948929	0.0190931831641844	0.00780202528597913	0.00195447401167076	0.000192876908762714	0.00108245536087303	0.00627711024070997	0.00983158969799971	0.0176850576325936	0.00795654363384725	0.0110877090843667	0.00307635455903094	0.0183704512811065	0.00017625196798108	0.00146164617019618	0.000960351114934691	0.047010997236809	0.0236193593090166	0.00834618615636489	0.00279677887417438	0.157043248456444	0.112561807869458	0.0040439958921363	0.00865496737636408	0.0234218719840572
G[C>T]T	3.60874173722866e-05	4.35318575502103e-05	0.0108481977796877	0.00351277644449078	0.0179376345189484	0.0714793960754034	0.0126235631322421	0.00455252607385258	0.000791404430556644	0.0427477345981979	0.00441403559554239	0.0107825958006217	0.0133350128834024	0.0253550373672523	0.0101052181898912	0.00211727764320842	0.0625778590812845	0.00259794059951434	0.00114008664085946	0.0104122284957095	0.0741245300805236	0.00689920445886184	5.96808605935512e-05	2.15075995469276e-16	0.00623511786301984	0.105427615374396	0.0315969601424562	0.00775532251398786	0.00165149433061221	0.00359831899317801	0.101597618967695	0.0192730193490223	0.0093682946075317	0.00482069484578746	0.00701128499644162	0.000120440942959616	0.00476167312629746	0.0159957623180462	0.00531414312770756	0.0507745567379641	0.00365472487153455	0.000561318208520609	0.00560285674213376	0.00334596536616512	0.00232693395711947	0.00300271520025726	0.00839622925891072	0.0218060462933433	0.00800492217680874	0.0217955107811136	0.00876112570508715	0.0820016044148865	0.00185987066990162	0.0663163940388519	0.00181623468797692	0.00379826276643566	0.00396846663781442	8.53319308162067e-05	0.000295977813617482	0.0145124452708698	0.00565178873898571	0.000869887634562485	0.00301560166613359	0.00023655412118895	0.005461116965979	0.000792945005361281	0.00648095110356115	0.00485215454761116	0.00313935194773463	0.00097539761719889	0.185760951058777	0.00441042140427866	0.00700065197817773	0.00141399780733323	0.00385870864888733	0.00869702981186443	0.000525757454817842	0.000123886442234753	0.0161447527216367	0.00446212986481811	0.00799084520489643	0.00925880920182672	0.00172473122470319	0.00458973285079839	0.000595004227118172	0.0514160767366037	0.00678960822033262	0.00452518847661356	0.0294901072993613	0.00881789294431846	0.00341187540685569	0.0315059557054769	0.0286227212180207	0.0457455571847797	0.00129497105576818	0.0143862591858273	0.0228489101764397
G[T>A]A	8.26511515891807e-05	2.08617063328037e-16	0.00734094784121757	0.00920713995811245	0.00383342145600993	5.30405804355548e-05	0.000340540084755967	0.000481190862261582	0.0019563358261312	2.60683992131629e-05	0.0132743467513994	0.00289236908591266	3.54096979001643e-06	1.91117710260801e-16	0.00200525052893476	0.00157737395788468	1.49755367564567e-06	0.000870494755295427	6.51472953971854e-06	6.19452184815014e-05	0.000531414535082506	0.00104526338310889	6.32691443492813e-05	0.00010164083414601	0.00161512774549333	0.000197996688527524	5.74594562161694e-05	0.00122083823852885	0.0544206174538074	0.042637835786237	6.43384376485192e-18	0.00161443916374714	0.0374046789637088	0.000820938199741223	0.110056790932164	0.000148353892099456	0.0034550322903197	0.000322030037013715	0.00191858168430384	0.00908639670231658	0.000815859565580873	0.0223429624356859	0.000721571782716473	0.00087854880989392	0.00124928652777397	0.000907577964195027	0.0052387919054213	0.00319490973307974	0.0056545416402565	0.0039805629605009	0.00262898481209743	0.012321278172009	0.00669308859427139	0.00125104512777646	0.000296557534552288	0.00627369139169693	0.0170227477155703	0.000109227211091999	5.24227410032184e-05	0.000705882758232528	0.0209878251937371	0.000484019581570448	0.00468857251605075	0.002407150306873	0.00271706632996791	0.00043459284061708	0.00378236016394373	0.00216274463159931	0.000292925506216285	0.000128806952510592	0.00122502191888549	0.0197620461802031	0.00133797051143132	0.0099548577800138	1.20713998699132e-18	0.005932570274686	0.0436749055346651	0.000244148650733596	0.00583770037109632	0.00618965281966672	0.00581521718763047	0.00512800016656327	0.00265116458878412	0.00335621138124974	0.00182734707769944	0.00949040546758819	0.00224150431823628	0.00837246501973873	0.000485415934625558	0.00230035332761958	0.0170273390908486	0.00456015317462275	0.000146031899539896	0.00343385790736751	0.0182831500788257	0.00767772729617004	0.00090026749779228
G[T>A]C	0.000115249414536748	0.000107549459773297	0.00682539427788142	0.00315482301626179	0.00266742493344033	0.000446543339970131	0.000166936052186152	0.000205518730384861	0.00225269303417871	0.000108092815099912	0.0122861461744087	0.00203059078226679	2.09352332123766e-16	9.29233206639338e-05	0.00637302229346096	0.00300144035879184	0.000320471676320423	0.00167395385029178	0.000110923511027966	0.00257314365522867	0.000537535068672439	0.000593307830931222	0.00292261673517442	0.000318077924365963	0.00172742893917155	7.15592674428332e-05	0.00232276004648317	0.00298516683000797	0.00909184365155404	0.00457174579570737	0.000126350168293193	0.0021206479503599	0.00530459105918344	0.0010580958164831	2.06420420963146e-05	0.000132434935244773	0.000697451268724586	0.000156333045153758	0.00257868563886019	0.007456814714261	0.000319976014777377	0.00249736041337416	0.00491036816947908	0.000552829255986504	0.000737876993000142	0.000998916576719986	0.00326265294121208	0.0033241701501501	0.00461621071464061	0.00335246188501036	0.00226749571652278	0.00165794851785807	0.00126406235196697	0.00223360141756213	0.000553459991248308	0.000902551575976565	0.000212874114352028	9.1430029408417e-05	8.31545998102598e-05	0.000888564882015476	0.00347597585148459	0.000323431765298043	0.00249645098354584	0.00815052582903345	0.000181527934498862	0.00215208953433991	0.000595074875180778	0.000573968121914316	0.00199599982185883	0.000114072895912271	6.41905947206293e-05	0.00101112726030546	0.00033242224126912	0.00315833798550771	0.00550148915930194	0.00225901533644874	0.000166574872311723	0.000249098887943519	0.00175347669854278	0.00411064552400351	0.0013421911643809	0.00320564994937941	0.0068855455348501	0.00165479781408846	0.00212670787342748	1.75942795908524e-05	0.000517552844432289	0.00848295473549269	0.0010660694976876	0.00170053692228941	0.00340439354370873	0.0165733582226619	0.00508782511899393	0.00189248487513901	0.0021812618605077	0.00583495770822204	0.00184378331113643
G[T>A]G	0.000202210317199179	4.81907066964435e-05	0.00973874718188501	0.010562403861345	0.00346625076746499	0.000163835720321607	0.000198847196380314	0.00048454414793393	2.02680297194086e-16	0.00119875612875915	0.0130624740651313	0.000694435537032749	6.30543045019539e-05	1.54311603934583e-16	0.00164287282101951	0.000444406803482011	9.35669823978433e-05	0.00213578546193459	3.68992125057146e-05	0.000104064510277467	0.00015701894178229	0.00498297465247536	0.000549663483445771	0.000203254157969475	0.00149154233033076	0.00041108398187861	0.00177812679527715	0.00062513490510724	0.0310085158359401	0.00353767136574436	3.88364640945879e-18	0.00206737415649463	0.0318697293431874	0.000514694719850507	0.0012682988865519	7.40474625719346e-05	0.00297671078715045	7.79384240744362e-05	0.00470435642763727	0.010933815717459	0.000672564362924062	0.0062000903609232	0.000910072963435471	0.000943119131507631	0.00094729630604488	0.000992922920841024	0.00568817478746693	0.00371615441264452	0.0055160689864914	0.00473919319696069	0.00130276453951932	0.00644159216101499	0.00393503245360241	0.00192444227399716	0.000822094842440216	0.00199297664818276	1.12552811037587e-05	9.70109769888427e-05	9.24416403911259e-05	0.000154942669663205	0.00356362674284129	0.000962096664128466	0.00336878602274595	0.00220215968801877	0.0112850036075464	0.000364265145081798	0.00225606353070627	0.0172092803903567	0.00046838784558771	0.00034348859235286	0.000303743589310515	0.00325817750477791	0.00262688235414433	0.00582252943961585	0.00281207368205377	0.00752863855520874	0.000139327229009872	8.57179739501021e-05	0.00502543128599903	0.00383861191631368	0.00184345460873144	0.0045687779379326	0.00743319141856922	0.00169277298465399	0.00359667409225247	0.000675498783946996	0.00338495402010797	0.0132097073004799	0.00110061608224513	0.00116678653245901	0.00248487981477358	0.00363401036364031	0.000439900139999609	0.00167819250903241	0.00929670703965451	0.00311428950700149	0.001616119328111
G[T>A]T	0.000250930189409164	5.61264419325498e-05	0.0122184315747528	0.00526618128289956	0.00321321125845437	0.000246541919062933	0.000248261309722078	4.88676123058968e-05	0.0219308943953529	0.00920378235889536	0.0278402038666907	0.00266938241596191	0.00043541197721424	8.88232327232725e-05	0.0129052896022957	0.00669952413335307	0.000152576500708367	0.000921234685327575	0.000332543227506187	0.000879358977094964	0.000834555344919029	0.00102621402858381	0.00449177930548104	0.00157668771405276	0.00333676716592236	0.000283233805603009	0.00424733973629824	0.000934060007336838	0.00920757424000652	0.004678963830772	5.67527511171992e-18	0.00128693359430288	0.0199402969619347	0.000835367752563423	9.56244583151363e-19	0.00039586673348082	0.0010296857605452	0.00017860598505338	0.000761143452561599	0.00608340114435244	0.00169358077977371	0.00840333511446378	0.0027497265664524	0.00106822768966571	0.00174355889345921	0.0017865415744258	0.00412701166950289	0.00481295818162243	0.00655331768229177	0.00610970311800272	0.00487229494906388	0.00318801850486388	0.0013554144165975	0.00327646108815016	0.000481637764077251	0.00117906423466885	3.33444950859732e-06	0.0001854223462705	0.000130260192677841	0.000724113860791904	0.000143500732800242	0.00071567347942122	0.00313042959905269	0.00182592025814457	0.00546923837327916	0.00530848441899147	0.00860507512887812	0.00276488780790511	0.00165712891367122	0.000719142230433065	0.000144615213528968	0.0127679026487418	0.0026802059698139	0.00703590411195941	0.0173019606471372	0.00377968648770868	0.017804365264567	0.000620315027493248	0.00408350416705999	0.00531780896643153	0.00711038892991415	0.00273821575475214	0.00543024280495895	0.00545971597576929	0.00388684516613862	0.00114945171734943	0.00157847334101115	0.00375901051082231	0.000406161129927106	0.00157441408227899	0.00539684983090022	0.0102406665078053	0.000641726781059779	0.00240376384024553	0.00878171760840042	0.0115544855012973	0.00181656554083605
G[T>C]A	0.00117525476742613	2.29362674969725e-16	0.0114090877775194	0.00318393858446616	0.0161924500447639	0.00294023699548645	9.43018832398392e-05	0.000267538729010507	2.75985838534452e-16	0.000967302128972037	0.0029644863594771	0.0114239874779006	0.00258775753120647	0.0139133632930537	0.0147640986899109	0.00272706932160977	0.000866165940659131	0.0823813229110412	0.000306800970927859	0.0129893754735278	0.0147494413639627	0.0025184783038698	0.000132462809427895	6.83353248652912e-05	0.00078576513966084	0.0010987973116788	0.00313738434738222	0.255829167545244	0.000803336542051623	0.00680349030400165	0.000246489503939889	0.00418308465721549	0.0198805469095797	0.096251608706264	0.00525805307752295	0.000690391751006929	0.00119606425378998	0.00100620036378871	0.00502918713514733	0.0103877605447928	0.0135102458160423	0.000140924385621966	0.000625146894723344	0.00256845414132946	0.0366670190684587	0.00189956630028453	0.00867447035531688	0.00541104284366772	0.014017053304126	0.00689749426467209	0.00751757501671002	0.00657007709785137	8.92852250365471e-18	0.0320148632009706	0.000710784086546284	0.0249895541419375	0.000487773557703346	0.000145030974192241	7.53611505845837e-05	0.00146309745293041	0.00133472622977065	0.00245764751725678	0.00649854941135367	0.0129486650420719	0.00320854019457419	0.00083047976409175	0.00482035249153304	0.0025041733427197	0.000896701786027324	0.000988713156895319	1.22591896902788e-18	0.027211579200442	0.00519659547481628	0.00350356688902562	1.32718221636494e-18	0.00566866370925202	0.00404190193730881	0.000168085491812701	0.0333345213701334	0.013426337422707	0.00467395992118189	0.00307271340491178	0.00238222593899235	0.00367559380517475	0.00568177036237723	0.0131219329341139	0.00333285446171843	0.0315299269505162	0.00867421016442001	0.00894498876506959	0.0471105250801154	0.00911124943243573	0.018382393049047	0.0096440828731032	0.0740515206439347	0.0155220740166811	0.00425535212053769
G[T>C]C	0.0018662728311783	2.47313120408762e-05	0.00565819859400972	0.00113691350814523	0.00800189110986882	0.00111442516433829	6.06753386063387e-05	1.95997717033673e-16	0.000461519295390527	0.00246172187544945	0.00262153753420139	0.0102990773121334	0.00648245107404608	0.00442711380987454	0.00617311980114059	0.00269442270365329	0.000808034556940405	0.0309108861812235	0.000170736162260953	0.00677722799488558	0.0116391853239958	0.00127672309656756	0.0140816070826654	0.00151170986255855	0.00220113649011463	0.000374992305044861	0.00225447709288353	0.0667478729877412	0.00121519654464878	0.00124574125236804	0.0004147593802387	0.00362131709542507	0.00403760635428871	0.025087184255561	0.0018920466126854	0.000724320157391657	0.00348902444918497	0.000524137186480863	0.00640093948513016	0.00764979539581929	0.00771618397159406	0.000732944857526366	0.00197109740069056	0.0013485363214856	0.0190760002293691	0.00211805801554864	0.00702134518294293	0.00286389682503756	0.00341561593309541	0.0043590405326159	0.00407151009655298	0.00327909641216102	0.0228840991506956	0.00120704818006301	0.000543642442314443	0.0571567372802299	0.00111889111309508	0.00010457567350974	0.000151637034507073	0.00500558891738969	0.00225327786761945	0.00182699295886317	0.00679060914674057	0.00441573046425014	0.00341983311312555	2.72605379312246e-05	0.00250960723481968	0.000786287178937062	0.00352448215735657	0.000723998605200579	0.000931602802488226	0.0128366941201576	0.00703320087305316	0.00397892246153499	0.00403238434339791	0.00162038178921854	9.991972397876e-05	0.000116564367004628	0.00268979020898645	0.00290505367335467	0.00112684718594984	0.00486392779351933	0.0140071808368163	0.00248476916103099	0.000702422140697376	4.58145388249863e-05	0.000248783260390397	0.0120868635372393	0.00554891916177165	0.0051826593072067	0.00708180557899618	0.00844550888808579	0.117026808775234	0.00130675888862491	0.00544676800513871	0.00647572704518589	0.00394102919801998
G[T>C]G	0.00102283504999719	8.59588462626826e-05	0.00973248207694411	0.00203231846811912	0.0134543106898148	0.00218923312972602	5.2836012803908e-05	0.000415563705062007	0.000225285954319648	0.00242706950769036	0.00250241358972964	0.00591407523737778	2.04856029048452e-16	0.00102016571807675	0.0115229023613633	0.00309509639363223	0.000469129018574625	0.0375564039762061	0.000162811775967231	0.0101453027760038	0.00531348646429136	0.00408687605577253	0.00300283991202684	0.00090593438272367	0.00345000435045528	0.000857311470038875	0.00360463528621549	0.104835361635429	0.000510949563463443	0.00145550307104379	4.13039598287004e-18	0.00235766967582932	0.0118897249134952	0.0641029858426318	0.00105676635676764	0.000802801406587591	0.0025862992214225	0.000421101978015203	0.00444829666012989	0.00853940370665841	0.179040172893316	0.000444313746493846	0.000165060652798929	0.00157743197720852	0.00916996091746766	0.00163201322664746	0.00520608183179972	0.00294948773059833	0.00557013152125739	0.0071010850465484	0.00340086248505098	0.00283027881505309	0.00111601224994302	0.0160217797650716	0.000769916982037809	0.0311758053452713	0.00283218182930699	3.36757212138958e-05	5.83246349155949e-05	0.00307216777047033	0.00402857800497476	0.00072498187914144	0.00231616899720044	0.107345112756694	0.00577056368508297	0.00146611109587774	0.0046037338667854	0.00995881219837198	0.000972619945817693	0.000507378793638042	0.000189495832191919	0.00636175286842221	0.00244596288252275	0.00360222488260646	0.000598148060626771	0.00636506221659588	7.41084976362826e-05	0.000110926152389057	0.00825375003367934	0.000190653353391478	0.000834604708225737	0.00645796872122649	0.00393508623562458	0.00261299218274553	0.00582420238959123	6.65096856063748e-07	0.00210703507636778	0.0171299177198508	0.00510507130733961	0.00357945186387176	0.000788315412467527	0.0245906341874843	0.0303545506247557	0.00606216843097179	0.0273662654095507	0.00477603965202229	0.00192339967951356
G[T>C]T	6.70693971768131e-05	1.08067964345063e-05	0.00980143413742728	0.000696758962483869	0.0132246168157574	0.000871257352933197	0.000636483775888466	0.00579114523527839	0.0073885429084383	0.323197817023348	0.00602831352098257	0.00994550340177665	0.00523028836458841	0.00914917032271552	0.0102967699557057	0.00204260502941134	0.000213290222934271	0.0450930103728815	1.99487898645461e-16	0.0111168741839056	0.00563186951527345	0.00246633119147077	0.00474337638227936	0.00141900807869898	0.00293859289962632	0.00228481090557286	0.000886697613548566	0.128252520700973	0.000797029678657369	0.0019709831089267	0.000759375600491152	0.00379172584220844	0.0135596252415767	0.0534847143616108	0.00346734840972093	0.0010058016856592	0.00144288459617556	0.000402533427494254	0.00437664704987277	0.0123235124014255	0.00903840338543726	2.41359846772232e-16	0.000391548092584123	0.00244495574330371	0.0401574657893541	0.00286466787852199	0.00733046233664715	0.00777019236686558	0.00676632996209612	0.00670938688261427	0.00405624140885141	0.00226785079685664	0.00051845299148939	0.0110631792204187	0.00126982558798984	0.0576931166760104	0.00313647861382903	8.54125853065219e-05	0.000168328250742612	0.00104267575451297	0.00381262128080881	0.00265481159134445	0.0068061230390037	0.00516519267689811	0.0130198687135192	0.00246714671352345	0.0056263316454292	0.00195042096986253	0.00126329703397017	0.000760087746324397	0.00377402934482021	0.0573013580260523	0.00839566220871478	0.00640051292238925	0.0148056985166034	0.00383021150485968	0.00137145081112793	0.000125729564262329	0.0121567996017816	0.00581950941088587	0.0101857307832249	0.00286060168554209	0.00388992388283596	0.00406059848732095	0.00523173941487202	0.00324920443868894	0.000694680525069574	0.0102606374080633	0.00816761673801473	0.0100215776560427	0.000386880557379411	0.00219355270569213	0.0110425983313915	0.00412256542129513	0.0417823806580614	0.0176299410858049	0.00346665006992746
G[T>G]A	2.41406939522548e-16	0.000207948468242068	0.00488789368082026	0.000635106762703609	0.00279945217952337	4.8114874380833e-05	8.18656407686967e-05	0.000314258212042763	0.00298264123423007	8.75023309942266e-05	0.00144486230927962	0.009634694309719	0.00023211887851271	0.000440391291627488	0.000398053261278304	0.000426432017088295	9.90784475523208e-05	0.000461780375731849	9.06928790191543e-05	8.89449798292145e-05	0.000224522531103169	0.00106673494522882	0.000515670063489647	0.000312165095759923	0.000934024229984718	0.000708607340514477	2.44001053737324e-16	0.000317388346878248	0.00171371374837613	0.00331435188131426	6.84262150540661e-18	0.00117019394883288	0.00609905232393296	0.00152764037953121	1.06453045885678e-18	0.00157779636806874	4.80941945156311e-05	0.000195708942710083	0.000326476597431588	0.00126430721693834	0.000622384246697434	0.000456490401699908	0.00188375860195779	0.000196429207532111	0.0136332164069819	0.000544772369242778	0.00374063822688141	0.00113968818667812	0.00383163646526644	0.00161633209977852	0.0021600150511066	0.00124489129603942	0.0703770899169558	8.80680046824589e-18	0.000462585339911906	1.0938186499466e-18	0.0248934093450214	6.82331988116933e-06	7.31210897796463e-05	0.00889185584070609	0.00239625752816979	0.0011100990298195	0.00490802437792924	0.000186787496122747	0.00674262779560535	7.39675825736017e-18	0.00169121427056446	0.00896727454893368	0.00150270464481411	0.035441646279892	2.24131376977338e-05	0.00938718701426707	0.0015768941891936	0.00397291498254572	1.28383627842308e-18	0.0138572524640303	0.0075795232442847	9.55709317704522e-05	0.00060771648719425	0.00426036547465461	0.00139513791151499	0.000289852759650114	0.00605992036956836	0.000939621696874124	0.00527480659759413	0.0260234162041047	0.000221395894407164	0.00195391813135623	0.000996270857294328	0.00630942555011245	0.0114637407231747	0.000297913441602754	0.00883200517934566	0.000428974420843499	0.00426915412866712	0.0022563536884424	0.000878184513972727
G[T>G]C	2.03395586021323e-16	0.000111494500922864	0.00218025360992943	0.000226390454895083	0.00160051738728278	0.00019860947664954	9.20778091617604e-05	0.000263135962519907	0.00168209066615856	2.19793407113993e-05	0.000609607743982449	0.00572146781234907	0.000798577183160419	0.000726669026880261	0.000585918715371093	0.00143775151516883	1.9344541118531e-16	0.000201145259627624	1.93427555528162e-16	0.00202109111326665	0.000540486081232274	0.000897773706670822	0.000179055942652772	0.00584991153022891	3.3446212551257e-05	0.000659926172854971	6.15817670226907e-05	0.000498360137723379	0.000214797134229559	0.000420758877185124	8.01233706506745e-05	0.0014097988956935	9.26037238063234e-19	0.00113678298536781	4.55631328776369e-05	0.00221177937981659	8.27575116501935e-05	0.000309612170635554	0.000789018529793891	0.000685453928787423	0.000574927836754774	2.34027454701784e-16	0.00457206364045677	0.00028000874502823	0.00667778136853828	0.000855149529898422	0.00548935387020907	0.000937368927409204	0.00296661346008952	0.000747166096761885	0.000960504962642324	6.48504511825375e-05	0.073367490992417	1.76807140418917e-05	0.00046061132285939	9.2158860779626e-05	0.00991486484218426	0.0001016402928712	4.0729999664892e-05	0.00828673957995369	0.00488603931657077	0.000464342373270164	0.00164275814601916	0.00141638841964703	0.00320617936920231	8.5227438736874e-07	0.000174043828472908	0.00251843638726344	0.00169841628477807	0.0304964335019443	0.00122839645539779	0.000821834988154209	0.000654340854738605	0.00117527227457749	0.00187250969735124	0.00116208101072526	4.63995086215482e-05	0.00111207454947297	0.000273671964729493	0.00259557934386355	0.000581727444574491	0.000382423033530889	0.00323576620685205	7.90302776046659e-05	0.00200276145037565	4.2360489580617e-06	0.000134876802906291	0.00128913563690884	0.000408941583932495	0.00308714306698464	0.00388907100409784	4.58310718238617e-05	0.0324021485123855	0.000759583309238766	0.00177819502367956	0.00126083970552061	0.000815875058854992
G[T>G]G	0.000292086988921789	2.861419910034e-05	0.00934408270839802	0.00200061145128895	0.00456414144726586	0.000235065591582578	0.000227546583049	0.00181765613373338	0.00562182668451139	0.00344544799616517	0.00339434869141916	0.00357240861827004	1.96680729911373e-16	0.00122786538948894	0.000533814735162563	0.000168247077816279	0.000104372321777492	0.000430953723910245	0.000341487284548251	0.000691570440434879	0.000297512146998574	0.000618820674331606	0.000674315662961382	0.00127453033789888	0.00485197052131701	0.000440483084889638	7.41256804640344e-05	0.000183237607206679	0.000379950471198678	0.00107546747813378	0.00013311578389694	0.00265356081771597	0.00740286523846871	0.00203132428363469	0.00390989627859799	0.00330025761021329	0.000639457200857321	0.00111363212449393	0.00212290008194878	0.00256526352085377	0.00450082885216967	5.48000837338431e-05	0.00335200470681256	0.00125932310266009	0.0088040103817483	0.00180987650589718	0.00672247966445236	0.00146903971597377	0.00278478797110023	0.00255689432886401	0.00111628793643124	0.000347073091800167	0.21518790198135	9.15829204653603e-05	0.000145882096210681	0.00101750671288889	0.0238583994914924	4.59014721753542e-05	0.000126140841685498	0.0279055859167676	0.0646330964407504	0.0010433127302452	0.00410869995289619	6.34445527171008e-18	0.275630942574805	5.733926719973e-18	0.00080627754411513	0.0201564239375088	0.00216877620179044	0.644961041128774	0.000195579431001912	0.00183964573241377	0.000398134051647454	0.00282531544171043	0.00287138722998776	0.0408116304710121	0.000213399436264957	5.39008300427292e-05	0.00132162434567754	0.000764756120613483	0.00166962155391833	0.00035646458874736	0.0190114536507479	0.00193023848390033	0.0068203409392278	2.66209360889188e-05	0.000485225899992271	0.00394820027720553	0.000304396671451034	0.0004906668009183	0.000556544229544317	0.000186247305328283	0.0270723598870748	0.000499553034422881	0.00229680684506379	0.00167897165059649	0.00201230230272161
G[T>G]T	1.31856271225334e-05	1.8509934509506e-16	0.00537862244173784	0.000223279711428731	0.00217792751629065	0.000726617167901436	0.00062916667434898	0.0014853819763762	0.00677261226491146	0.00667437243297911	0.00118699253654786	0.018787311418771	0.0020978544579105	0.00394136499723965	0.00698997254506401	0.000857847658601007	0.000133062173717246	0.000154285897720197	2.4932997025244e-06	0.00214417586457731	0.00128257524422953	0.00235803961960632	0.0062922786529164	0.105653883170349	0.00191670692894801	0.000316960791494047	0.00326580836650335	0.00239787775579203	1.79963760766322e-05	0.00100024676959855	5.27083074272468e-18	0.00244518620656266	0.00253952345085749	0.0056280634652063	0.00204177132436377	0.0233756172249302	0.00102780569503251	0.000138955609123357	0.00251760817498046	0.000719992143033035	0.000403052748963813	0.000435088721208555	0.0029913025454753	0.000433158424912629	0.0164822116693661	0.00301185461487235	0.0055666118364805	0.00176656234240838	0.00747515598605874	0.0016493385457641	0.00347389576946215	0.000838141581864099	0.0716856083721405	0.00267934088353357	0.00043503423452741	0.000547519538119478	0.0834482079777542	8.56846960840662e-06	9.41963008316807e-05	0.0312298015747463	0.00190782523995091	0.000708108758295508	0.00189771791267297	1.10895971929593e-05	0.0014286032959778	0.000104662817337319	0.00285206891902478	0.0156666690598172	0.00759325338239072	0.0496988298271941	0.00132578867157939	0.00297800984634855	0.00208154822737251	0.00231166451436225	0.0142148395857296	0.00341517336917072	0.00286408977914529	4.26552584510834e-05	0.000183829484258349	0.00584294548029611	0.00193069706718712	0.000389642297464258	0.00121204976256818	0.000758940622799578	0.00336615712025359	2.47171365707525e-05	0.000173064458304724	0.00248791905827231	0.00110227921504164	0.00304054689798705	0.00134599781430255	0.00540763453488641	0.141638297082994	0.00253940664115038	0.00982625639374341	0.00248623306400533	0.001550565806118
T[C>A]A	7.37674033642623e-05	0.000658421159478886	0.00963139393221676	0.0437746428152505	0.00904250534445126	0.000408010776356053	0.000364782793051786	0.00292196964759992	0.00313865589266099	0.0138086073420459	0.0340380890599087	0.0204363103684958	0.11076474533468	0.000422885406615023	0.069875675342033	0.290951479015448	0.000193062145927763	0.00403934736217506	0.0846009538977509	0.00041048507453444	0.0197009471307191	0.013227188982311	0.000204981006781192	1.42666756736466e-05	0.0820519599434224	0.00159228633109675	0.0019472753625765	0.00167791799352334	0.000885491912467277	0.00618964450668941	0.00241264494191829	0.0337507948442148	0.00789809810231094	0.00108317161765942	0.00780194869131757	0.0201429261193677	0.0501466729908319	0.000750335093091898	0.00206864207186176	0.0110780004171853	0.0132014973915559	0.00553045345681413	0.00584139902756626	0.155041481032844	0.00239298518799372	0.0198130572430535	0.00695658993996045	0.0308929245227649	0.0277521003502637	0.0130875665150917	0.0041134471988819	0.00576753754758393	0.00751492062536315	0.00101323374081491	0.0696807510994256	0.0139329844051712	0.0198035071209579	0.114750767013202	0.0377153807971036	0.0201799755671056	0.0404530440131941	0.472057671323966	0.0030984011370118	0.000761235861174352	0.00214283606741128	0.24958767808842	0.0178895881854563	0.00848102024919837	3.00004263882196e-05	0.00262911621348988	0.00255882989382522	0.00245494844920575	0.0100197678046854	0.00467122837516205	1.32954597425968e-18	0.0177004259112861	0.00248975637140803	0.32799690281063	0.0169757978207665	0.011668599385397	0.0285129249663522	0.0669876906904604	0.00936715025403751	0.00469423300632614	0.00411414635570981	0.0184399290879319	0.0563647224364407	0.00804019914089379	0.0117056289764149	0.0246663276559124	0.0205788523166696	0.00273940869687144	0.000738663089786182	0.00727140594822079	0.00812859036521517	0.0202898936931711	0.0227376017294051
T[C>A]C	0.00334467748599472	0.000206523956944087	0.0226840456890254	0.0608177626153942	0.0124380878249695	0.000672928969211552	0.000701366779743299	0.00418156125318145	0.0208520863247717	0.0110821698077828	0.0338018667051659	0.00348663722453755	0.0138511847554825	0.0042480466444778	0.0116941422685199	0.0190832572145896	0.00118616859604485	0.00394132677500831	0.0371204772987359	0.0338916518046863	0.00784608239155317	0.00847617556978691	3.29399537835781e-05	3.02499054567046e-16	0.0571527514080478	0.00153722827745687	0.00452459102905721	0.000319777730639184	0.00231283007403379	0.00671232038824184	0.000886747633141399	0.0693031793231434	0.0136861501142144	0.000857734408269758	0.00814620892129096	0.000750659072274141	0.0537605332060911	0.000308866102541819	0.0122996669514081	0.0124704552511332	0.00668367205340664	0.00186299207328159	0.0301881331066459	0.100083883410365	0.00224297932715253	0.0151772858575147	0.0107804226836039	0.0388847122320508	0.0178889640261671	0.0105106266949484	0.00252013945818982	0.0719999314219619	7.55063506885375e-06	0.00310907795402818	0.0824111419848759	0.00948233825756922	0.000112065525286167	0.00413514913271967	0.00690655611663512	0.00110947823488417	0.00382091236356829	0.0561359386773405	0.00498018777869352	5.43243011662206e-05	1.20200143016851e-17	0.0177366264550005	0.00104575230952733	0.000582044017512122	0.0301322575012305	0.000250129420184021	1.31183986289982e-05	0.000252210351683987	0.00544827294140627	0.00574598894127628	0.00361811868898172	0.02225420714826	0.00114280966951099	0.0523963934949987	0.0172961812134899	0.0056158537458887	0.0270430418916424	0.0549331933776776	0.00415422833165721	0.00605939156874129	0.00872553731759689	4.64518112084006e-05	0.0686902385750082	0.0116459893787451	0.0119759474920489	0.0105634372613159	0.0172855343606415	0.0030043285516607	0.00140162999897032	0.0263514751267968	0.0049638328545228	0.0210235278501273	0.0194893944291459
T[C>A]G	2.88363667928604e-16	0.00010137638344645	0.00186255577457107	0.0138281186029223	0.003052046451917	0.00026439283524239	3.70888708543496e-05	0.000348655148130396	3.18901585762731e-16	3.10214282952447e-16	0.00250322293140443	0.000617036125116079	0.00157662609062113	0.000626670593325885	0.00355861924797143	0.00997541317599173	2.74256828304549e-16	0.000676114520092192	0.0149461943592705	9.65623956461111e-06	0.000101575516302662	0.00210487930370197	2.76220060308733e-16	0.000126205620211308	0.0162867103028217	0.000379300460022981	2.9146237044096e-16	9.05432709631384e-05	2.93931130226799e-16	0.00117127010286065	0.000119209194402289	0.0127893217188264	1.31288736314265e-18	0.000163831664303128	0.00184304119488684	0.000209590702140078	0.0222664007133111	0.000102730617547423	0.00122510389791382	0.00312552174314206	0.00175304812432186	3.31791935871837e-16	0.000121116525990601	0.018644176448773	0.00154569971953285	0.0030729271407767	0.00403885911589493	0.0070409148141457	0.00202592465659051	0.0024758021717945	0.000296719071238908	0.00117919590916374	4.22305356930131e-18	4.31477626808855e-07	0.0229816404624416	0.0032664508171466	3.23093408348494e-05	0.756793203638411	0.053551878179585	5.13306929939268e-05	0.0059338411378021	0.157245763068804	0.000598316984746713	0.00108672669042813	0.000140743167874868	0.00717742722391418	0.000321785791980526	0.00362360130200302	0.000925228278764626	0.000307757668861891	1.41654914366485e-18	5.81071585681117e-09	0.00145449389863064	0.00426722702359587	0.00088491557285397	0.00252926161102744	0.000109638010980827	0.360801651801659	0.00315584689573452	0.000237728408341859	0.00339790779357085	0.0152255920853155	0.000274357757544232	0.000734814203039921	0.0334643800963288	2.14487484878667e-05	0.00985014282824317	0.000357147146075164	0.00217416736826025	0.000812542924959224	0.0015424635128063	0.000510696176718521	0.000159806848921405	0.0020048365106415	0.00100595509716398	0.00268571154035551	0.00316355305603508
T[C>A]T	5.49297732382452e-06	0.000377787924879964	0.00951437405297001	0.0378513577520924	0.0121748006976985	0.000713402449907235	0.000477773796167432	0.00118382861874086	0.00387118369790105	0.000192784023386492	0.0303620760981732	0.0273468992785365	0.657870450984928	0.0644717761442355	0.18265642467411	0.320058385131148	4.23036283963134e-05	0.00227295956624766	0.031678777048621	0.148846024763589	0.00768327600067655	0.00944011800263887	0.000258907013169823	0.00246374843453729	0.113027548538346	0.00132682316181989	0.000857810971807631	2.12609787117857e-16	0.000374291717264729	0.00585828410111922	0.000226525119739671	0.0215176313323815	0.0233286750709053	0.0013471444770882	0.00900804913730745	0.00065378345463626	0.0379959571714096	0.000597391761824035	0.00416112451382252	0.00914571046777398	0.0118325421476614	3.45507621910387e-05	0.0141315413002926	0.19058293345487	0.00243271819751329	0.0259307399527642	0.00634933712816744	0.0222906479724419	0.0167815073305656	0.0124667781182478	0.0061097271447501	0.0257261494419349	6.47933765644156e-18	0.0164308741284163	0.0562492082410117	0.00283173214990662	0.000187477569462005	0.000144200377031996	0.00835838790469523	0.00163730871731269	0.000349362459802891	0.0517128881500681	0.000842240807275368	0.00682680247623005	0.00416636783952083	0.381765744100817	0.00645277928935334	0.0140958038221755	0.00403787500838183	0.000440328369162225	0.00123189363347973	0.00216466004312186	0.00885736399497066	0.00401712898412345	0.0115071874297331	0.0175361955035875	0.00148869312340407	0.0626133216481473	0.0125619997178912	0.00860070994961057	0.00767471719137513	0.0523658188823035	0.00949411101100092	0.00670955344116718	0.00283871043449289	0.00322228274427018	0.0516825697661354	0.00723010413976901	0.0158086444864162	0.0145347958276983	0.0213077919130283	0.00678929220576465	0.00333571798852412	0.0391993609002632	0.0106557592019064	0.0232634687094847	0.0156115774076939
T[C>G]A	2.7169925906292e-16	2.497126473278e-16	0.0165534984803387	0.00427924908518978	0.00976477521247507	6.18707231166413e-05	2.26536374237397e-16	0.000278135397217404	0.00262597045500233	0.00492336089398322	0.00182478349848576	0.00351439749074987	7.10686264956834e-05	2.28766087582244e-16	0.000326480522554819	0.000147625349498245	1.81583752271444e-05	0.00122236451928047	0.368937175940652	2.53156401230579e-05	0.000266389883602888	0.00334089200665998	0.00439679597460271	0.000200048921985979	0.00258577879426499	0.00219444698873325	0.000159648825162424	0.000816846685448385	0.00436981724045194	0.00651796489629066	0.000259741264386631	0.0046157689385641	0.0121208795652066	0.00164403324566746	0.00343713638711717	0.000176047171246476	0.000129013076711717	0.000148796537957138	0.000478644225358174	5.82851366781443e-18	0.015673447682465	8.70260436222256e-07	0.0079866521792874	0.00475616414695539	0.00232759789817706	0.0032359730369989	0.0438702038418986	0.0100274989602412	0.0109484501106426	0.00770299154705159	0.0268767051569239	0.000687032680831573	5.72873057165745e-06	0.000868801163654808	0.00390473740179168	0.00344700615697678	0.000175743192986465	0.000137784172262841	5.97614514923981e-05	0.00107579088913888	0.00252453717928345	0.00218920914329366	0.00471675110902806	0.00579976974881474	0.009449079504446	0.00139959515980536	0.0030998753549334	0.00266382188335391	3.23289747294723e-06	0.00074827154130998	1.33468739499889e-18	0.00130080052380878	0.0537047005183977	0.000810564190232663	1.44493512197925e-18	0.0274636689430647	0.000867520125113989	5.21001880952275e-05	0.0241677251052267	0.0164252291705958	0.00748023621700426	0.00622215952608531	0.00199615390482501	0.00240216910555991	0.00670823771011276	0.049943372460608	0.010760019907433	0.00320496512621636	0.00160695143809778	0.0649741875473447	0.00664728063913872	0.000296510263703942	0.000983219541680857	0.000280455230876919	0.00100589751207527	0.00380573189692719	0.019571177239971
T[C>G]C	0.000291658538446164	0.000130307941363993	0.0297887475801284	0.00838531791770492	0.0112032199862939	0.000165944751858797	6.09633634617809e-05	0.0020914895699311	0.00735710670041196	0.000912610856853948	0.00196117700882453	0.00308068013057468	3.36672665475099e-16	2.69717856817064e-16	0.000588621037598259	9.41475209817916e-05	0.000307848118295643	0.00230529586088837	0.0871334566121507	0.000227364705631699	8.98007759172726e-05	0.00820745589707847	0.00099945021494817	9.11071836878454e-05	0.00661018428488632	0.00461274498736805	4.11286632896665e-05	0.000929202041380703	0.00219575091999335	0.0080112980988766	0.000386063864393155	0.00809776137034664	0.00476841283586251	0.00110233558163369	0.0043913028041237	0.000245465212228407	0.00970928887434039	0.00136202678173051	0.004161197765565	0.00160473831089384	0.00356790173944808	0.00023233989741474	0.00799608957247636	0.00339554040491004	0.00170175127242252	0.00312678294633952	0.0547046566311185	0.0113526807942464	0.0263980515681818	0.0148849569634207	0.022611499055779	0.0027097235739131	0.00157428790937162	1.43034746141498e-05	0.00280409055558174	0.00348348002696019	0.00178675655692487	0.000415016489821734	0.000224737726120618	0.000670929477389313	0.00524147150080968	0.00187716534588702	0.00741976097315107	0.000753783961715104	0.00517578971309725	0.00042932786684461	0.00448833629254491	0.00265409268415523	0.00338822018293228	0.000580364058073669	0.000179302053730693	0.00302430864992389	0.0710591337897732	0.00424560226465321	1.70359518081907e-18	0.023906474832774	0.000511408118581596	0.000193059910371195	0.00598778377930707	0.0106758672030435	0.00774255072964464	0.0051684719554012	0.00190428702367862	0.00506570113355315	0.0149947249168009	0.0378754642435885	0.010624781014467	0.00251627064998121	0.00331145177406784	0.0262479396962336	0.00420598297581095	0.000380336254891448	0.0011039926324982	0.000328676083620099	0.000856892214023925	0.00745141099725963	0.00526542531650659
T[C>G]G	8.41313867529637e-05	4.59037195821001e-05	0.000643956330161093	0.00217645941183729	0.00212726851716187	2.41534070557351e-06	6.41832631794042e-06	0.000396587421127682	1.17835095053524e-05	0.00114345556267994	9.65902256248824e-05	0.000525163343450934	2.84121950943208e-16	2.27618014592732e-16	1.3056454023179e-05	2.38113568035387e-05	2.57110816960614e-16	0.000268599760735205	0.015980383801111	2.33985401803133e-05	7.23166741866089e-05	0.000581391217550599	0.000443305982065467	1.92838069781099e-05	0.00108081718023137	0.000550224698294378	0.000152691088806966	7.79230451546795e-05	0.000472509051121965	0.000680912404907796	3.13358759984996e-18	0.00165333742150426	0.00253507218406435	0.000117485760886612	1.52588481713893e-05	3.74743559654945e-05	0.00107610802029181	0.000123569350406946	0.000500294164749615	0.00122744910662696	9.6405625251522e-05	3.11048939858015e-16	0.000185779031583602	0.000359083211890918	0.00111267543709742	0.00133146839038693	0.0121012502243473	0.00114219217204526	0.00201766131447954	0.00303603359095205	0.00259355397064092	0.000253134038686559	0.00189609986191702	9.86215551820903e-18	0.000209562648817732	0.000122489542863907	1.26733986446167e-18	2.82036405707601e-05	7.84149005165788e-05	0.000118294139204246	0.00264665102769574	0.000639165635863554	0.00234653993979561	0.00151341550417147	0.000304954808841652	0.000103416015972181	0.00179918544771244	0.000783937561697083	0.00055408630183883	9.2707039445767e-05	9.57480217347999e-07	0.000232092389447839	0.00586667023238505	0.0329349987768582	0.000829592347013517	0.00442612260312813	8.22269221079579e-05	2.74065368890972e-05	0.000368896125050686	0.000893213340121551	0.00127372810893042	0.000714370329664	0.000767067098839439	0.000279297657011907	0.0780094600487288	4.64993194932075e-06	0.0020960354469279	0.000438270210974729	0.000277585765979022	0.00410003807239845	0.000845394791312518	2.37609933339018e-05	9.39583080344445e-05	4.01460916177596e-05	0.000163958955007546	0.00115795293219471	0.00205863139379037
T[C>G]T	0.00125733237285342	0.000873966923444246	0.0193450930553677	0.00267218156771295	0.0103367979951821	0.00010544864721541	0.000188923245556474	0.000517113367412763	0.0110117929320684	7.42797715743366e-05	0.000204436363226114	0.00486487598491621	4.61579211833631e-05	2.95796615042209e-05	0.000289705263598344	0.000136257336762906	0.000142628357244633	0.00254472955851676	0.284043151723125	0.000272950090384779	0.000143257378661169	0.0250898708020297	0.000219460635386919	0.00124043019071951	0.00254137964243391	0.00133529646645942	0.000916767335003631	0.000567524606846382	0.000316347958740106	0.00532699938224613	0.000379410768576725	0.00331338507421199	0.0134158041103779	0.0018344101788778	0.00168717172200081	0.000144788240190182	0.000267949175916719	8.44662771560473e-05	0.00338959723393275	0.000566323391821225	0.0160281005374308	0.00200161791160979	0.0168908644398687	0.00599902088331331	0.00219310833541206	0.00317822873531255	0.0423948333936056	0.0132271326118991	0.0222196008430219	0.00917540536326446	0.0398403010996876	0.000309709973148894	0.000215212787819863	0.00221141468718686	0.00257477085428304	0.0039897428744218	0.000778282600799613	9.8447618662744e-05	0.000448260947830885	0.000321409674486434	0.00271229578087117	0.00176971034288889	0.00311966356072736	0.000254367990904983	0.00186780692759633	0.000336690468234484	0.0116001552965864	0.0149716261497718	0.00138234212159107	0.00071195559477993	0.00437266562308689	0.00566685756376874	0.0932403641204444	0.0105881942560019	0.00386022475036851	0.0210812918741423	0.00127051131330767	0.000188699654936142	0.0188921088592806	0.0218169732017916	0.0102402763215462	0.00303884360858018	0.00335115584333318	0.00361871257737963	0.00296938700837298	0.0122884151421181	0.00836257534856573	0.0031711250742846	0.00176447953253794	0.132923764389127	0.0337715349071142	0.000133562847521888	0.0017546973758798	0.000688190802302329	0.00153986794716877	0.00766839654621974	0.00802041481757482
T[C>T]A	0.00116681378503356	0.517762917987703	0.00618412923332895	0.00385632905667257	0.0218940036669233	0.0128933598923722	0.208693995938375	0.00624369990508577	0.0202000354078493	0.000235059518528082	0.00539687438569105	0.0048122079271713	0.000404312490934605	0.00242668375661692	0.00261593548988822	0.00140294643529616	0.00983393311255121	0.00600667189903185	0.00695735766540835	0.00392585801644137	0.0284555809575813	0.00730236946867834	0.000538064561471017	0.000116482211720935	0.0118822955240779	0.0474864088572698	0.00861524810170227	0.00387867519323428	0.00168355938428788	0.0076775832111048	0.0162468101035483	0.00254824965500788	0.01184265205424	0.00356166584215626	0.0194218522399476	0.00639138195325885	0.00664610805184598	0.0990454831221943	0.00779896490050944	0.0264705597301538	0.0152882034242846	0.00225844104254855	0.00307581945603121	0.0110299992080808	0.00450919430345779	0.00676863153597913	0.00423145529308039	0.0444447173709176	0.0320551486957641	0.022157881993033	0.0136309690012579	0.00511010920790702	4.15907717198949e-05	0.00155902004060562	0.0024496668695952	0.0196459786196713	0.00795347460752125	0.000185656490957754	0.000200968181668847	0.0193166435479013	0.00180590473082298	0.00140203007910744	0.00623367087954305	7.94584779139625e-18	6.71803830968462e-11	0.00021368394598171	0.00954666324531306	0.00462807911937812	0.000190964220419411	4.96391837826836e-05	8.15137226735017e-05	0.00452580949883362	0.00942407092935134	9.53358259914883e-06	1.24642530777393e-18	0.00998331929054738	0.00244191207538019	0.0335727777250868	0.0183324640712471	0.00947202492037898	0.0100421551785184	0.00984390415442573	0.00791669983554267	0.0626875671712977	0.000547062502427741	0.00155578269719509	0.00536316574963811	0.0074637121559431	0.050423894754673	0.0038017734114971	0.00332754871929146	0.00735692717293055	0.00151276453149004	0.00495357092903461	0.00211065035832119	0.0169990899308327	0.073492084800279
T[C>T]C	5.60059757989706e-05	0.134277431731228	0.0204000738141549	0.0102968326580972	0.0354389639386626	0.016117520230537	0.414653204366346	0.28473906163341	0.0228533891902594	0.00916601147789753	0.000385510928093612	0.01180169807718	0.00435581713402558	0.06159085960083	0.014022790331694	0.00539293082434964	0.226970549502254	0.00410414626402779	0.00642559221999988	0.000217057781652401	0.01466572295951	0.00603640672527254	0.000130894168191419	0.000930669527985351	0.0169755707186775	0.0386339261814803	0.0140163117538835	0.000124222100742427	0.001993137001897	0.0072672638833866	0.0661435043116642	0.0185060828802358	0.00983127181651634	0.00391292743669815	0.0117924368014327	0.00779154351781034	5.36332563297848e-18	0.193480603697598	0.0366432919033969	0.0590128291748184	0.00471001609391838	0.000501322479758659	0.0187052592292061	0.0101027555326619	0.00400623994844807	0.0108393556620193	0.00822651701394305	0.0690229952538786	0.0205134115010901	0.0307332449516975	0.0107688467525486	0.0495284753118083	8.08218133927617e-18	0.003579563834829	0.00294558287728413	0.019115977843392	0.0582259073567874	0.000392898709036979	0.00089357862521341	0.147940574377687	0.00268622999185017	0.00208475668396433	0.00896786553512059	0.00100735158235714	0.00677904474626017	0.000280855727468395	0.0289866046939173	0.0235808245004794	0.000474467910012254	0.00166997908244337	0.0442613260877771	0.00506985756623092	0.0127304052390622	0.0096453802386511	1.78069809110457e-18	0.0158808792603986	0.00162911808731201	0.000176156967424375	0.0265960429553187	0.0123668548987381	0.0298769528441899	0.0142389980139594	0.00451982302386572	0.0158680593842988	0.00136451924721685	0.00518085388060405	0.00952199583502359	0.011743412816008	0.0790095143209244	0.0122563333256617	0.0115827216160643	0.0243445958925796	0.0024309155749441	0.0114859878535494	0.00203466075346333	0.0140982943366775	0.0497040284131633
T[C>T]G	0.161612285997456	0.0596748694315816	0.00148407387378937	0.000404960167520271	0.0239678640915924	0.0780892510319	0.0908143046681581	0.0757801586439209	7.57165057444324e-05	0.00277746746370993	6.2412052026999e-05	0.0051349600145633	0.0043076844737947	0.542918932705148	0.0130696101144378	0.00782292354068697	4.12591886723833e-07	0.000134581163423891	0.00166978766295814	0.00824605111115994	0.031817092765872	0.00484637108704905	0.000250206370414363	9.40701088735417e-05	0.0171901854001434	0.00653117817476213	0.00393913921435282	0.000477356747867234	5.66303616914981e-05	0.00231633310163156	0.00425952911926536	0.00399195774066533	0.0210255881823813	0.00397938497560919	0.00665636041487184	0.00321145344585871	0.0209330320132025	0.0207648600088991	0.0122555953072514	0.0146943615230142	0.00559632390940379	0.000509120451556802	0.00111105060447574	0.0056045958895198	0.00537737296457099	0.00508948277602517	0.00740793934275697	0.0103995769364826	0.00363727558896035	0.00998231661334447	0.00801141158832508	0.000539370773866724	4.79728443565455e-18	1.19502729838804e-17	0.00249653061021129	0.00549169889595578	0.00297867498211567	0.000487445094470133	0.00140292828342797	0.0055248879478103	0.00963593016899096	0.00291935715869601	0.0155093098319737	1.77391981453987e-13	0.00776159131688383	0.000229966783342283	0.00754029134815169	0.00503608527460831	7.53010249859421e-18	0.00295032852078021	1.11354204274853e-05	0.00026131840425036	0.0209941728765294	0.0910051289027702	0.016083877108025	0.0035963291708135	0.000473156988217089	0.00263550675078361	0.00539226875420201	0.0149636687210998	0.00752775092341118	0.00417587426921567	0.00648420793881726	0.0166660355160613	0.0379260401509096	3.95935279044946e-05	0.00105285784447876	0.000729208093697601	0.0303216933862143	0.0135380350268455	0.00608244566263067	0.00611469585911486	0.00285051025337322	0.00306892143364268	0.00179746414522781	0.0049314005021934	0.0177262818200161
T[C>T]T	2.17750536355009e-16	0.26924043165672	0.00814950022440172	0.00691659769203663	0.0210426926082631	0.00697774192013697	0.0871705215146506	0.0895145428317307	0.00251678944144516	0.0527510124350969	0.00524294476685624	0.00571691839412357	0.0234004558179131	0.105709332968369	0.0129449683491341	0.0079392078286615	0.111170156935601	0.00618727120028928	0.00132450058497713	0.000369895468543319	0.00173589610286624	0.0235750057208424	0.000327005520872421	0.0008968303670373	0.00363144592065284	0.0632132793065191	4.95699196502909e-05	7.31764851534438e-05	2.19021343248101e-16	0.00472951977169969	0.0259468894844789	0.00464626985107644	0.0122913765848907	0.00214234655136485	0.0114217488388865	0.00244149220336976	0.00413583480974381	0.0492970314238182	0.0188896023295378	0.066441449940011	0.00873494987025571	0.000911507232462145	0.00776207943934395	0.00797791791447057	0.00608609392287457	0.00641534270428729	0.00428599166396902	0.0328419266052846	0.0124567244095757	0.0269659475725855	0.0124477699012125	0.0148734923570796	0.000868571638815593	0.0031245203724556	0.00279750325687201	0.00434117690219275	0.0825695092291544	4.71267751596813e-06	0.000311525294501268	0.075672154429661	0.04184702735196	0.00146209916972498	0.00779285249927017	0.000233894819785478	0.0336810167753481	8.14133241768223e-05	0.0405343316884532	0.17941114166616	0.00230316127193348	0.0044325237736155	0.0180129093427394	0.0425045033211567	0.0132359577335066	0.0111205166699588	1.15802817753105e-18	0.00928763361581502	0.00297970939839398	0.000119601130489681	0.0244788783853311	0.010740238101705	0.0127197729776988	0.00391569686596986	0.0114344656022563	0.0325451214662586	0.000654956772696869	3.54298008120288e-05	0.00950987222010355	0.0044122632798203	0.0546092520401372	0.00625736141815004	0.00523011318846915	0.00581416834906057	0.00208679348699731	0.00103734082965098	0.000822902834940147	0.0210792771840563	0.0428086175109045
T[T>A]A	0.0055540140342482	0.000320506931985809	0.00549535930175163	0.00719903759196607	0.00535078531267817	0.00038353034739785	0.000245437965894996	0.00240627131716685	0.0141379284522811	0.0149101990297129	0.00968208010778731	0.0230382165055584	0.00177184485752371	0.00213860680670234	0.00852567696312503	0.0073915692887676	0.00014704849884426	0.00320837497783663	0.000233647902590145	0.000174389639984567	0.000920252245761347	0.0111037794752675	9.46299925859949e-05	0.00100911363999191	0.00885071328883168	0.000420137206119099	0.0100724362091504	0.000217707396587385	0.0586987158535032	0.101136098423587	6.48313191069148e-18	0.00343943361985186	0.0182869604087271	0.00096182224543651	0.0428870076920614	0.00019519367897891	0.000624768304916924	0.000224087078310496	0.00549248916834077	0.000429675471176177	0.00335260142552645	0.259671156021207	0.00351314953569465	0.00199381988715841	0.00216071809529504	0.00201321429424495	0.00573645053507137	0.00787211464247776	0.0116254259539695	0.00802439407924997	0.0738303539874093	0.00708534663658535	6.70714378655506e-05	0.0060938518016058	0.000326625072634381	0.0037572794080474	0.134741679107245	1.60208623877183e-05	0.000354889791889723	0.00132304830552503	0.0167880786477316	0.000787387279576157	0.00265161177090672	0.00130001005003232	0.00327694275516734	0.00791319452747376	0.00278479464999272	0.0100936796658672	0.00194908383949157	0.00108407337106157	0.00594724365540242	0.0560058119395678	0.00338345502104653	0.00711722883198367	0.0209232173493423	0.00587665565055927	0.324844058792735	0.00166077241818269	0.00689163568622252	0.0179690783056366	0.00858544283826962	0.00366051334818389	0.0102360829881217	0.00407583996091585	0.00147168496684988	0.00963563307124513	0.00143648481552562	0.0136065881865307	0.00473623890771682	0.0132241431466732	0.0160508775857531	0.004316535953161	0.00377627747475323	0.00563526215372174	0.0286476505614523	0.0182042484768281	0.00343038008632746
T[T>A]C	1.76748163967989e-16	0.000139867538866851	0.00850146802701942	0.00335141510605245	0.00336727056870018	9.23719368691551e-05	0.00025723585779459	0.00159564835961623	0.0301148479627859	0.00105332297893267	0.0157468960112407	0.00157230442387373	0.000299907739880658	0.000445780323454344	0.00203123240299824	0.000604746817640745	0.000153175379660493	0.00529301477269446	0.000175649946185126	0.00144685827911632	0.000127136649497374	0.00404363631675826	0.00434756738281465	0.000196832770407043	0.00214588633587101	0.000387478044193956	0.000256017914532287	0.000645946816058311	0.0190968954149483	0.0105342496892486	4.21758613483211e-18	0.00261834561303819	0.00274365162759436	0.00102867034013536	3.67099810395275e-05	0.00124482438951566	0.00151381380453987	0.000183685032316948	0.00294859558925903	0.00197208678040156	0.000170195322072977	2.03366866242149e-16	0.00415330210044499	0.000792940060126273	0.0009558723256885	0.000734408412611164	0.00303482060138658	0.0072425017829302	0.0146906995122662	0.00869924753390224	0.0125639281837045	0.00180692469944467	0.000791039214874677	1.73793065266667e-05	0.000201671701571977	0.00344364948845216	1.01917715033805e-05	4.99575224949286e-06	4.61658900018035e-05	0.000498593786640991	0.00206687492332705	0.000337334882999159	0.00292070533487801	0.000143998618856377	6.04996472107663e-05	0.000648614010986508	0.00816352012108036	0.000730581019188962	0.00166374489692186	2.05108487346691e-16	0.000750610318223461	0.00695795127060533	0.00141673574564145	0.00306924978855044	9.39971756800229e-19	0.0025160769067738	0.000765899886247511	0.000155697218414725	0.00230124319702683	0.00865003361592393	0.00334159870579016	0.00248463827169625	0.0172597081860851	0.00230452932105984	0.00378208982278105	3.72215578653846e-05	0.000818355483253377	0.0103949010427309	0.000641464939371921	0.000685291802722071	0.00640744254433867	0.00260719363668847	0.00148964312208145	0.000733509495490836	0.00602798004443033	0.0133228074219777	0.00145465354597864
T[T>A]G	2.902624463741e-05	4.77334286565701e-05	0.00710574962423999	0.00970246574780778	0.00509560738756631	3.12464043112543e-05	1.92746798906319e-16	0.00158387464155388	0.0140506741864883	0.00627230666885035	0.013624884836975	0.0185636879390572	0.000755094387643123	6.19002781157174e-05	0.000607425371917708	0.00392895611989561	0.000199349516304137	0.00297307557739849	0.000186166226655653	0.000390509031407528	0.000157811762533196	0.00586634715333861	0.00182559858420792	2.37246701724079e-16	0.00184026295756494	0.000397965618864947	0.000185327196518353	0.000104681237603479	0.0765986775230679	0.0518864665475768	0.000193767115811565	0.00208408357282614	0.0107338979242275	0.000296847919288252	1.01940327594345e-18	0.000418105208696032	0.000947915589881477	0.000189405624538021	0.00336290369222403	0.00185291448827758	0.000677040474098935	0.00930568067660473	0.00141442366473278	0.000886624363850367	0.00141616585872221	0.000832201790391373	0.00587329821423668	0.00584448214373318	0.0109333092309031	0.00812491923586795	0.0106754918094017	0.00557367548694035	5.66824320286162e-05	5.51249979920097e-06	0.000658422583860036	0.000523724946414908	0.000489765218199673	7.11563450057972e-06	7.97671553987414e-05	7.40511133284014e-05	0.00422262291957507	0.000731898149678703	0.00171688264326183	0.000346164446916219	0.0107954893363884	0.00670240089841191	0.00508992311458479	0.000882123696925823	0.000529974261568942	5.10067200143037e-05	0.000890353717669462	0.00786119012444434	0.00150690880574449	0.00524768218890871	0.00496588913843891	0.0104636600331628	0.0006854004954166	0.000673810792604405	0.00713735365169889	0.0112544946072362	0.00447386602786539	0.00416774600532617	0.00845456704047044	0.00334047690858696	0.0052756689697747	0.0178771395833096	0.00312158904544069	0.0235325252230995	0.00148500499160163	0.00566189451386322	0.00647289118971949	0.000707569295862576	0.000187282027153206	0.00166522787152673	0.0188171625693813	0.00793528842016083	0.00378610092872617
T[T>A]T	0.00177434467102541	0.00014855836706293	0.0104707158837406	0.00434726128267269	0.00707968832217324	0.000343377442932909	0.000524943620066628	1.57356600140282e-16	0.244392117401001	0.0232566703193605	0.030445841119051	0.0143728319340489	0.00438398663044041	0.00101361056234094	0.00394487445795594	0.00550717284207882	0.0005084231221333	0.00428579234165794	4.66980620553643e-05	0.00151418800382027	0.000382641737311518	0.00616732277491067	0.00150232898255646	0.00105994277396074	0.00555176160508354	0.000546131407863202	0.00537395140758076	6.1754927615762e-05	0.0238682384070668	0.0304557023510069	5.82764165598606e-18	0.00174442248843038	0.0116056894907684	0.00106391140601995	0.00149577791856904	0.00566659845737923	0.000936321132914679	0.00053150067768607	0.00694584822126633	0.000569322059338916	0.0021221931915434	0.0419015956084989	0.00421738579895308	0.00208800903487422	0.00164090928607982	0.0019681496383389	0.00875424732304759	0.0143900331396364	0.03457489708227	0.0153044527648832	0.0467596876777998	0.00279964343478404	7.35581148719668e-18	0.0116122222240957	0.00106435783511081	0.00270868070528825	0.00358496199003626	0.000277257317537453	0.000266864011895722	0.00220358056537556	0.00508444459762709	0.000958786269602641	0.00414600594445917	5.9609736215789e-18	0.00181885832841766	0.000596336890598446	0.0254274027474512	0.0118160778999365	0.00266056186306082	0.000485147652537304	0.00609784472215568	0.0557631486907513	0.00194681114014547	0.00431485300039811	0.0696040268066358	0.0050226133230578	0.141232946676272	0.000351241814788537	0.00485984644561389	0.0257104644902411	0.0137632074280553	0.00345716724788713	0.0315422335461898	0.0042686522896799	0.00377624561263788	0.00492979730091378	0.00113211505367886	0.00666557581693308	0.00238575702641734	0.00477500223591573	0.0174446908788656	0.00208167778537598	0.00119860822005598	0.0055523940872602	0.030771413111074	0.0256632924562986	0.00240256435390829
T[T>C]A	0.000241414405111148	1.94000707909617e-16	0.0146975351644794	0.00223802197578274	0.0174842304220876	0.00143215891522107	0.0016979160547895	0.00510430590834534	0.0317583428346608	0.0830441075911342	0.00200594958147527	0.0142098458959649	0.000726280667950413	0.00709298579155461	0.0166631533838012	0.00535792102435224	0.000102332112662068	0.0843806541950811	1.99833064586704e-05	0.0062624420339566	0.00330744352995287	0.0134429597901309	0.00190376821254906	0.00102963861711231	0.00168971230474812	0.00120801271181742	0.0132683883311918	0.081702972363964	0.00433581766251265	0.0230948454987122	7.42626911477934e-18	0.00139613760549812	0.0139328144482611	0.0412422613880748	0.00160031760537746	0.00155799396982857	0.00242611438288145	0.000495168253409602	0.00431015512741764	0.00086228047856216	0.0103033075953805	0.00153097755645392	0.000344399116964787	0.00275735743781211	0.0481876979805204	0.00199419858443262	0.00583430825420078	0.00697230630659276	0.0186218541976653	0.0142473344605926	0.0667333366868131	0.00651197001496802	0.000137978491402915	0.0199582076390558	0.00117665887887545	0.00889466820097127	0.00135545086827328	0.000472712153520367	0.000167447001767222	0.000977465610116341	0.0042670296526949	0.00237938482764979	0.00696632444882977	0.00454424628951327	0.00507419661836166	0.000546556160804795	0.00517568883680501	0.00321600283153086	0.00218989821067454	0.000263741274334098	0.000448920093238792	0.0138194686749694	0.001515661996409	0.00961905187971331	0.00453430330069214	0.00713726060654469	0.0105428657718215	0.000264371555130113	0.0333370255512989	0.0939741420264048	0.0084733278343739	0.0031813877671798	0.00190429698722682	0.00294100330100078	0.0189607427034211	0.0323094402413589	0.00184584633743851	0.0274315875124468	0.00461805776036822	0.0039671730655979	0.0616505408525876	0.0180987126393229	0.000328348345819668	0.00190717197023579	0.0318264622707895	0.0131240238814577	0.00316503128367008
T[T>C]C	0.00307831327406753	3.629754186674e-05	0.00833777380792566	0.000448027398282245	0.00904654459303871	0.0010116860978755	0.00045145402819635	0.00141163044711604	0.0210807808710173	0.0140274367592385	0.00244202467537327	0.0132400535201557	0.00493357174328976	6.2197935743481e-05	0.0157577976288367	0.00589491531327675	0.000405638845962221	0.0435221387833644	2.15955330485602e-05	0.00275904111862194	0.00549133179328246	0.00364004860326369	0.0133674550533015	0.00102485269332813	0.00556439996120205	0.000516730852475304	0.0153086429562725	0.0510030126804662	2.05460509956292e-16	0.0018049772355797	0.000174286878618413	0.00275160578343694	0.00682933760926133	0.02936440798956	0.00311453101958934	0.00233850167639978	0.00134769696821175	0.000249694300175586	0.00927698678393666	0.00112487844076812	0.011230096876892	0.00654507704321951	0.000737862374159957	0.00203030327765288	0.0437002426203544	0.00198527002105907	0.00606706015510121	0.00278759909126058	0.0054797195902698	0.0063031582365571	0.0269718058715001	0.0027749820034449	0.0346797155417274	0.0101006022746545	0.000969890844540327	0.0498122477503827	0.0166069826602633	0.000302769575002153	7.86734207917047e-05	0.0249437819248548	0.00360639085954624	0.00179610133943575	0.00472706498786651	0.00754699636833029	0.000977379541145529	0.0012182886598856	0.0270503469159592	0.0182656007962237	0.00229513140883572	0.00114890018284577	0.000535536801735357	0.0238488988464254	0.00189076572120136	0.00676110919362055	0.00248520388817426	0.00232851312312306	0.000446356004978704	0.0001415416702877	0.00402765065861833	0.0126969994724132	0.00444356657649353	0.00458469063048229	0.0244091680954061	0.00525676224620826	0.00389433749622694	0.00012754208559878	0.000342064609352585	0.00906198999279407	0.00459208373716067	0.00624148404350138	0.00852559187641074	0.0136311807062249	0.0532693957104599	0.00250753382651801	0.00225082262588876	0.00819328016467951	0.00278080953209482
T[T>C]G	0.000472093359469129	0.000122013081531935	0.00803239591910819	0.00193690178113692	0.0147872935374776	0.00247070227981703	0.000301980716569208	0.00388527137999098	0.0162611607445356	0.0279510795815376	2.56648150200106e-16	0.0113271837966656	0.000432911162980551	0.000641036862430143	0.017761021065354	0.00564921903048601	0.0001682583351299	0.0469905661490956	0.000108172424295227	0.00516017446014857	0.00153021116217406	0.0089619143582643	0.00256594074549703	0.00140888450551095	0.00366833398236716	0.00126120185038444	0.0138302903395852	0.0321030134168743	0.00139731579366798	0.00628678791776006	0.000346209724720849	0.00232692523080331	0.00563236300902501	0.0354124248382782	0.0012825854082858	0.00201013047061663	0.000425561289615543	0.000221493252431345	0.00451372966279738	0.00194739435886433	0.359289806141119	0.00144193052488068	0.000491359575755995	0.00153577120682	0.0121095700982441	0.00217519443257271	0.00586331457697376	0.00420865700839621	0.00763647037268984	0.0113930992960597	0.0257840143946645	0.003902952622946	3.35547993747307e-05	0.0229621627508297	0.00136638527394258	0.0271710296474891	0.00187383404060444	0.000278169515213303	7.31615640947486e-05	0.00109644225326317	0.00283268761929942	0.00110174123019684	0.0055435382217012	0.101803790528631	0.00518503665252312	0.00213387727985532	0.00374778522240064	0.00251566633734252	0.00172868029209913	0.000143583236661902	2.78420558178371e-05	0.00488588734267105	0.0021863738801603	0.00201985096757183	1.34561887427596e-18	0.00989110745984583	0.000173120596106403	0.000149413073090187	0.014967174134342	0.0130812348900378	0.00240136220272496	0.0075160265493564	0.00442145978280762	0.00278680844947812	0.0127092623104674	0.000274993298252858	0.00268532708581719	0.0337363892104721	0.00435143102918613	0.00334237272667948	0.00461783461376255	0.0220650941245125	0.00432035052131868	0.00144978345468024	0.0142369591124618	0.00347399240360182	0.00219617596891887
T[T>C]T	0.00326273760405914	2.47886137446684e-05	0.0106976032702831	0.000470083525984048	0.014302649833585	0.00134013835601747	0.000510392661583419	0.00201100243368241	0.0737390554977391	0.0350833313597323	0.00350787087211781	0.0310215376762522	0.00257356718984273	1.59935889397893e-05	0.015542374255695	0.00570394518805591	7.64029303101628e-05	0.0465677046037023	0.000382139161639036	0.0023212924370886	0.00103913238356465	0.0069053271975311	0.0152250199398658	0.000773124902317201	0.00251791505228285	0.00113982419305293	0.0147695462467391	0.0314333691990092	1.68231005797453e-16	0.00312267660700102	5.56841388323308e-18	0.00279326623088296	0.013001411965264	0.0445435420473713	0.00113302574229922	0.00194998982373113	0.000612849406520373	0.000322391963377972	0.00904349599308417	0.00052333933005964	0.00679907112257809	0.00616232592631668	0.000789570224369767	0.00206902347660717	0.0493692957251053	0.00230185584804736	0.00741108966609066	0.00596885696287612	0.00993493086798778	0.00907912218685965	0.0384997059681914	0.00179353868986906	0.00147495918508598	0.0296150953005515	0.000398756261873441	0.027785001858665	0.00905590298594422	0.000330844361967574	0.000160237741386202	0.00364725791585952	0.0162196370018842	0.00136736851210082	0.00170784737430741	0.00955831903257805	0.000734077589901259	0.000218274190547181	0.163937172950294	0.0247462340503787	0.00221912234334009	0.00115454507790601	0.00810509906493453	0.0798026335878748	0.00270486915788263	0.00516289518636215	0.0860993347975512	0.00513109917929615	0.00331835820914647	0.000840894081197612	0.0109764550926951	0.0111629155174809	0.0127282671902063	0.00426485580927377	0.00841769237353998	0.00451823606895479	0.00691738664983922	0.0119694523474511	0.000665437876838818	0.00798853188021275	0.00549585609307727	0.0101661712076184	0.00270562542400313	0.00834955334924224	0.00201926651901087	0.00464051805538046	0.0339251320238382	0.0180393869920539	0.0030511994305057
T[T>G]A	2.01692569373972e-16	1.38820495871959e-05	0.00669850055859937	0.000334524286258679	0.00484488155065533	9.70866188195874e-05	9.658863260596e-05	0.000776295952061587	0.0193930835301371	0.000206193399363415	2.04581265299934e-16	0.0637184747251602	0.00255724539218274	0.00864395477140609	0.00817769502857027	0.0180349998305228	7.36195955204907e-05	0.00152639208413408	0.00015896908840187	9.46315173424753e-05	0.000213459825164653	0.00966338033971238	1.93198866127946e-16	1.1324195715389e-05	0.000624293089079496	0.0015452415501549	2.03859920330256e-16	0.000431138929143217	0.0045277157337025	0.0111970349479268	0.000169969909494571	0.0001123875750947	0.00190973418969099	0.00133222235499917	0.00105794579581411	0.0480699119015518	0.000417990658981187	0.000102629903300856	0.0020188375414242	2.0760929596066e-05	0.000418859946138945	2.32067959615924e-16	0.00383627666264739	0.000699038696312977	0.0176647522748653	0.00105659978790917	0.00787414822560423	0.00503769437449613	0.0144513381883057	0.00387015395143058	0.0420086199127045	0.00104921502588669	0.000196318578682386	7.35797495265669e-18	0.000250336771652358	0.000639710548757464	0.00227834202773615	0.00018664676123797	0.000138726408537625	0.000280195749476022	0.00233114636947966	0.00117370682328677	0.00121707155381014	2.97380517298216e-05	0.00602086438411525	0.00869794323967653	0.00324987471451082	0.000740849299896559	0.00163315936873408	0.00169056098273572	0.00185842020580088	0.00723863072965273	0.0067370305177836	0.00771921113039279	0.0328040219201909	0.00622870711870768	0.0185071375640565	0.00471932224826722	0.00203692655974005	0.0510858149223901	0.00371104129771653	3.37840111773824e-06	0.00607005177121054	0.00228782567352224	0.0126433656194587	0.0464666722424337	0.000375389090575528	0.00266477312494801	0.000791849204280642	0.0500404883016525	0.0397729713310548	0.000179397769799818	0.00363521373436713	0.000592301795057071	0.00692662305378514	0.0032584913147064	0.00180269841153491
T[T>G]C	4.17181392637266e-05	4.89889436212904e-05	0.00485721737134424	0.000129248232909555	0.00509688453674608	0.000222145720022536	7.32759595429867e-05	0.00105473710650118	0.0146361581822664	9.40754548044979e-05	0.000879404144200067	0.00699834881884606	1.77451445630683e-16	0.00355398253704393	0.000746576491237328	0.00056020409818732	4.87530762214894e-05	0.000885819227242884	1.60566526784282e-16	0.000958703600977218	0.00022742632569755	0.00455753632980911	8.45189393563391e-05	0.00679851489449616	0.00157683660203871	0.00157408435806271	1.70655443335008e-16	0.000294165483207106	0.000581288734644969	0.00174879185592261	4.02890700806955e-18	0.00201932593089028	0.000445016560142948	0.00134139717166374	0.000208383369443773	0.0339617048972268	7.43916183279316e-05	7.01995839307848e-05	0.00178765690339704	0.000172239205717655	0.000122872742732539	1.94268988567972e-16	0.00145225471380414	0.000552505105964026	0.0157572119332667	0.000682654078718739	0.00399110894446181	0.00486861979258763	0.0198955206715581	0.00334822033785326	0.013009014284442	0.000209269630840896	0.00664618626355038	6.15951617934166e-18	9.92659166782548e-05	0.000765021723372103	1.78094442612393e-05	0.000138746613542198	0.000106840279137991	0.000469832855010182	0.00265550550969038	0.000769537802085888	0.00341702013555444	0.000542540876901319	0.00469919001343224	7.69840217801467e-07	0.00334575523132877	0.00123569849006289	0.00199091583850398	0.00931749325418253	0.000612035783150768	0.00546105444976897	0.00187200002452132	0.00196688858549487	0.0186527140830403	0.00222451184427645	0.000154028797697018	9.51674797698658e-05	0.000232081278503409	0.0105778178321401	0.000942577377148473	0.000316956753622041	0.00519356816366345	0.00094846139923177	0.00596363568143403	7.67641563762177e-06	0.000117323148702924	0.00102826539298849	0.000604871759552966	0.00934935669274572	0.0164496113023125	5.05240460318142e-05	0.00561110225853352	0.000359853273472665	0.00437887998107088	0.00228401286763501	0.000754641214730426
T[T>G]G	0.000577432705337893	8.68273531156039e-05	0.0081434143475126	0.00225395342084663	0.0070525016793156	0.000328008315008459	1.84124023569599e-16	0.00120151406670605	0.00840531473866798	0.000133743669639443	0.00311763209295704	0.0115743751338624	2.24807709981434e-05	0.00231160767167484	0.00113665920647228	0.00312403014617327	9.56896628137087e-05	0.000897134755226287	3.47176943112832e-05	0.000119121591813933	0.00014974031072424	0.00566881938952755	0.000876728750562825	0.00485754349096287	0.00142402629193377	0.00210974429293827	0.00280642238232859	0.000132986422911579	0.00556786472204449	0.00706426570486942	0.000182096975917107	0.0030412968481847	0.00947964981556724	0.00289687791944027	0.00228746934377596	0.0174193541163401	0.000176397636505493	0.000774201292107087	0.0052558588793397	0.000822657742477181	0.000939749638184323	0.00173897750888623	0.0047192257439082	0.000876098034439356	0.0319179123350414	0.00187866454583028	0.00748073192031871	0.00415262767389544	0.0146413278323651	0.00581108940370692	0.0212959582964014	0.00292688295178326	0.0240234935776551	0.000962160115148193	0.000680900338570823	0.000900531790228053	0.00159402006071895	0.000286101285427848	0.000113411549405505	0.00818089860727842	0.00276254673598377	0.00133001381052813	0.00630404005829638	0.00772924006214304	0.0864817385184282	0.000101676065879528	0.00596726826648581	0.0068510642657841	0.00219046286095609	0.0274772900898591	1.08480597962291e-18	0.00380304572313782	0.00207855886089594	0.00205613863162625	1.17441302462555e-18	0.00500369617933335	0.000318975116525575	0.000545156282773605	0.00176003100659488	0.0132401644795029	0.00304201620778989	0.000456843033042206	0.0273719810392853	0.00206918925929086	0.0146147731042312	0.000257341576471029	0.00131904144059546	0.00982723441763222	0.00205446950370827	0.011725549175794	0.00673699655393097	0.00124306035101607	0.00627748720333142	0.00125144590592734	0.00759297443184566	0.00540097529043312	0.00578132903104678
T[T>G]T	1.46629306642325e-16	1.34763681225261e-16	0.00705277120994322	0.000366408293823981	0.00910913930715562	0.000678923209285355	4.55033636680627e-05	0.00104599198891883	0.0158518582941644	0.000117932018694177	0.000667245517376344	0.0450538331498958	0.0130620945852141	0.0505508885365605	0.0171016249733463	0.00957320857317411	3.49268570160582e-05	0.00150453268832702	1.18715227796017e-05	0.000419760233424448	0.00402404515306693	0.0113495385169136	0.00289802924731386	0.0823205811467138	0.00336480248391593	0.00286259252579209	0.00100852205488753	1.49647232781819e-16	0.000393467056100583	0.00349243156592102	4.85993316234767e-18	0.00263051188610853	0.00525309326302321	0.00640034586227549	9.04844802068782e-05	0.395730352720096	0.000603849850915436	0.00562114459603453	0.00476181596904935	0.000424033212989051	0.00146398314198748	0.000176237200710752	0.00235338037413968	0.001167305884105	0.0204211566485117	0.00347305175148723	0.00743702069260368	0.00982837809518768	0.0343275525968926	0.00722999541766052	0.0640684409296667	0.00115410873168586	0.000923496294766222	0.00627018756678557	0.000462326556129772	0.000664379700729911	0.00248794845927624	1.73589472003165e-07	0.000244737802536832	0.000996699895845767	0.00193398571630552	0.00150964510591312	0.00479835939438899	0.000333020648193485	0.0297587247607986	0.0193844883847199	0.0873149440528637	0.0146459540596698	9.65160964323146e-18	0.0242752062744595	0.00475622067560579	0.00941109657078485	0.00335455615148904	0.00427550389028028	0.0796444244604809	0.00375276735319733	0.00603124654550944	0.000581173852743717	0.00120317770110555	0.0380248023107938	0.00220863394219645	0.000187968326305397	0.00947442704232458	0.00126582596971493	0.0101272488076299	0.00695890978249127	0.00011508303941362	0.00361207774252952	0.0021947127343153	0.0233368469426516	0.0236757280876334	0.000173375857496592	0.0144398306961679	9.80579862514515e-05	0.0188684017891766	0.00697781653695537	0.0034598732857426
