Type	SBS1	SBS2	SBS3	SBS4	SBS5	SBS6	SBS7a	SBS7b	SBS7c	SBS7d	SBS8	SBS9	SBS10a	SBS10b	SBS10c	SBS10d	SBS11	SBS12	SBS13	SBS14	SBS15	SBS16	SBS17a	SBS17b	SBS18	SBS19	SBS20	SBS21	SBS22a	SBS22b	SBS22c	SBS23	SBS24	SBS25	SBS26	SBS27	SBS28	SBS29	SBS30	SBS31	SBS32	SBS33	SBS34	SBS35	SBS36	SBS37	SBS38	SBS39	SBS40a	SBS40b	SBS40c	SBS41	SBS42	SBS43	SBS44	SBS45	SBS46	SBS47	SBS48	SBS49	SBS50	SBS51	SBS52	SBS53	SBS54	SBS55	SBS56	SBS57	SBS58	SBS59	SBS60	SBS84	SBS85	SBS86	SBS87	SBS88	SBS89	SBS90	SBS91	SBS92	SBS93	SBS94	SBS95	SBS96	SBS97	SBS98	SBS99	SBS100	SBS101	SBS102	SBS103	SBS104	SBS105	SBS106	SBS107	SBS108	SBS109	SBS110	SBS111	SBS112	SBS113
A[C>A]A	0.000982935761721669	6.56730237818475e-07	0.0237574959611045	0.0475769122987206	0.013645935371758	0.000486195108102365	7.3803147874855e-05	0.00257267259557735	0.00545441049135396	4.46804027026488e-05	0.049365787613292	0.000639220927217661	0.00238817519520678	0.000194046433234762	0.00481859817290007	0.0112746269816237	0.000160377025019577	0.00498757662352558	0.00209378210796834	0.00126755483212741	0.00107251316303609	0.01818676992776	0.00227665193711308	0.000680205269982203	0.0584566116721034	0.0014733939336702	0.000705632713442175	0.00016889759759847	0.00684179739005085	0.00696940723274824	0.0298390750924505	0.000950416700234248	0.0417332488391186	0.011119150554019	0.000959276394356732	0.00588859370528238	0.000970430113010398	0.0715626355911478	0.00209008968443515	0.0107430017371276	0.0250176165141943	0.00346897229540263	0.00568257586968322	0.00992996979483358	0.0285148408509908	0.00447513140255237	0.0144291897072452	0.0136489731226831	0.0415171543686327	0.0163188957325305	0.00427802194954711	0.0024551333024378	0.00131357885222816	0.0330606931112786	8.85924331774707e-18	0.0102831659514201	0.00489227098269325	0.0762959423562284	0.000990181984791293	0.0284115786048288	0.12907144900547	0.157788660479498	0.0174111785742922	0.00615041671919585	0.00239747605813598	0.00678669351319944	0.014030990058604	0.0141770840902172	0.0654237423341101	0.00433278945934884	0.00689535098911096	0.00411214398443573	0.00688982466218151	0.00345515453788686	0.0103002864985951	1.15411270436882e-18	0.036406543953067	0.00254691872222964	0.00340612009847325	0.0128027665149341	0.013204442715614	0.017589654247088	0.0436976024871696	0.0129846449209328	0.00990389476177488	0.0103489752727395	4.4695730786529e-06	0.0814952572022945	0.00908612600239275	0.0143463347206594	0.00992810275754218	0.0120151735420572	0.00235128270849997	0.000415482338069937	0.00624542052219142	0.00588367101674203	0.0212857568982512	0.00996406953515002	0.0125486843286937	0.0078453070776609	0.10814141025726
A[C>A]C	0.00252945203356618	0.000167583969169113	0.0188460912541609	0.03754291830004	0.0107348024924497	0.000599449653817236	0.0001973033527575	0.000509014295259392	0.00129866954100229	0.000845922783673518	0.0535075889592517	0.0046853269201868	0.00193016856021119	0.00697289417453852	0.016498129148742	0.0205628895247874	0.00060635652052194	0.0012468941558814	0.000829459481085826	0.0148258638271162	0.000564659605067793	0.00329635153063848	0.00100964591899017	0.000144319768767373	0.0179342605265535	0.00074365778983418	0.00158453930447045	0.00253883665322057	0.000106935405304349	0.00435406790473745	0.0219258262789309	0.000454151313091948	0.0303827229484837	0.00786202524712233	0.000580180508069189	0.00535737717879801	0.0031316182883152	0.0579747933759659	0.000587547055424036	0.0208328639952727	0.0210910851264889	0.00248739794390102	0.00812130079951476	0.051955216096029	0.0094144231681615	0.00164277004212908	0.0113855332698789	0.00834103971374222	0.0191328574119055	0.00549877257843796	0.00715310575431335	0.00141955622253699	0.0233273540482223	0.00661213862225573	0.000173075930847413	0.00321701694790213	0.00522583491333142	0.033421673395879	0.00097396808872159	0.00795750637183998	0.137748520751791	0.00189122526501066	0.00749138852679474	0.00224067256355198	0.000883514403222018	0.00236610922916807	0.0174830587672479	0.00164822970349125	0.00749762729821522	0.00286036520980008	0.000873411110344697	0.0059305314617564	0.000997097925920896	0.00441440606708947	0.00524921313195252	1.15411270436882e-18	0.0200245705403622	0.000819288451031563	0.0613045908450783	0.0110120715717838	0.0092375014606042	0.0279388074942159	0.0197777672197513	0.00882719985072222	0.00911941289935502	0.00795638760642226	8.14351534749324e-06	0.0441336059675263	0.00668785756157627	0.0088796566999856	0.00498141194166235	0.0108778267565055	0.00409387162601521	0.000363830226248789	0.028506833420829	0.0016939741005875	0.0139364906814364	0.0144556802460474	0.0143482003363093	0.0299521961956264	0.0037283859453139
A[C>A]G	0.000196364866308508	5.92189507550108e-05	0.00199882749701192	0.0175876732651751	0.0021037483698127	5.94548062387515e-05	7.84296138610399e-05	0.000205372163231085	0.000425737980694825	0.000276445614365334	0.0051716535886127	0.000488007510049701	0.000163574031871206	5.70420621112423e-05	0.000731019811823746	0.00080991048067015	0.000103328926986513	0.000595861226725191	0.00030371299349331	0.000467410363566392	5.2364702485235e-05	0.00115940702775605	5.2345396163374e-05	6.51162526243001e-05	0.00275824443942114	0.00028539722511492	2.48396825894452e-05	0.000316278618330651	0.000894366992668314	0.00112217063320796	0.0080817138416012	1.12158596044749e-07	0.0169684634106848	0.00162856209178805	0.000125265883995729	0.000884984347091386	0.00043694083007228	0.0217405482235836	0.000106032784804045	0.00186932693057359	0.00500352285404755	0.000461785975998327	6.07019394047735e-05	0.00156315524529678	0.00253465269614908	0.00120092180582812	0.00214183243307993	0.00311476554468753	0.00427541316179918	0.00132774658923966	0.0022986717594677	7.14366812749739e-05	3.78137970582429e-05	0.000701559583151234	1.05664933321046e-06	0.00187377079162343	0.000333563930638176	0.0015529261408248	0.000298791500951537	0.00804806118872376	0.006258338016015	0.00537152941991986	0.00474225524860433	0.0435559215936259	0.00182030499174431	5.18136300648932e-05	0.000229395756300805	0.00383818689702003	0.000916376163550987	0.000171380386860494	2.49916503525235e-16	0.000536097856535784	0.000346755430683082	0.000450843540590484	0.00712729395970409	1.15411270436882e-18	0.0109447990619689	0.00016029629580745	0.000236209174273909	0.00530737793472911	0.00200877569666882	0.00177737285714123	0.00951142381793514	0.00226872565947272	0.00166862925386346	0.0387425682124749	6.0140328859361e-05	0.0162116400258027	0.000716876513171268	0.00102752021257386	0.000419803564133747	0.00182050338575599	0.000293152282564598	3.27107939645998e-05	0.00178551061915081	0.000468407129836531	0.00176005389327221	0.00105588858843815	0.0012808695591014	0.0023424701642247	0.0002769563375459
A[C>A]T	0.00127240275283539	9.92249818928247e-05	0.0124859135176477	0.0298008721036835	0.00673514077631735	0.000184509223017525	0.000244938338667212	0.000702441501596919	0.0019832614421551	0.00401279696928639	0.0471420533184173	0.0031306863251126	0.0166109388240317	1.55722796301513e-05	0.0130858213553854	0.0141804385041106	0.000261814777181846	0.00120624133427274	0.000358726008072735	0.0837629401369295	0.00112999613215627	0.0107960430835084	6.08952149102438e-05	0.000457114382630473	0.0217652342655087	0.000593573235003948	0.0012665818986208	0.000598601301077067	0.00175373640431715	0.00365873333385784	0.0189594195673606	5.71796726594491e-18	0.0226009475869975	0.00500168074630732	0.000609457674324089	0.00275464698818266	0.00440313477090115	0.0361195554676508	0.000578482199220032	0.00633665436795326	0.0146763175008383	0.00189896616880118	0.00128601061176431	0.0217652708710436	0.0181487452157452	0.0018780345680453	0.00893919535271205	0.00773515446577141	0.0157763463622218	0.00517046593699269	0.00834000721429447	0.0013866521522356	0.00808685620215834	0.00207866018328407	0.00597580565098587	0.00975009013509983	0.00338734864735707	0.0119989118721413	4.03444693222343e-05	0.00808356895557168	0.0808592486840458	0.0212576713571543	0.00948374168378978	1.75048455276003e-05	0.000411741293981737	0.00121001243630167	0.0229492631767385	0.00892316049051636	0.00555363598989024	0.0156806582745019	0.000446053439954232	0.00986520273958051	0.00275894866621647	0.0037977309877129	0.00509937418172779	0.00179016900714201	0.0210356401307687	0.00181931089651263	0.000135582963885143	0.00785544920417645	0.00860880864412212	0.0112049735327224	0.023746771254211	0.0120200597225417	0.00745942372618563	0.00395813623476644	3.21857926570147e-05	0.0492157126945418	0.0092113827795258	0.00516468758034877	0.00492443588949012	0.0119032776181844	0.00435211740209604	0.00045095671332833	0.0524707052963416	0.00290907927924693	0.0149500644380243	0.00641932797145217	0.0097980124205754	0.0098115098594539	0.0035381762331745
A[C>G]A	0.00184896038997949	2.26249191841512e-16	0.0201616797896055	0.00696027123523796	0.0102912135916498	0.000482798057850364	6.40571974625426e-05	8.47110330984305e-06	0.00113329196357923	0.0011691608211203	0.00434308699003426	0.004968039407086	2.17879502290384e-16	0.000291379325035436	0.000346523350631638	0.000128749764072195	0.000167325019228212	0.00120624133427274	0.00398927731890775	2.25026737473802e-16	0.000115035409381439	0.00177218038029527	0.000995339185224187	0.000146356723198776	0.00175952550592624	0.00331610977048131	0.00895800239115565	1.62911987648416e-05	0.00169327304943447	0.00428801148344556	0.0069805625199951	5.85046918119854e-18	0.00343123520600773	0.00808118648201016	0.000420417545085153	0.0013368137262687	0.000170801279539624	0.00318582571700413	0.00111326664558542	0.00839505864630825	0.00200040190585371	0.00140923209962887	0.000796699160099965	0.0036073925403229	0.00186556969188164	0.0348197739057716	0.00271711148481829	0.0494422721574509	0.00839518045353324	0.00778045794869141	0.00907201945446468	0.00555703360869607	0.000411952490308202	0.000362510219073831	0.00328772698087591	0.00314551715437553	0.00119553481671426	0.00103856155681307	0.000205464322069131	0.000292104005961815	0.00374168414068682	0.00397077210872816	0.00177563531051841	0.00720113106904208	0.00154154216612267	0.00294746656217097	0.000417077496051051	0.0159047081443	0.0205026721669567	0.00317938925660595	0.000378744001471827	0.00717192017870727	0.00734587511875797	0.0550335637107257	0.00809162404464368	1.03412104378714e-18	0.0150256148513821	0.000526642709770707	0.000252197165274589	0.0030942530149697	0.00905452060917631	0.00708533523049541	0.00368695927790624	0.00946050759300695	0.00255261539360131	0.00726418214572881	0.000467613437831605	0.0186972105777822	0.000955946230966945	0.00449234456036574	0.0287980562518216	0.00508493990447817	0.000453985005102746	0.00078300829428908	0.000191070243384339	0.00098990606951304	0.00874083610985123	0.00458057753747537	0.0044046426520663	0.0028237378562579	0.0053405380265847
A[C>G]C	0.00121275951050599	0.000134941917092774	0.0119741958343856	0.00286896498287874	0.00580791262103009	0.000296238834803644	2.13194986932345e-05	0.000186987730186314	0.000322786065513065	0.00252657649349241	0.00295891630568193	0.00201185045689026	2.37420264827639e-05	0.000128015602814786	0.000324092245045695	0.00029176234579883	0.000285436970953834	0.000634759589623637	0.000980310551273279	5.85880424593953e-06	0.000273846237766768	0.00204717367679405	0.000560740481220101	4.35090197056435e-05	0.00263420372407589	0.00186076423962871	0.00154236920105094	0.000693066154506691	0.000195890440925485	0.00278274158290052	0.0023114581003394	4.15852164795994e-05	0.00377024892174789	0.00165045409390075	0.00037217256985465	0.00179254620801323	0.000248438930662408	0.00266838239577066	0.00048588358900815	0.00318850813275183	0.00204061098938846	0.00129929206343195	0.00118145678443643	0.00458481470759472	0.0016932073298136	0.0113697219674018	0.00159592439440155	0.0235190507405212	0.00574474070717156	0.0106622299802325	0.00440892935513554	0.00329460120465377	0.000513418950744381	3.14242387551988e-05	0.000240893145459346	0.00195204087674161	0.00149441852089283	0.000622128845135843	0.000118297451409581	0.000136923214331383	0.00106905302813784	0.00455235035850985	0.00156009631010864	0.00559291279768812	0.000493293254508423	0.000173745205786791	0.000165634004888793	0.00323258058659256	0.00173177891105693	0.00263867626805756	0.000590720180402834	0.0114740475555018	0.00259048020990657	0.0820756287996474	0.00404658400440291	0.0041770610166647	0.00596597721377439	0.000287258906020898	0.000129119426213804	0.00171109095307923	0.00553905679762582	0.00403650042936003	0.00286113220269571	0.00257728003252306	0.0024163642567175	0.00343900126347038	0.0127622224389984	0.00621273595669633	0.000519448417862018	0.00288986205723863	0.0216060949390392	0.00495645535475898	0.000321225313398579	0.000548666850005902	0.000181541859890634	0.000493312768019874	0.00543039020453532	0.00274270268889655	0.00238750090153	0.0027174887154085	0.0012372429799535
A[C>G]G	0.000102188615132653	1.37853340345492e-05	0.000231457965406083	0.00115586878079787	0.0015666255229156	2.03306510168083e-16	4.48206842282743e-05	0.000446616465866616	2.0078526828422e-16	0.000802438879306259	0.000256429229619781	0.001247872166915	1.94763650965818e-16	1.89587236556646e-16	3.77804954220661e-05	2.4018586468416e-05	5.24517562747662e-05	6.63664965845301e-05	0.000243264120687571	3.54282286694001e-05	2.79312760574879e-05	0.00077114056275384	0.000133901085066887	1.99841630513361e-16	0.0017455900332595	0.000572414177820208	0.000428229046981812	1.91298182913821e-16	0.000216311891445736	0.000778919197101652	0.0035040809096548	2.60577173656305e-18	0.000844857523089471	8.99742844886601e-19	6.01043917260708e-05	9.0567103559402e-19	2.20124555035805e-16	0.000812627998001854	0.000121836977229482	0.00270590919871022	0.0010153929863353	0.000226035302775154	2.07571098815141e-16	0.000311657402759935	0.000453164115755557	0.00485486476949629	0.000574253617228212	0.0127077221883297	0.00136778681368655	0.00152607902071158	0.00277935150904116	0.0011276979596241	1.60506186104291e-05	0.00397656804346743	2.90121386567537e-05	0.000244110978898568	8.90579132472678e-19	0.000295637728598825	7.44460198489998e-05	0.000184955012068031	0.000718461450575334	0.00176578422378002	0.00075050356813119	0.00229832042715227	0.00151134614241949	0.000471482943791851	0.00038174713559968	0.00255726863498243	0.00150356272589129	0.000802354101545051	0.000247858717054094	4.36376887297829e-05	0.000383191673058054	0.00465128555455423	0.0281933176068389	9.2440632510778e-19	0.00548471753517982	4.28078551596564e-05	4.38244880159938e-05	0.00082123001215525	0.00149102491634405	0.000497675650516982	0.000730881902258617	0.00147810273189625	0.000564749853849561	0.0882027054788595	1.81810556524736e-05	0.00256348421246261	5.44951182584026e-05	0.00052572384680307	0.00198850523505116	0.000593216843059811	6.08247896045906e-05	0.000110391730634739	4.4312530098126e-05	8.62855443572821e-05	0.00119312260160509	0.00135273452300344	0.0007006186600568	0.0010075296579315	0.0014743211652297
A[C>G]T	0.00101300350679431	8.27120042072952e-05	0.0159184682789834	0.00320572890453592	0.00919937080316719	0.000232739248592822	8.44358165481466e-05	0.000252050929328013	0.00174571213964868	0.00257736942930777	0.0051196262289918	0.00588151568618008	1.94763650965818e-16	1.89587236556646e-16	0.000460054162013804	9.51644968174813e-05	0.000470714536771881	0.00127270703528066	0.00368582537185418	0.00018492448054061	0.000295753091466046	0.010470034749021	1.72640345437806e-05	0.00028585239290534	0.00370937904781751	0.0019885828445284	0.00403576090167566	5.33394482989439e-05	5.64667048121971e-05	0.00349137043651583	0.0093811944138208	5.11132148325829e-18	0.00261722060713141	0.00308563929476756	0.000640730415914622	0.00119498493090142	8.25962857409125e-05	0.00225830857792431	0.000679867393112618	0.00340944560842376	0.00157251126202369	0.00116144411605848	0.00189726155349706	0.00853906322572206	0.00173108498216657	0.0170600854518759	0.00220311163438043	0.0405525849764397	0.00763804097758221	0.0202426846310794	0.00656085196849499	0.00770748875197786	0.000390922337810413	0.000317766749258234	0.00304057653796882	0.00129288253276828	0.00195927409143989	0.0015502966593673	0.000636337320969579	0.000159569509689105	0.00171145009315656	0.000806703680043295	0.00156890026963718	0.00278362345671367	0.00460516128885578	0.00117408401713199	0.000109707450563362	0.0046806313642593	0.00180605415597616	0.00370242760590872	0.000224510065233718	0.0280744151898822	0.0118169101163817	0.0862585729974365	0.0089377833765483	0.0037338971558157	0.00988126121998075	0.000855943063917331	7.49556253804207e-05	0.00372545885520767	0.0127042201323241	0.00644192099216585	0.00129148601538934	0.00580145598118708	0.00290834692559499	0.00176223454937212	5.13567963791523e-05	0.00938893195168502	0.000782228287656677	0.00157998142844563	0.074318845353567	0.0206714674048373	8.51721587576477e-06	0.00120481955420404	0.000651411776779761	0.00113587757795512	0.00623318858966039	0.00346607644848867	0.003306349423991	0.0020236072796054	0.005027257807255
A[C>T]A	0.0222149991128163	5.5413415099405e-05	0.0129909334729054	0.0078562942366178	0.029693019543016	0.0587346646787011	0.000107709927360305	0.00124698885481343	0.00120300403048676	0.00294936134994499	0.00610589442799195	0.00743218074877939	0.000908385528520981	0.000468837280052731	0.00433679722906578	0.0012213781586364	0.0226998769124503	0.00486987100920499	0.00661605646875851	0.0112404862675735	0.00459554285768756	0.00160237044997383	0.00107473371452715	0.000511667162329771	0.00836428640888569	0.0260188358995921	0.0450142520689711	0.00186980875904656	0.00160480822268929	0.00375259928267532	0.0043909906546207	0.0206039582985009	0.0108362123451642	0.0188916719794013	0.00234113117815488	0.0124024964472358	0.000770342736732645	0.00461638167892412	0.0985854602929017	0.0159648636406794	0.0776371355387794	0.00474405334289625	0.00328983081031421	0.00199064633353692	0.00540171096554698	0.00566249633975729	0.0031150552291952	0.00897015683882098	0.0261662616507665	0.0156484373293143	0.0226314625019777	0.00920797877859101	0.0203170652817786	2.60261518105965e-05	0.083084466522203	0.00120247162847556	0.0135368028135847	0.00384870215646209	0.000266222860794262	0.00052131971390852	0.00305802169005248	0.0320888679622941	0.00246803621474872	0.00661110605284573	0.0013157604952274	0.00472407057682129	0.00660030711235656	0.0300963692357155	0.071619395419876	0.0037894307201833	0.00247859255641272	0.0511184834790484	0.00124776971763993	0.00817255990445867	0.00866625916496121	0.00960145075364669	0.04523167069768	0.000656034086629541	0.0146051443723406	0.0215117992976481	0.0081708396805318	0.00680972523808533	0.0116017069099556	0.0204609084440011	0.00645871065989547	0.00306444876518419	0.0216023076635836	0.0120571880518407	0.00453053652585877	0.044485677599664	0.00611016576971319	0.00502416534408503	0.0134957205415726	0.000846020572739645	0.0128951572706027	0.00509661113117636	0.0182806358197493	0.0540569857318165	0.0138857915347638	0.0076070700226707	0.004427775960943
A[C>T]C	0.0062343426747681	0.00138941716192054	0.012593341681864	0.00419027028088525	0.0180991043666712	0.0232937400034535	0.017347517835422	0.0374055056268519	0.0077115884041593	0.00137650886925233	0.00280684575077469	0.00552074619478983	0.00080866792875245	0.00497710341677595	0.00519256229736713	0.00194614903936921	0.143578167588866	0.00208002732768478	2.27098427017221e-16	0.0101637046812859	0.00698056858627723	0.00376987010978426	0.0016722625676954	6.99364695227866e-05	0.00469311624567185	0.0145450842843427	0.0131769154856956	0.00374965084910966	0.000219311007843761	0.0028074614315642	0.002746853797353	0.0818762632688411	0.0114177570036554	0.0130824677075081	0.00248167634187458	0.00544697265273529	0.00372003426287317	0.00433938823353055	0.0933346086464178	0.00929195677453974	0.122695363470338	0.00211252530461126	0.00384921432852467	0.00398971659022594	0.0033000932898999	0.00308256411027633	0.00215502527381639	0.0041906117415518	0.0208049878736663	0.00685191005813515	0.0209555969090341	0.00347627359956265	0.0400740551762712	0.000127550101387641	0.0173386040682192	0.000603204931663007	0.00879892872620828	0.000940549477988529	0.000451029794470486	0.000304962570267108	0.0017359517881814	0.00562195147277904	0.00213887752253997	0.00199232581128319	0.000522081651295402	0.000239121944494249	0.000972324809307005	0.0132206709098833	0.00667649850704288	0.00306917200666493	0.00133588174044773	0.0443428623351511	0.00148960969443123	0.00213129037164544	0.00362932542313033	1.02619569117177e-18	0.0136069519435006	0.000300894832028614	0.00124961340317303	0.0141652578588761	0.00514468698849096	0.0143455245586034	0.010190216545286	0.00385325144493712	0.00423409669839225	0.00165204530720753	0.0151365809670575	0.00451887001771498	0.00396568297220118	0.0376078204092276	0.00360099778893223	0.00380041472962607	0.0179064979907354	0.000473562318978338	0.020853330222888	0.00131186537986244	0.0116019783949901	0.0642816148647447	0.0074299075520493	0.0463307159284107	0.0013485170498446
A[C>T]G	0.360052991964555	3.29221915269134e-05	0.00261007120196253	0.00078492383515208	0.00624874071151046	0.122063265545706	2.18417238186127e-16	0.00053310219021438	0.000930812966170315	0.00118969677568029	0.00321493382535842	0.00446141446827957	0.00540081470432675	0.000392479924373185	0.0128789242150676	0.000696746060828389	0.00740355491132419	0.000115774641380385	0.000309945365345345	0.0266671469418548	0.0752608311380923	0.0033049534696696	3.86234086360835e-05	0.000285495988956605	0.0123131226809822	0.00159892793558489	0.013480997722112	0.00707842285315608	0.00141375941523073	0.00324794112744929	0.0295200012498764	0.00882522824738567	0.00052399327068728	0.019673634392505	0.00520761240082841	0.00674339037130617	0.00775924316404843	0.0202370537942205	0.0148674601590619	0.00759977977766826	0.0365093521884216	0.00710125920793309	0.000122427542937762	0.000579959258854878	0.00711331078611125	0.00637667601711094	0.00519210822473963	0.00622368111234783	0.0133535262112007	0.00648442469808705	0.00783026002125157	0.0035486955351742	0.000443030074411112	0.00121571455020646	0.0146711264403629	0.00542984825919034	0.00454776091466945	0.00305178298717165	0.00124599553683603	0.00202301765620985	0.0134054065469736	0.00562195147277904	0.00415553309396588	0.00706462343891233	0.000338514131956209	0.00545977235766822	0.00150502353158535	0.0180375044575023	0.00852339953856334	0.00274723015128097	0.00419706163109657	0.00267559243365572	0.000447128146897825	0.0250524172388643	0.124243855369719	0.0130272967243071	0.00614407020335816	9.50431327003797e-05	0.00229112452998884	0.00983278691764798	0.0178932970025364	0.0231889534487861	0.00399400651689079	0.0163473483900455	0.00379178948778729	0.0293430538340589	4.25508218453043e-05	0.00236771936264677	0.000373998621501239	0.0353643429786495	0.00959677427578001	0.0158222592192716	0.0144942273937448	0.000944165733609751	0.0320908925500206	0.00539776863678999	0.0104265694280393	0.0208671680850404	0.0525860507388541	0.0061438446123722	0.0056330564468387
A[C>T]T	0.00945015840943308	0.00187269278404897	0.0122886641096505	0.0042604420817597	0.0222447090458286	0.0216662294030781	0.00727223524669005	0.0106031357161867	0.00751076658955306	0.032347957935744	0.0124416924753623	0.00661063503833104	0.00289918018131596	0.00751779551154789	0.00608951504854262	0.00248565963667311	0.106462723171426	0.00233512492626722	0.000325288830691432	0.0162015498032953	0.00179817779723403	0.00606413435224579	0.000720735294729031	0.0001462298955214	0.00804390068875838	0.0379616370983391	0.0131769154856956	3.98897398265309e-05	0.000623268429777057	0.00307634798125185	0.0094618218883913	0.0354223639798045	0.0093278993446462	0.00572233122634249	0.00272593605895383	0.00450229421939878	0.00556904569492857	0.00184247772099485	0.0302511502469839	0.0101130134186259	0.151623537534982	0.00304481360218391	0.00401521860342645	0.000899936125629331	0.00433640343505809	0.00569166132275432	0.00244570337195388	0.0132771863730087	0.022831580241856	0.0137155352692303	0.023475312593532	0.00656974317486903	0.0354423807862165	0.000906803541303182	0.0310863729865196	0.0012244755838482	0.00672277700429396	0.00249145555341139	0.000241991111135567	0.000417687710026264	0.00667377080797815	0.00318411408205299	0.0017925828433522	0.00197199600789407	0.0049247359218278	0.000796388071390791	0.00281201765111999	0.0157828167844388	0.00721970475090616	0.00363793405435468	0.000297083940027468	0.0572318431267768	0.00459805489707514	0.00475768173242518	0.010923905313215	1.02619569117177e-18	0.0298231242505635	0.000665135294838833	0.00239259247923532	0.0165310980659122	0.00660333614408547	0.0165740287046555	0.00464606978646393	0.0199988767112049	0.00351949981130243	0.00171297207507417	0.0132509241310033	0.00907508945157653	0.00349374470384069	0.05376098326987	0.00157992263236426	0.00273441979728473	0.00726239663536677	0.000590099897163508	0.016998176548495	0.00134728566543305	0.018781142893413	0.0495998360063991	0.0119370160522801	0.0293162947421935	0.001220438534894
A[T>A]A	0.000747964540517245	9.15118014727926e-05	0.00528456407796342	0.00895022948297297	0.00707258057870119	9.47188944900585e-05	0.00180211817770053	0.00231700757245052	0.0118010823438822	8.28584782342135e-05	0.0183959224315271	0.0122608264195165	4.65903308959194e-05	0.00163533350889439	0.00376893721291456	0.00178871520234389	0.000386033278362939	0.00480774202504259	2.15244289994765e-16	0.000584666870207627	0.0019532614706447	0.0221282473265114	0.000936154277719918	5.90255749630465e-05	0.00238190931841146	0.000768488628288409	0.000490917773438293	0.00313688376285399	0.0607485682073263	0.0803415932768448	0.004056700046367	7.94711793894287e-18	0.00152664293789256	0.0193092782028979	0.00140757793675905	0.136210123063853	0.000179422014104892	0.000590689923262236	0.000355221232565058	0.00745932084235011	0.000674109146718602	0.000815942130145578	0.101286839573009	0.00463442147516695	0.00232680310525667	0.00214827882984462	0.00189053388154208	0.0052204518156725	0.00962098388074349	0.00860356948894296	0.00908027035666105	0.00731528018707389	0.0126925641121144	0.0144504326828656	0.00464807147684904	0.000499421916747325	0.00253000320016604	0.130873077034749	0.000644157617001797	0.000123057815760095	0.00489945151810361	0.106569909648917	0.00170866613497294	0.00567462262975825	0.000894247417666991	0.00414371557003141	4.74018685138672e-06	0.00318606894864247	0.0229343084121146	0.00203424230983653	0.00375120878609755	0.00155942313878691	0.106820735710675	0.00182114142105087	0.00957499236030136	0.046582976173318	0.0109838524538335	0.059814547765834	0.000209852392752103	0.00959214430719575	0.0100129743102028	0.0100141399753213	0.00292519772896144	0.0105686888391245	0.00449313628797766	0.00229606151077819	0.00822162162295233	0.00199205118266704	0.011558162805915	0.00167257232613758	0.00728593198267125	0.0021278040063201	0.0065464969723218	0.000190131788557731	0.00493286656201359	0.0258762237712541	0.0361501174260903	0.00301459537761862	0.0065006972268669	0.0049380366075696	0.0010226927733815
A[T>A]C	0.00208495132028003	0.000837848274120424	0.00694020133827705	0.00335396077016755	0.00664132566536575	0.000526397124527207	0.000622380876578437	0.000434555266127535	0.00325481427501896	0.00100644996609183	0.0200940082757312	0.00272248275326586	0.000178288423052698	0.000302805926361552	0.012790168920349	0.00299372100359234	0.000408250848088977	0.00252011247971674	6.3215890575039e-05	0.000354805764545544	0.00080524146733122	0.00741440014680604	0.000924104440551842	0.000272479403399699	0.000839885883554459	0.000249318762583898	0.00498603409728657	0.00512236757499278	0.00671442254845669	0.00725392907278456	0.002727051992219	5.33003326182417e-18	0.00217401607168172	0.00841468050285044	0.00325965533891137	0.00139067721367611	0.000498626671077982	0.00190852866326919	0.000384577663587487	0.0057605696557347	0.000838617614692827	0.00107162928576897	0.0436615108545115	0.0069753261809127	0.00136365957612512	0.00158495211384404	0.00184303298248835	0.00283143125998992	0.00528909877574837	0.00655171863420836	0.00478889004032806	0.00421658272102051	0.00382685584499104	0.00357010628712072	0.00252824000423967	0.000472785408812676	0.00168666880011069	0.00679022628299872	0.000259615533222829	7.42627249309479e-05	0.00360146266023134	0.00127317988028865	0.00113911107851024	0.0024952930063816	0.00298394347481716	0.000601130201519303	0.00402600777273611	0.00624586064112276	0.00136669772229584	0.00254280237848119	0.000210710039448825	0.000396719201252342	0.0124634397969088	0.00374528175948077	0.000671925859901092	0.0230108677717024	0.00292585425770835	0.000345227753598684	0.000164980742525701	0.00341719123114848	0.00556619661256203	0.00533647483121071	0.00276263107995863	0.0276022025845188	0.00115108047363699	0.00179916108188237	1.53824940648007e-05	0.000803410562559154	0.00657552239847502	0.00280467728488286	0.00208918356932348	0.00204101903995466	0.0172434926850172	0.00736974496686423	0.00157717084913424	0.00487168957655704	0.0231726438659857	0.00467257747517013	0.0055823727922037	0.0039454176071959	0.0011345259612437
A[T>A]G	0.00106584914306066	2.4333169317583e-05	0.00927927122056622	0.0117816187928474	0.00874009957693155	2.13912457546216e-16	0.000545279858100366	0.00145161919080309	0.000200808996053825	0.00344802368786224	0.0215090788691492	0.0026645576088453	2.04923940627022e-16	2.10260053616829e-05	0.00115325095935712	0.000620468732723919	3.64222454525204e-05	0.00290138438054072	0.000572020426780952	0.000337637636042882	0.000517040110759967	0.00843938820527659	0.000185376763539796	6.19485666944433e-05	0.0024871339247631	0.000930789981766798	0.000291092382201322	0.000224839871283752	0.0576293189301582	0.0323910406997871	0.0049179956682008	0.000339571050731993	0.00193245873038375	0.00590636763963419	0.000578773551607247	0.00117159768509737	0.000158559571504019	0.00236657523713394	0.000624327722731355	0.00477358598600611	0.000673163597937842	0.000654257840169887	0.0340245111097785	0.00126048649289703	0.00241262804060126	0.00237742864806208	0.00102601846916238	0.00682296357880142	0.00896373074974121	0.00816745917151406	0.00873594232115966	0.00297122027765097	0.00478118355046491	0.0013505958446427	1.04992588593077e-06	0.00202622426802434	0.000468519111141858	0.00706525025314326	0.000453838963988138	0.00022989985551152	0.000523765733980612	0.0347059533676851	0.00114876499592133	0.00276505373591099	0.00395676504293614	0.00787889624048987	0.000481431210993206	0.00563390230262671	0.00439028199235885	0.0022274951359215	0.000332600892621632	7.06678628813036e-05	0.0201566107788564	0.00196543708811903	0.00371831398608663	0.000561240629913224	0.0101772592889117	0.000345227753598684	0.000156171943041772	0.00667765346241956	0.00511290983634472	0.00383343722905489	0.00595525632064171	0.0251823784416489	0.00368358763624888	0.0040647658296699	9.46615019372352e-07	0.00476023240099729	0.0149776166563039	0.00247058231110224	0.00314724047866762	0.00302830828723471	0.00251511870578933	0.000253628099160597	0.00230134350600493	0.0134180546088172	0.0164717192309445	0.00485863293123635	0.0038250387772783	0.0067999276965018	0.000724570073474
A[T>A]T	0.000180867627998713	2.24948569913375e-16	0.00621724385709542	0.0042284898301429	0.0062810623949497	0.00169180022526423	0.0036431358921761	0.00815459622338468	0.0510067913048207	0.040488359122389	0.0249314103705739	0.0192884661297405	0.00647016941715696	0.00270707042294799	0.0711361145556053	0.0220112139953378	3.32253288303016e-06	0.00277216805862756	0.000621086106990124	0.00186526220520322	0.00965602727712388	0.0111390366232129	0.00143053496648605	0.000630899198966264	0.00792796640393998	0.000675946653232034	0.025998467532589	0.00153342366866397	0.00252471833463557	0.0196927594556802	0.0021165784560902	0.000163257536814866	0.0018385386236514	0.0149087774258967	0.003005295970869	0.00255756629362345	0.00187463394149164	0.00197717270925221	0.000506882979035892	0.00417339929803775	0.000843534861279901	0.00503811117445688	0.328490452807043	0.00738369991844951	0.00309476842829568	0.0027958106212268	0.00273162001185242	0.00636040721310603	0.0113645337473551	0.0122495647940452	0.0242220446497091	0.0721474982777408	0.00691047984312845	0.00427319813381665	0.0316603370928472	0.00060839137005304	0.0019811035574874	0.0677700489087884	0.000696420791111541	0.000356980725773985	0.0023287330248957	0.0294102047788719	0.00121437011106665	0.00471544351797571	0.000297636739960938	0.0040307540128147	0.0287696858246808	0.00647933645962666	0.00867838773581871	0.00301058314194857	0.000727162816790968	0.0112401847616595	0.07095603068396	0.00756263441818059	0.00430170146546252	0.043903660307023	0.00448513525017127	0.0241815048397283	0.000385268561277273	0.00924314804512309	0.0134947179266703	0.0160027880016203	0.00329482541723014	0.0232233843570879	0.00473907462377186	0.000480202419365677	3.90888867029888e-06	0.00140828223855744	0.00859900931302332	0.00815349105184605	0.00232813075374717	0.00637895495122292	0.0555781141608406	0.00330696321732422	0.0148525308868819	0.0708326853468702	0.0520174336693336	0.00542777303625921	0.048881281387047	0.0108970063227519	0.0007752881261475
A[T>C]A	0.00107730135698021	6.22391334693059e-05	0.0167896113753601	0.0079849145086726	0.0468040476147281	0.0022523379662397	0.000481168595165944	0.00100333978997701	0.000289742508406486	0.00429511517360328	0.00974319488160966	0.0207172416254187	0.000723765360197734	0.00888109090244717	0.0180599002723889	0.00517889361085574	0.00111561272942836	0.0723516363356178	0.00195754974746094	0.0127039457859148	0.00393731146437399	0.245058794568191	9.45405676722276e-05	9.69836688107052e-05	0.00204266486997492	0.00267691345193518	0.0108665468734157	0.0160051074451042	0.0251243639738083	0.0595716569869347	0.116368254810236	0.000898422638909156	0.00653702485604817	0.0207121939472418	0.0830127334665879	0.00508492554758663	0.000605397070491348	0.00197717270925221	0.000632052541633299	0.0204657078066038	0.000935484315282431	0.0124213786587582	0.00480261291271814	0.00204379211176434	0.00529235668893793	0.0739830109868481	0.00280191910798629	0.011639960152191	0.017164960791755	0.0179237173376276	0.0254161955190884	0.0149270684304796	0.0117024171983692	8.86399686896039e-06	0.0198391069003963	0.00137768042935916	0.0183252079067584	0.00283711921430327	0.00113490864333267	0.000618160596988206	0.00254131393360591	0.00258211614876044	0.00382679454418505	0.0115085342362641	0.0288737139440637	0.00447290265916826	0.0124007267854323	0.02731384267037	0.0796590858004222	0.0106983204500622	0.00128851749524973	1.05513632781791e-18	0.0298478581378845	0.00376214598196695	0.00942432857421606	0.114505493631173	0.0159123253556668	0.00588670442602971	0.000308994959762311	0.0897894307341109	0.0350109187844352	0.0137132427247267	0.00185503004784984	0.032255489293192	0.00925885268876966	0.0230768668519827	0.0387893584667017	0.00731740711025152	0.0573932292882654	0.0107531673585042	0.00693853719033046	0.00874616145421352	0.016997813881607	0.00970474523600721	0.0129865566456064	0.051259303911779	0.0200463199245147	0.00626157349753491	0.0238852761815111	0.0190691606477258	0.0017968763374488
A[T>C]C	0.00300458431731927	2.1687866605998e-05	0.00789620468948789	0.000718140469994352	0.0135752003830072	0.00115164769354645	0.000222908404109493	0.000448552160770554	0.0005362254374411	0.00387151527363407	0.00499625504117089	0.0107158151969482	0.00351681880065983	0.000484423278295315	0.00899851968364949	0.00320573267623416	0.000917933749474712	0.0396164527954946	0.000145535363252085	0.00635197238905394	0.00198383794862183	0.0130630513769253	0.0124436989331441	0.000251163780245919	0.00211345026625017	0.00061393301855802	0.00462082126287069	0.00958389768954113	0.000910270278868085	0.00136613102606694	0.0048423414957904	0.000180495236774649	0.00222667458934561	0.00950559652671328	0.0255499101990663	0.0018627943080589	0.000486302582900582	0.00231006471716533	0.000473780746534868	0.00742383562757873	0.000700613438205842	0.0037264128030067	0.00127861781805811	0.000822525866438538	0.00170363501000739	0.0387578119445783	0.00164700639046169	0.00586155115452389	0.00317091266493449	0.00485165801412799	0.0112656672034621	0.00600192507080395	0.00354098990810775	0.0312502605290028	0.00333050283806572	0.000420342799225537	0.0473483750239489	0.00568426337225533	0.000194997491536576	8.21317180701506e-05	0.00896706953195371	0.019241252110985	0.00191850040518665	0.00376828161699335	0.00766340010840273	3.45427023625254e-06	0.00611107866313354	0.00991923797405691	0.00487850108296783	0.00280629271484801	0.000276681697762998	0.000340949367016786	0.0206043517166232	0.00215092833007761	0.00318981672474855	0.0468701246610435	0.00348184532117666	0.000190405728446619	0.000153369565474987	0.00466862918500464	0.00334588371026594	0.00518381711607729	0.00404938190671398	0.0400993613164071	0.00349192946110852	0.0087451684218375	1.21957326513325e-05	0.000724762194612852	0.00832941778720747	0.00488094315021367	0.00261878393880952	0.00220309029832088	0.00864635948997228	0.0302143544786747	0.00185306826899766	0.00560940666151321	0.0072909693465421	0.00454833547565753	0.0082991010806858	0.0074040300754093	0.000408611126598
A[T>C]G	0.000105805888788749	1.3447595064884e-05	0.0126402051058729	0.00507183916461682	0.0390838305953811	0.00436414664723082	0.000185453180329997	0.00149015557426731	0.0010871667519526	0.00914315773971679	0.00702998792619695	0.0147388720375713	0.00209965282279437	0.000509380016982027	0.0169585995767257	0.00858137009408433	0.000316264973793033	0.0699925755418414	0.000443011855173816	0.0126264738959568	0.000245331269975749	0.0653503774430007	0.000372070586742783	2.24482737751443e-16	0.00212422888920862	0.00241123102869548	0.0190771306697505	0.00375548653991646	0.00786836935047727	0.0130088435466683	0.0775938076915007	0.00048132316076027	0.00181553728898376	0.0201094945110208	0.0776087770915363	0.00578625818580081	0.00045103991660498	0.00280164819021093	0.000289390320170271	0.00822706536780083	0.00110021914924077	0.0736627880956079	2.0480733529156e-05	0.000930864930985034	0.00390942907254253	0.017124962222107	0.00220091541900711	0.0101181896240559	0.00836019963049373	0.0147079481074996	0.0302085132634935	0.00841706011636551	0.00872134903529685	0.000590879866759406	0.0282374861409734	0.002102279182283	0.0329128430332465	0.00211606833974935	0.00029696511731092	0.000203686456485725	0.00110274092708733	0.00397709018365029	0.00270020974644301	0.00848570373033947	0.201726751645581	0.00417463569717157	0.009568255890123	0.0106814625046346	0.00674583199159295	0.00382232385421939	3.54931389399782e-06	1.22545885585036e-05	0.00516995041550268	0.00370586180637162	0.00100520313780144	0.00659104053868849	0.0149585291342896	0.00011217302996177	0.000635495297426803	0.0407835544959485	0.00645983735336821	0.0028734933784778	0.00326715580919635	0.0418625791196906	0.00693435796183642	0.0171535749804793	2.32651911861859e-05	0.0060074386159461	0.0526327184762634	0.00777394693896116	0.00465646977894874	0.00211710922337692	0.0287975570812146	0.0103580099988054	0.0152295192222545	0.0329074095126285	0.00631053898996303	0.00484085002448848	0.0180141689987361	0.0064835568771568	0
A[T>C]T	0.00572947984468805	0.000157911441321005	0.0177785000564448	0.00158241430629742	0.0391861442826814	0.000516698093743352	0.000609913915177345	0.00213588982206627	0.00269251589199045	0.0507400457644782	0.0150067077276765	0.0298900204250922	0.00329665151860923	0.000143892638485385	0.0127907283108594	0.00569835003000309	0.00117610963110158	0.0633407989858657	0.000992636968963044	0.00607903574723404	0.000949638079950494	0.139086876255216	0.00770860121275857	0.000547579836212951	0.00433016034192319	0.00181625262182978	0.000105641990019936	0.0247784657866823	0.000766970350827219	0.00609125827436451	0.0340319183211865	0.000267287697979635	0.00251699450293635	0.0146526468913894	0.0367776616068528	0.00263381595444115	0.000662638876076284	0.00117159881562328	0.000569377448110825	0.00858168026308292	0.000615718973428318	0.00924297476892049	0.00245665348388199	0.0020539733763606	0.00521257209672337	0.0489284637829146	0.00353972133143871	0.0142746246620035	0.0189548381210331	0.0201512374350049	0.0230915923507747	0.0185300934620941	0.0027508928055694	0.00887328214949464	0.000277184496910304	0.00148276701346444	0.0306119451920165	0.0013162143836988	0.00115660142170056	0.000490885255759891	0.00480131246679864	0.00188282459566944	0.0050706234885629	0.0073851337006707	0.0078194078374253	0.0142269921670028	0.012423704985099	0.0185629295007524	0.00815496199860296	0.0117275843304943	3.66022995318525e-05	0.00999778246395318	0.0603906310955799	0.00470224988862081	0.00575883074041354	0.176160553609866	0.0120276895614822	0.00298059914016536	0.000244800426951597	0.0300619572379431	0.010960050914892	0.0233002311493555	0.00284846731910495	0.0329527347426899	0.00723385059131832	0.0186955790421849	0.00229372362083473	0.00277961497708348	0.0192039252111634	0.00984016272146889	0.0162845908373543	0.00355565845415712	0.00491975841130022	0.00369336896653281	0.00766224291595117	0.0436565581269422	0.0240207656280834	0.00675185173861839	0.011929253179197	0.0098594263666884	0.0010795970991723
A[T>G]A	0.000171685196561156	0.000242471345349078	0.00405925322667387	0.00106508637673734	0.00394930832978991	2.64379891676953e-05	0.00046908838891653	8.38681722641369e-05	0.0120909190021286	0.00368114085017362	0.00165174527391506	0.0464841355220486	0.00188380072762384	3.32876075377196e-05	0.00252155027498156	0.00695289210544131	0.000215454871897412	0.00199553256972375	6.35563913063251e-05	0.000215871844683643	0.000478396538550759	0.0114542139043319	0.000842107185726491	0.0014192775130223	0.000736331417579359	0.00243210825185283	1.07644171611918e-05	0.000379420664806838	0.00236484832589892	0.0111743878239957	0.0039264909367149	8.48441401060323e-18	0.00331129258245456	0.00533558474346879	0.00288684910962018	0.00115928591651975	0.0109920099844937	0.000414644294784168	4.07516942948051e-05	0.00372852195101345	0.000389618487591984	0.000982504968725324	0.00296058245751388	0.00308601985019506	0.00110970782699761	0.0221197435071784	0.00116638380818578	0.00407246602790191	0.0055358580157045	0.0125540249285145	0.0045698880979936	0.00788314186220898	0.00122261913787837	0.00265190110161226	2.49091165015925e-08	0.000118824440188104	0.000100039036575217	0.00017313245909967	0.000538705153592926	0.000199613378722769	0.00072507658325486	0.000727958584107269	0.00178296283761667	0.00472113662568574	3.86412521386447e-05	0.000272078055806179	0.000121231505417683	0.0073214687236161	0.0134916649829993	0.00194373906630409	0.0252192939340843	0.000135480337404437	0.0243036657707832	0.00503097693149191	0.00821652795917582	0.00838859808762845	0.00533342394155233	0.00565672937102508	0.00248550407472784	0.00210431084587692	0.0261601441706809	0.00377842099599545	0.000326161489634582	0.0139782102144394	0.000785533902510061	0.00681886434210339	1.66330326127483e-05	0.000721926052557284	0.00332572069044656	0.0012279506995003	0.0336971502472224	0.00428308827295665	9.26238493002005e-05	0.00364988546838119	0.00131805181790314	0.00816924073719873	0.00422663214624498	0.00195407765870486	0.0021948481348093	0.0034101140678174	0.000370459722163
A[T>G]C	0.000173980033494127	6.3993347283649e-05	0.00224981907663961	0.000135805837775571	0.00223991940636734	0.000176802801823849	0.000206260112431739	0.000779617009151327	0.000898311294439065	0.00222837209836776	0.000566501310770106	0.00601432327848946	0.00102442612280671	4.30532186340826e-05	0.000824989112315195	0.000518240225817822	3.88914244643133e-05	0.000555080828365544	1.93494730157705e-16	0.00254649137325381	0.000357203676346735	0.00379761691238256	0.000583258601659805	0.00379709661211384	0.000737820348561369	0.00166117008733251	1.83867991577834e-05	0.000356156381726527	4.38074114602752e-05	0.000900234907956552	0.0016954641403752	4.6794246599679e-18	0.00121603397252311	8.51021819921591e-19	0.00210613895357868	0.000821162845597714	0.016223006534563	0.000700855384599974	9.67653977124904e-05	0.00211575744684247	0.000364615561836931	0.000255202117362193	0.000408409442793919	0.00082300264542194	0.000534066492688939	0.00909811676472251	0.000913803251660005	0.00262486838409562	0.00402179310849769	0.0133350001065587	0.00263723139717453	0.00144568424442795	0.000347448291813685	0.00345558257136941	2.8489838681847e-05	0.000499410785805927	0.000673883457619816	0.00146634818156226	3.59527478549387e-05	7.10436810510874e-05	0.00049877951805501	0.00346750376748253	0.000459067852723348	0.00251163914885556	0.00132860117053225	0.000804462049885575	6.74199404591932e-18	0.000688963062302648	0.000663106144225597	0.00142637799988849	0.00891882257047231	0.00114039871135059	0.00294876280961727	6.47689852077236e-05	0.000585671081141893	0.0045407659277334	0.00111482072741148	4.04898121857276e-05	0.000115316377141498	0.000307322494996212	0.00206847092601548	0.000784667689532914	0.000178464658463645	0.0055021027786883	0.000491937211411009	0.00191974761176279	1.05484007609038e-06	0.000150425669037934	0.000966788564343117	0.000834389463327454	0.00323046084732288	0.00123943193173589	9.40150642959363e-08	0.00746030043216848	0.00243134663714356	0.00500237027157023	0.00147886706841342	0.000648874139527453	0.0015913295206656	0.0034752302550636	6.2591165860353e-05
A[T>G]G	0.00022524959315501	1.75853032079732e-06	0.00545148555067272	0.00121285554512289	0.00684036926406026	9.27350237147227e-05	0.000230477065833004	0.0012296542774916	0.00051674320220516	0.00887997724948869	0.00404522625558283	0.00462573514302554	0.000264368218227635	0.000422449005123729	0.00087547278103016	0.00079361509660809	0.000148963296845096	0.000675459913967848	7.19068253964443e-05	0.000607899337985846	0.000159235653730164	0.00397845593603004	0.000599090415956496	0.0008390904116472	0.00171126155144292	0.00155569866360064	2.32208871992663e-05	0.000152405580074615	0.00252191466456955	0.00335150455970492	0.0021166133938201	4.89486778427582e-18	0.0017893073170575	0.00607535371308551	0.00190634665220426	5.79937832615604e-05	0.00720189016013692	0.000360293120430089	0.000360672387598545	0.00342957520439036	0.0010793983018264	0.000401394383208178	0.000174148370195818	0.00381682470273902	0.000802385931349059	0.0144196570020511	0.00176782492629038	0.00676986297103576	0.00454019196066651	0.0117619757122155	0.00611767698758502	0.00238008995760379	0.000546480905872007	0.029631412494776	6.52819309672997e-06	0.000841473987232111	0.00134776691523963	0.00313730391898412	0.000307958961577357	0.000108050668732983	0.00323754951005419	0.0235688533095657	0.00103268696654309	0.00438237708847865	0.000967019253980977	0.12679024836578	1.07163109365676e-05	0.00107404894344697	0.00228048033780427	0.00155438711463386	0.0221696442870424	0.00085483424438375	0.00385065111597972	0.00152574818779343	0.00233757134791416	0.00201811819010373	0.00438164152368026	0.000202398229562691	0.0010695853160633	0.00106019711432281	0.00444178555133201	0.00177662314778486	0.000183242299088139	0.0269567265605072	0.0014221587981501	0.00771004488007425	1.24098832481221e-05	0.000398757478530387	0.00594273822132831	0.00159058611302736	0.00303284756891842	0.00123798528486137	8.65707805685025e-05	0.00464001007077853	0.00197101188050803	0.00512234860379953	0.00366921725907711	0.00536742658604864	0.0018607427972279	0.002835842818722	0.000819285962601
A[T>G]T	9.41341081642997e-05	3.2254019542429e-06	0.00343530153199183	0.000184490659327136	0.00416108105105933	0.000334538702761192	0.000258034605211225	0.000613154117530117	1.89912757183657e-16	0.0119795913332417	0.000627561256114477	0.0207420376060804	0.00761710655127339	1.79321098250775e-16	0.0110034667870666	0.00410081267874516	0.00023717619424491	0.00107003557348218	0.000278899120379474	0.00951718803305683	0.0031244558386246	0.00685465566334603	0.010415338480419	0.0585668166710625	0.00158227249683737	0.00142385982361257	5.02399864311264e-05	5.664544184044e-05	3.57489052425338e-05	0.00287498084430947	0.0016243374329664	6.40296965443122e-18	0.00409108693123045	8.51021819921591e-19	0.00493652281471177	0.000219205364551706	0.107840797371243	0.000694850527849944	0.000698473193877431	0.000667998975594246	5.48253175457727e-18	0.000640540150865812	0.00101660261894106	0.00224068036780317	0.000843533795911337	0.0212003294890732	0.00244250272419616	0.00567395846566561	0.0100206943278711	0.0358431236273506	0.00794122304960466	0.00670832834924556	0.000781544228918276	0.00478857241844722	0.00124128304509657	0.000141955899289351	0.000505412593214862	0.00688842794750496	0.000174597943235341	0.000108050668732983	8.46362532510919e-05	0.00180581514025339	0.00161411475622475	0.00178412990202892	0.000285901198438306	0.00199366754148653	0.00485090353102344	0.00521306475824617	0.00175033216982456	0.00314534708587852	0.0139303517102448	0.00158367115459915	0.00272871731265887	0.000999887822256034	0.00189072119217468	0.00655888499218691	0.00342462087932807	0.00179459962196901	0.000187490879095487	0.00303170298153213	0.00688302281899936	0.00195841253743056	0.000411650238869786	0.00740440759905713	0.000833413088642309	0.00401464571663897	1.16121050393143e-06	6.36132716437802e-05	0.00629786769278125	0.002341452421041	0.00701484940134447	0.00483424608301094	0.000303061833169934	0.0128352908128981	0.00320138415397195	0.0128330028469076	0.00307616324651969	0.00178815910639062	0.0048835792445647	0.0010550419043978	0
C[C>A]A	0.000304662360921789	0.000207304188005668	0.0226200237098295	0.0800811913436274	0.00743676523455196	0.00183259411365633	0.000441434384128842	0.00110791591681841	0.000108342719789963	0.0141127030367906	0.039509820038645	0.00483984004898929	0.00305226616835136	0.000488929810452698	0.0170698934466359	0.00981552733471903	0.000597517540470547	0.00526409400736913	0.00141762441033813	0.0162371394819615	0.0418003812061436	0.0104050008811181	0.000285575677423256	0.000266856908109711	0.0739318076166864	0.00134791464067665	0.0377267569354358	2.10217734838072e-16	0.00181309643899839	0.00606373939552487	0.0264363769316079	0.000151279101491991	0.0256323089785504	0.0146309088100981	0.00136370975952714	0.00504376741768304	0.00221165524612369	0.0540184018185875	0.000784922703582612	0.0106055753634037	0.00122443548776275	0.00265080198294789	0.00200273801262906	0.0295959010177016	0.0555747871520183	0.00321098110825515	0.378033383142606	0.0103707146444292	0.0138116919098165	0.00879015929241399	0.00850731073245856	0.00243748991995491	0.0115619055380762	0.00653998384317978	2.88354639682525e-05	0.236460494551344	0.0152670673139958	0.0243657650070721	0.00120282970778882	0.228155170458295	0.0214802306335744	0.00687519974631234	0.0578721560350585	0.336079398232232	6.17332051247261e-05	0.00634942105738796	0.00243076297232523	0.00882621010505122	0.00604201458204324	0.00236892450899046	0.00116449130051467	1.04246723947967e-18	0.00425305067946208	0.00629593996126442	0.00864671483484376	1.01583089172199e-18	0.0245760491666173	0.00120709937192692	0.0083398491516244	0.0184511947827092	0.00652605930703859	0.0794250815398906	0.058823568767511	0.00926533599690953	0.00809616891851168	0.00162616457840779	0.0226473409503367	0.0778929759859604	0.00731413163390732	0.00525676648615446	0.00974699246566037	0.00800749389135639	0.0165050234708067	0.000659033632660982	0.0177176354596143	0.00207175891512191	0.0199962851428892	0.0112953138545564	0.0223762646490456	0.0172054735369312	0.476580024652572
C[C>A]C	0.00174790504456194	9.49784579143876e-05	0.0254349594934865	0.0790888593579473	0.00614559065143325	0.00411830239981116	0.000232844893870669	0.00150637680211852	0.00307137184322515	0.00313399389707409	0.0382289535290808	0.00193593622127244	0.000193886387524512	0.00298425275463991	0.00946903606271102	0.0145693950773031	0.000953320853042238	0.0041568863688111	0.000980185887773364	0.0196240269772652	0.00505004592923689	0.00903434214776898	0.00112294213898555	4.04744942387441e-05	0.0195819380285275	0.000783220139824082	0.099233411207874	0.00246189398205107	0.00435965628994689	0.00504118885912903	0.0196291190670507	0.000631163103908427	0.0352191957699811	0.0077306559701544	0.00146042623564959	0.00221846158907666	0.000118754129963179	0.0367763657641203	0.000396549192726194	0.0114976332340055	0.00485824501963765	0.00187519721273156	3.77084326598462e-05	0.0326643727746254	0.020118471431009	0.000811719697431587	0.0689588456702767	0.009302839282416	0.0108855312981016	0.00592716420744606	0.0117226732711807	0.000941198657262419	0.0326922864460935	8.08694185389909e-05	0.0307723938649952	0.150023255819091	0.00704633876030576	0.00521982020730084	3.63707839335929e-05	0.0284944884793253	0.00275901659661251	0.00312240458788106	0.019156288590061	0.00357210160983258	0.00251076857251146	0.00380965182186263	0.00654737768352119	0.00399715706148064	0.00178913980824324	0.00629942671915033	0.000249674556330367	0.00544019034686589	0.000305431800739188	0.00324437419719802	0.00610337267916377	1.01583089172199e-18	0.0144583265923504	0.000454622330647792	0.00466264832340783	0.0138809247935335	0.00481607972019684	0.0755183147504022	0.0380486630351278	0.00265264517813096	0.00583556460898965	0.00270761669063386	2.6570246257287e-06	0.059508444687925	0.0121974399177172	0.00523675531589863	0.00668651704068594	0.00693757353307446	0.0124111379717223	0.00102919777517228	0.0347568122538513	0.000893858821981445	0.00916506737177151	0.00650165202127072	0.0062541643261962	0.0306214789632705	0.0003790047481581
C[C>A]G	9.0992075236451e-05	2.22247598267665e-16	0.00252338886320677	0.0243121341453702	0.00346315043224088	0.0016614179615825	2.16211176623358e-16	0.00039651763363939	0.00189848579453729	8.28396905118378e-05	0.00335981239084008	0.00138137060642731	4.45327517678667e-05	7.86427420635903e-05	0.00235452998598006	0.00100042947969677	8.89208981989035e-06	0.00113634475834439	4.38470396314988e-06	0.00137467788331218	6.6186421150059e-05	0.00174083642028477	2.14880846768245e-16	2.19606136623843e-16	0.0119889412629757	0.000240990576489484	0.00745504860661555	0.00187482686815334	0.000135983004831219	0.00105527461272914	0.0042328896661994	0.000130239497013003	0.0161463359672858	0.00126537629258084	0.000350115519619004	0.000264624077285287	2.41895059519262e-16	0.0147504128195053	0.000415968226044541	0.000326096619019059	1.63932756960065e-05	0.000364239689911411	0.000306059928570891	0.00217762518169892	0.00707134412595276	0.000744907298772733	0.0506028935094886	0.00589385148367823	0.00162577809983507	0.000977459037219088	0.00315625191261621	0.000267304662373913	0.00187382633111562	2.52470379829045e-05	0.00379830783188881	0.0674607881134172	0.0044039617251911	0.000268420084430398	0.139650610868676	0.51310005724285	4.94521500136602e-18	0.00423543750796728	0.0137118700142412	0.0681214819112261	0.00579333114552307	0.00065119675885738	6.58790111813715e-18	0.00108552213815132	0.00142740162348453	0.000865772613215505	0.000374019116119474	7.2138732971993e-05	0.0001568445432065	0.000570413446628144	0.0202155782793343	1.01583089172199e-18	0.00327715101812645	0.000219940807397062	0.0023685876439475	0.00525379680878852	0.00151466137618689	0.00618599415207215	0.0149075303048073	0.00144230097697346	0.00145968470418641	0.0558000754951552	0.0012480590489936	0.0126230657859056	0.000627951294497059	0.000952118935852945	0.000713104742103991	0.00106453162040533	0.00359868858003389	0.000741105424124214	0.0075986868777921	0.000382632379140201	0.00213182112573193	0.0019986862289593	0.0030181820247112	0.0036422803314106	0.0022846423088619
C[C>A]T	2.23332246029701e-16	0.000430413218830326	0.0158814499637212	0.0702368447897475	0.00666344577231743	0.00991573890072591	0.000370218027857724	0.00148541180414104	0.0137646943087196	0.000116811839375844	0.0333528948202462	0.00316497345535856	0.0170333592209511	0.00801885653289032	0.045086200062601	0.018670497495783	0.000148769373658719	0.00109591257450109	2.30602636307035e-16	0.265677126395771	0.0294404722227471	0.00255544835342451	0.000136043594922889	0.000183840534437679	0.0372019021047874	3.60509813501036e-05	0.259370800984388	0.0185518933366373	0.000111798095312415	0.00466396779946404	0.0155015192905277	0.000596056561697994	0.0177014575166353	0.0127772986570055	0.00708369457044247	0.00316349907196238	0.000226869172476727	0.0530601797054857	0.000311372632981904	0.028367009766968	0.0027044838810526	0.00254796235707148	0.000653190947319595	0.0837670540283928	0.0618098790523694	0.00181056443965968	0.187275908824589	0.00635131339861456	0.00691204891897368	0.0103693298045441	0.018229927172746	0.00278400943161721	0.0215731134854772	5.28080199746788e-18	0.0903226490523552	0.197716210699155	0.00833236003793648	0.000692928204842888	0.000883563903142802	0.0500783283123692	0.00112619424696393	0.00512267387570921	0.0194435039446192	0.00507831221548378	0.00554188672325911	2.95902153585807e-05	0.071686834667635	0.00854391812694025	0.00196565902306668	0.0022011856911472	5.47418468323825e-05	0.00603156162798522	0.000880737176459612	0.00350006491501186	0.00506385175127635	1.0420302547194e-18	0.0170988891841064	0.00106134120431155	0.00338351422254128	0.0127978251358766	0.0103654654203632	0.0406769275652783	0.0570533255379169	0.00266530209029483	0.00475665279930215	0.00114488927985401	0.0123707159218579	0.0657418640573176	0.00588048554798824	0.00285650101811168	0.00278495106771669	0.0104384861984837	0.0720577318975838	0.00127146229769852	0.0609937292944643	0.00341499387005286	0.0145138172124381	0.0100000389642107	0.0394686853450093	0.013320062561787	0.0033325509422063
C[C>G]A	2.41359064094879e-05	2.27979601054513e-16	0.0199033761126158	0.00797035488372505	0.00714600656014319	4.24284877949578e-05	2.21787493652711e-16	0.000456589470557197	0.000210038713589596	0.0013178772390002	0.0050534688815302	0.000923634539468145	4.49921414427379e-05	2.87835747913171e-05	0.000110690076755815	8.22308239033366e-05	0.000258858353628334	0.00133502135215442	0.00582713437311396	8.73285434609487e-05	8.57385430586009e-05	0.00364330953453034	0.00054914084415804	0.000195961677440062	0.000628230441021418	0.0018540464271727	7.91130257937264e-05	1.91355749988536e-05	0.00106713215025089	0.00350325546144064	0.0046356436244271	0.000178817071213492	0.00270180160105339	0.00730131351828884	0.000361129332614711	0.00482688677992285	1.60951648413099e-05	0.00336354482444396	0.00133146044595364	0.00208431408977865	0.001164852607944	0.00151064988938174	0.000125370620831779	0.00391928283407237	0.00126684732067635	0.00045212975734877	0.00172008893240435	0.0303346306545656	0.00414548606531744	0.00737886501917684	0.00731865054166523	0.00218518504286786	0.00435551908408264	2.11434409477162e-05	5.5825459473878e-05	0.00145739235912922	0.000501949399875691	0.000971318730193337	0.000103879474290885	0.000220753311355117	6.42418694567177e-05	0.00287961022694091	0.00122039017972278	0.0028075221165679	0.00113242896159135	0.00306379902977021	0.000205106576524888	0.000924117203955159	0.000796292794051034	0.00226656737958287	4.76587982588764e-05	7.61379750610016e-06	0.0012522188664959	0.0224052291262346	0.00701254784875707	0.00481029508801404	0.0157620689155679	0.000353780053278159	6.93491607910113e-05	0.00245852412303825	0.00347988613554987	0.00937386793397521	0.00463825341577496	0.00241339374861054	0.00330535674034583	0.00971876267532477	0.0913313565642431	0.0114712655233357	0.000895665256152232	0.00175892451483193	0.0106543665752504	0.00260197611579558	0.000137327723973282	0.000379053351431152	5.43030080073047e-05	0.000196859520456258	0.00417194384829925	0.0127069125980953	0.0007103612170798	0.0012681018235976	0.0018618424514902
C[C>G]C	7.6914423744758e-05	0.0003588480707002	0.0145408082577065	0.00699314693415257	0.00931239647995671	3.84024269093048e-05	0.000130372258320474	0.000957044054431101	0.00230431178042623	0.000285540051807619	0.00551838759816538	0.00159282960240814	2.19545898068502e-16	2.13710822865297e-16	0.000208502370221978	0.00012566419898168	0.000175547345918191	0.000887689543961235	0.000673080274101378	8.02809767956791e-05	1.7434871196127e-05	0.00465933110718089	0.000233360284597726	4.7074361522715e-05	0.00231615161181762	0.0018959462610494	4.50604750294567e-06	0.000265165645289952	0.000792459318479163	0.0028620515527114	0.0050085100657571	0.000262059766530361	0.00540360320210677	0.00466472808112898	0.000319461212069178	0.00128580886550646	8.43878434388123e-05	0.00648172484156322	0.000831375950635633	0.00189113384882806	0.000834642621681304	0.000412910661055374	0.000124316643355261	0.00639675721503912	0.0013996620415459	0.000320173182243498	0.00128243290946647	0.0397088752086045	0.00449540393218982	0.0127129768454696	0.00855181884991077	0.00126068347656352	0.0067684367867708	0.000214514877309018	2.5933842180962e-05	0.000815324311174582	0.000301169639925415	0.000240798033611821	0.000127567965676715	0.00026163408377713	0.000283017751750928	0.000121246437883892	0.000863580673640982	0.00622403004617982	0.000884897904252622	0.0029804306818154	0.000226220710643591	0.00298672909588685	0.00128369552472602	0.00188517419704149	0.00014374743520706	0.00367941683508769	0.000215034261458841	0.0624248247622157	0.00346103161666615	0.00120257377200351	0.01085023085787	8.04247349613045e-05	0.000211031376234177	0.00404268504217921	0.00330511819109637	0.0153667407181904	0.00423842114504912	0.000997227270802394	0.00347114910008217	0.0109568359526689	0.0171782571028801	0.00710724388387959	0.00200571950637299	0.00207146107751083	0.00449060663473528	0.00135712020607107	0.000545093656223805	0.000365389469632487	0.000274043653386433	0.000244715612832357	0.00474369832763886	0.00342518279397968	0.0010555142856364	0.0101012324732327	0.0016168730057251
C[C>G]G	0.000276838782607308	3.90914064462869e-05	0.00121456801746531	0.00271741553616888	0.00200731128628512	6.83289133995266e-05	6.05975575429779e-05	0.000619153941396219	0.000209746757957712	0.00103475174101581	8.33273642458983e-06	0.00035488820302341	1.55373779467959e-05	1.67798365044648e-16	0.000142131596842874	2.29177401773291e-05	8.70928203603809e-06	0.000135329171120771	0.000397991351341377	1.53173867358669e-05	4.04235776289185e-05	0.00117647234734975	0.000180886902470809	1.76874242575815e-16	0.00288073154789642	3.95790105981365e-05	0.000151928529421602	7.70296408159321e-06	0.000192469602929124	0.000455794561859808	0.0034132056856023	1.49989863169958e-18	0.000768079171208976	0.000656079961693333	3.24788158054795e-05	0.000289250829759471	1.94826092262559e-16	0.00104353270386938	9.87797547015153e-05	0.000681755142614508	0.000427079167479915	0.000251455300275902	0.000157167679161282	0.000693584846616085	0.000336107525506414	0.000257814484930459	0.000764780939141931	0.0101721450311145	0.000752017807306496	0.000880452150253774	0.00214052805331051	0.000339022239450546	0.000377302112175633	0.00201798051477608	6.28043817866146e-18	0.000514532085099285	7.88226702841076e-05	0.000534490241631487	2.97859318950867e-05	0.00019098199898714	0.00109185458333987	0.00161044513471179	0.000461239323695227	0.00131289688930349	0.00034149444310825	0.00021601246404773	5.25862436597012e-05	0.000623446878497133	4.02551543277089e-05	0.00059035848590913	0.000267857601835931	1.84716298779742e-06	3.22927924837839e-05	0.00261663522005055	0.0699756628829101	8.18166205738596e-19	0.00334546721854174	1.26293454442053e-05	4.37900656247468e-05	0.0012825862352873	0.000627359214455513	0.00147483189607454	0.00116942633451291	0.00103091253755522	0.000677625269677432	0.0829559274994566	0.000510184070536345	0.00223795464137853	9.0857427914708e-05	0.000430210114097877	0.000672072767898518	0.000695565998875025	0.000542524119164914	6.37490102691337e-05	2.60280460441872e-05	9.24934471434465e-05	0.00186773698040855	0.00148474814685773	0.0006646874648847	0.002900595572851	0.0003610249946185
C[C>G]T	1.75352774572177e-16	5.10516108826251e-05	0.018056581097204	0.00545081559690488	0.00768260102742859	1.16718428582821e-05	7.47317816606055e-05	0.000696646053349488	0.00339437498983494	1.74053196442718e-16	0.00435665458128685	0.00246066535966801	2.32674167262963e-05	1.67798365044648e-16	0.000187908376381249	0.000182397552469946	7.50397961140782e-06	0.0012203066303284	0.00521955333123707	0.000142810973568048	6.80436715068448e-05	0.00775182531841736	3.0403911564337e-05	0.000153069190367618	0.00304971294002346	0.00264828261572541	8.15838577649681e-06	0.00013193575865376	0.000255359729762847	0.00256046339898599	0.005534899552476	0.000183166653226616	0.00382820373627188	0.000156058210611651	0.000486858227792622	0.000214734767957248	1.94826092262559e-16	0.00537017749771836	0.000839625856691126	0.00273021388528066	0.00039367694521116	0.000523469550619154	6.09074409555094e-05	0.0129150328258678	0.00167652500931074	0.000466635970988214	0.00101491352769787	0.0332455480017582	0.00514930291370573	0.0180586180197894	0.00844990144145434	0.00414910094368071	0.00549095195409111	0.000677691867151845	7.06549295099414e-05	0.00152839323234997	0.00118234005426161	0.00010929091904143	0.000201144480142429	0.000153267228144405	0.000393682716532708	0.00207057276950144	0.000974449000852509	0.000411698162764501	0.00104651472131687	0.00270833364728857	0.000607067914306105	0.00234507664329654	0.000984290516271106	0.00296034662518767	0.000116045038839214	0.0111738650627405	0.000388866272555225	0.0333571221855272	0.00782130740344097	0.00236054859181083	0.0127033238466541	0.000239897697062146	8.25360733158265e-05	0.00429875999434835	0.00489493299369644	0.00684433824675675	0.00292996531353481	0.00123432966730083	0.00321648422683822	0.00732369156946771	0.0323827547776815	0.00714235193682307	0.000878840371648689	0.0018692013003109	0.0206474766078318	0.00325075314718577	9.67705766466482e-05	0.000456676869254262	7.67226711087119e-05	0.00054156436695894	0.00647931540714031	0.00363138963877746	0.0014303298523925	0.0032061294298049	0
C[C>T]A	0.00157294977300147	0.00346775692553932	0.0130363658156258	0.0101503457502562	0.0156392935588932	0.0110294538069694	0.0390701799564791	0.0837540240763716	0.00216951834703274	0.0279069462634352	0.00211881012553533	0.00587960862240247	2.84465427085616e-05	0.000114131610473026	0.00296622253814608	0.000717315784347567	0.00316939871380696	0.00515501422793824	1.57409090983189e-05	0.00219030530552948	0.00869857009909423	0.00577760788518438	0.000640122394900598	0.000362448635675459	0.00941468031843157	0.0978713155977862	0.0085661879399813	0.00102955606172413	0.000965551201967165	0.00322481099785378	0.0086978117690983	0.0501893096469991	0.00437276802398953	0.0113858579718931	0.00131646532089362	0.0139417226236413	0.000256227027150622	0.00610867742924754	0.090547885359731	0.032890296021361	0.0134406756373562	0.00362949685217482	0.00392919197903205	0.00406584418430088	0.00541461386909735	0.00289940700625458	0.00338837219361295	0.00753400310424441	0.0200605552634403	0.0101306619137004	0.017927821615224	0.00569985810480015	0.0150118144261768	6.05264999460497e-06	0.00292016169452277	0.0017124406519833	0.0223856383606866	0.000689252885266244	1.49339934019443e-05	0.000377148510340366	0.00295262152736039	0.00256243271527321	0.00265537364915906	0.0118322789475045	0.00265169563384429	0.00593215100741375	0.00023524842996954	0.0121747882647935	0.00637033011826181	0.00245554807209302	0.00120814227439061	0.0151367693763806	0.00131500669162094	0.0029371646419587	0.00682235208743321	8.18166205738596e-19	0.00757710044825684	0.00050504752431377	0.0300249651900747	0.0293265388334603	0.00703799517619534	0.0109310645746723	0.0123713940939244	0.00383482520595997	0.320814305323388	0.00268885881010174	0.0300717576913944	0.00976538684714484	0.00104228632885424	0.0442761239642004	0.00647649016406613	0.00606324173256028	0.0109764574201566	0.000600080738906518	0.00246641764314716	0.000769063085580146	0.00828023972561713	0.0198390164213991	0.0053104896228921	0.0309261106532991	0.0012540269302529
C[C>T]C	0.000270229022010873	0.000173658991491677	0.0208144654068058	0.0116965616971972	0.0194918135506706	0.0152742555200816	0.0549900074601021	0.181291121190956	0.00608207250177436	0.00259369538686452	0.00405966448416124	0.00905309780205042	2.19366234757843e-16	8.1182130103824e-05	0.00666778602261385	0.00221529775123366	0.124863704115909	0.000252848840424271	0.00140110452290214	0.00140897832482228	0.0113770672261156	0.0029122622481333	0.00170659840009556	5.94508776245223e-05	0.00692228762026932	0.0962896343148706	0.0133692903731078	0.00500782423264445	0.00321767784480652	0.00443840652482416	0.0031906015152551	0.194073345136509	0.00915378366063409	0.00601865400581819	0.00280538473951845	0.00728028862392895	0.000234501151970269	0.00167528828938997	0.107896187783897	0.166608694228706	0.0287432568415541	0.00153960181588873	0.000541073618669626	0.084408673104154	0.006819042662871	0.00214636979997244	0.00481027251443298	0.00406235623343044	0.030014109492502	0.0103934778356124	0.024696392409211	0.0019419625919655	0.0491382733855453	4.39706708588704e-18	0.00297706338645798	5.16394796936966e-05	0.0133409276731367	0.00468003720971387	0.00031447947891133	0.000503437301345076	0.00415861520191446	0.00474494394245793	0.0018807560953601	0.00474413072980706	0.000226300049345247	0.0041650228696627	0.000533444181709742	0.0125818286173745	0.00994050194834884	0.000445320998592094	0.00190158386793944	0.0434029851607349	0.000377596483127647	0.00510716171876711	0.00833201028916558	1.04117751910914e-18	0.011801569997041	0.000321355321638175	0.00028257841171811	0.0354382198217993	0.00410842977721162	0.0182784474095848	0.0170591756074292	0.00237532955475032	0.042235074034138	0.0015561774278185	0.0165651889979927	0.00701279338194535	0.00626989120287284	0.0610897448705487	0.00510531123526528	0.00667579007056421	0.0369088020249855	0.000557604665478788	0.00693810323905292	0.000713527578180052	0.00700346329512942	0.0241861096271098	0.0037707779695118	0.0845722211158699	0.0038655208332288
C[C>T]G	0.196166221549777	0.00282961853563874	0.00230813839552468	0.00336657516312711	0.0179529862460985	0.125909402942416	0.00667238561335559	0.0220139213037827	0.0091078264109637	0.00263359853096327	0.00150470155800587	0.00672781611196901	2.19366234757843e-16	0.00355888222646189	0.00950575769264637	0.000595304450087052	0.000911702954923504	4.07093471058984e-05	0.0020653307836248	0.0118435880486408	0.0254190328325105	0.000708582482572591	0.00188519619547858	0.000548041203185798	0.0172033191031355	0.0164320355235619	0.0169687144275771	0.00603656304081946	0.000436572905753938	0.00183402358085109	0.0125944757952926	0.0145811716748667	0.00656796941772453	0.0117536010091108	0.00331094893145489	0.00764736282284348	0.00284750792555412	0.0156292179798686	0.0175986017813305	0.00833043466061327	0.0113353687099307	0.00591690103718988	0.00994774606546581	0.0027087877304568	0.00544094327685103	0.00334220392107636	0.00355939822562652	0.00796684836469509	0.00673330564439236	0.00305268056822983	0.00827034826760494	0.0106020685106329	0.00196144405104937	9.82517059191311e-05	0.016134433192663	0.00224030803866411	0.00832554132985225	0.00154309221184959	1.95267254018291e-05	0.00140921461332875	0.00105677698059487	0.0208979449199172	0.00245945051707915	0.0141292581284881	0.0283376244252121	6.86056138026498e-05	0.00798659067223123	0.00665485097616132	0.00800651343387388	0.00119768446174394	0.0041066140244637	1.06847848692028e-18	2.46365469143015e-05	0.00624064435506271	0.193560562197973	1.04117751910914e-18	0.0023828010448758	0.000208881011245931	0.00133217474993538	0.0110347361724026	0.00745753746730227	0.0191741392404283	0.00611137237674375	0.00693761681251517	0.0445367456455661	0.0719527135530838	0.000182862607553037	0.00235742897407884	0.000477616798081334	0.039414705055288	0.00827430260167677	0.00620145745578779	0.0177871540683808	0.00355187265496568	0.00420036915138587	0.00382947818740473	0.00690243814255972	0.0153333699496389	0.0385890864745577	0.0046105302727553	0.0034265593038758
C[C>T]T	0.00019616640867513	0.00148120838410973	0.0236996394312186	0.0162734764363254	0.0236979415165012	0.0142422117578623	0.056282719703152	0.125509238973884	0.0209867146186455	0.000137665547822215	0.0146430667248158	0.0114713912558364	0.000101329493766529	0.000572307084771735	0.00987274364012226	0.0025554929855247	0.0645129129355904	0.00336468526793898	0.00150488938962417	0.00138855812724139	0.0159893913064165	0.0197910780333241	0.00172644304050843	0.000137262891324897	0.00680964716631061	0.270029626301394	0.012032361849765	0.000315415521085671	0.00162482355139668	0.00453529296892193	0.0070920940005032	0.160187522106506	0.00443725753033746	0.0137800839417161	0.00163564862304889	0.00729048529946695	0.00370734399370497	0.000687481632139261	0.0483961546367284	0.147306467675231	0.0433173030487418	0.00271694378931195	3.7174958229602e-05	0.0476827838925501	0.00586968521729573	0.00619380993581371	0.00416958130181443	0.0073564429583238	0.0297400048640571	0.0110151005066752	0.0364718165474548	0.00811425645192869	0.0336101708179576	0.000752210815072785	0.00524629287250356	0.00278001800975627	0.00641969451940415	0.00304557657359146	0.000500450132060504	0.000529987496791696	0.0116441215868651	0.00409882410532377	0.00265579376566536	0.0165013229780615	0.00371493220712168	0.000748663185110926	0.00051033771902115	0.0332742559200927	0.0277572486326018	0.00263490559796712	0.00253881763644506	0.0451296378477702	0.00240263170257114	0.00248832410213366	0.00721020837842931	0.00420556379993136	0.0131567205785157	0.000385626803414746	0.00127520574496054	0.0462060671090517	0.00710819292215242	0.0255124336646395	0.0090323934036947	0.00703040389184461	0.181183890767948	0.000844154160540348	0.0121328594364626	0.0153819575637156	0.00311477456580154	0.0606077630234351	0.00452094293032378	0.00556619588714389	0.0322009865605204	0.000389017600810655	0.00345890550220534	0.00106602611858533	0.0158412213535854	0.024327838935364	0.0092834389920244	0.0688633804111818	0.0022040701755191
C[T>A]A	4.42118021818538e-05	0.000255054565764538	0.00840645945288742	0.0150487903942286	0.00373147576227709	7.05851192185772e-05	0.000180846757135493	0.00114630972244402	0.00363233171026123	0.00165025195418436	0.0197149815619975	0.00508636257128481	2.2539720135707e-16	7.00717508732831e-05	0.0006941782918709	0.00125664797705235	0.00018735362325526	0.000558469521037408	0.000222875366105158	0.000162605593011349	0.000366493136459913	0.00338217348978525	0.000442457540180505	9.70728012684263e-05	0.000570270257900034	0.000103288762393067	0.000152162048170265	6.17289843812906e-06	0.134273051963656	0.119933899963412	0.0072148250673519	0.000487443751992968	0.00140284620959154	0.0273808830195425	0.000961517056355083	0.34678249153448	0.000160631762875394	0.00204672359186313	0.0002303357439698	0.0215030354164586	0.000337971716338999	0.000771319725137275	0.0256342117733635	0.0548312596573257	0.00132158867068844	0.00164878385214162	0.000937301922484324	0.00534190729771618	0.00259959131548381	0.00362612901704742	0.00549621980422545	0.00390442061563194	0.0132258653787513	0.00141281103529239	1.3259049554549e-05	0.000729283358804331	0.00432874913164691	0.0146034367353491	9.24855357267138e-05	7.76975727536138e-05	0.000194041593393144	0.00633801363991943	0.00129538733690616	0.0039102442196269	7.66372875296614e-18	7.90491885811072e-05	0.00122834396846358	0.00682712676455786	0.00255344799959216	7.86865673592475e-05	6.89784532194952e-05	0.000149911940275164	0.0103947790433679	0.00229611795692377	0.00888765552288182	1.06980228375692e-18	0.0331007545150594	0.109441574632903	0.000340189750455995	0.00738060939446641	0.0112455072400884	0.0124879287611311	0.00336538549034793	0.00992996041070692	0.00282270012997653	0.00219568847239266	0.0143140462806462	0.00389147799003722	0.0380365394018629	0.000601352227037213	0.00399699302125673	0.0558760035975121	0.00155233122990245	0.000388242530062359	0.00183256606794814	0.0126973168756905	0.0153731733336297	0.00268395661715881	0.0025884754087641	0.0083133150088899	0.0018194819168874
C[T>A]C	0.000404147281014448	0.000256104142796329	0.0188457159486788	0.0127496690444047	0.00547072293960963	0.000584290050982584	0.000266671748379977	0.000980504547225668	0.0140268700509946	8.33453852082825e-05	0.0302988140748049	0.00332365661987216	2.2539720135707e-16	0.000104760726668789	0.00287869254285688	0.000635468378500666	0.000215864089852157	0.00572788796063143	0.00036470485368974	0.00309475350318584	0.000256965834775019	0.00600572925712962	0.0412892247124064	0.00232295006014829	0.00321960921043189	0.000433386735906011	0.00684729111146514	0.000686067300918057	0.0579752553744084	0.0222888796985705	0.002205395338257	4.7132282433901e-18	0.00198736493240245	0.0164493514632252	0.00147690587405301	0.00294398412409236	0.00154895020755687	0.00147993880708293	0.000836312460772787	0.0220249536098542	0.000675942392662623	0.00102566964047465	0.000442379664031563	0.0343998404424829	0.00153136398404289	0.00121820908982183	0.00211075868672056	0.00696394399223833	0.00702045779646603	0.00939466074319386	0.014574787228445	0.00344063523861504	0.00180543555806943	1.25671831205389e-05	0.00347603413306998	0.00108817068035634	0.00340116003200829	0.000595611773773617	0.000109497724293799	5.38954823149224e-05	0.000537888323870081	0.001545604396982	0.000245273749670714	0.00476859012430256	0.000753124397094004	1.1766455675131e-06	0.00100538384837444	0.00704080851553354	0.0229604431543585	0.00183473010199856	0.000534194489235664	1.09785382845232e-18	0.00119323604173164	0.000550710297557794	0.00522573486011948	0.00370387374603235	0.0185785457412369	0.000379718295743483	0.000152159874547176	0.00411865934782236	0.00900795857612286	0.00919700812081749	0.00680208816641226	0.0389815725121978	0.00440120472622706	0.00245321967808058	0.000139974730273526	0.0019746864673735	0.0462220836873817	0.00112789706363192	0.000767233183526306	0.0110855937259313	0.00563693623017531	0.00274071795653309	0.00220557963634521	0.00628153161460295	0.019386243074927	0.00427531754780098	0.0023636985594003	0.0087645760248608	0.0015720142844524
C[T>A]G	0.000333189394875465	0.000156391176045049	0.0139754745106327	0.0339642839266687	0.00528098688390063	0.000121947981571279	0.000114434342728996	0.000903741963064147	0.00100595713341401	0.00123000155841403	0.028638605439772	0.00563853576301922	2.2539720135707e-16	2.19406610632847e-16	0.000928272796716879	0.00103727159863685	0.0003105586966675	0.00144220055509921	0.00024100369865738	0.000332554589999394	8.63389705945927e-05	0.00108524526580898	0.0126416394908565	0.000743551730151704	0.00337743253159046	0.000316167977609787	0.000129971353404968	0.000124648670012198	0.176236477526336	0.06129990901625	0.0050019164445938	0.000139270095318052	0.00534569431665736	0.0654850779566275	0.0011611534854082	0.00460979824191479	0.000924779858731461	0.0020782112273434	0.00063180904456352	0.019519745863801	0.00146627503639123	0.000495257239012587	0.00126548709022431	0.0606688087492664	0.00224460319686457	0.00168028901524928	0.00185997627336653	0.0073532330151671	0.00605891930248704	0.00557684133480682	0.0126217714024862	0.00336513584529477	0.0156401104797228	0.000307494044315382	0.00062247709040581	0.00356794466258978	0.00443181458716232	6.07194371562424e-05	0.000332786990908989	0.000243425132321761	0.000518785783587854	0.00676331401155871	0.00130600574469167	0.00349696679715254	0.00197540889549509	0.0171181242504723	0.0016412326973589	0.00137824585218377	0.000883410473260541	0.000155505028304234	3.95795040310657e-07	0.000137424950830348	0.000187577890155306	0.00284380362460659	0.00294471017523478	1.06980228375692e-18	0.0386835588576514	0.000396228719309999	0.000264027786006842	0.0107313980147452	0.007936475823077	0.00809458142159867	0.0119226705376324	0.0249229531031436	0.00476234551122838	0.00539708176634439	0.00362069921201945	0.00855496183445026	0.112629293100808	0.00141785385778063	0.00456330740529736	0.00767894913128715	0.00192914874104517	0.000417558823770189	0.00103181569841219	0.0154632051128758	0.00998516262392314	0.00593724490049257	0.0030222142978367	0.0095011191614561	0.0007535734938811
C[T>A]T	0.000267858437992039	2.344793345076e-16	0.0134704388968578	0.0123539690377465	0.00454078783216936	0.000190158196993264	0.000379749059906076	0.000114837949157605	0.0510705274763816	0.00118088545479141	0.043451468015103	0.0047232425993508	0.000380759184050962	0.000231682064790865	0.00346404167809176	0.00218332890265616	0.000165251554033253	0.00153703321159443	0.000558730612122658	0.00145033538159162	0.00110779846130789	0.00689270085070444	0.0738423315541751	0.00809309680824705	0.00238218545012648	0.000234861864163768	0.000107976806942839	2.21787389158471e-16	0.0637842869979152	0.0288521459448219	0.0077135459997246	0.000396368999224808	0.00511049227328743	0.038173166076234	0.000655096657317697	0.00569920656575162	0.00118393002935208	0.00208197292854136	0.000659909143675685	0.0324175092290604	0.00069070952400382	0.0011601101931371	0.000290396616731781	0.0693419346159458	0.00205952550898778	0.00216728823132865	0.00247049894181796	0.00895901598553214	0.0100573109271746	0.0101972584494568	0.0134840814327268	0.00973549739554554	0.00796039858209195	0.000211264237277468	1.47827484370844e-05	0.00140460436592563	0.00371707239158046	7.94335068389253e-05	0.000389312178948242	0.000111421039045845	0.000210508288723313	0.00376188916750092	0.000910539658555117	0.00914041876086374	6.86346578391371e-05	0.0056056148565328	6.29886916926685e-06	0.0114526582900587	0.00134092411821348	0.00415803102816518	0.000137434408996698	1.0998410172459e-18	0.0111026570927895	0.00362103045432211	0.0108650350286338	1.07173869738006e-18	0.0209641328654685	0.107985732728728	0.000494473982574953	0.00676722680091173	0.026051737086111	0.0151399487708613	0.00709401972501828	0.0287562570493348	0.00466522436167205	0.00211969569721389	0.019969387825805	0.00185258746126104	0.0149969296533411	0.00240470514352666	0.0130072517101374	0.0288333282104623	0.00319587217087067	0.000447661063756432	0.00206449989223151	0.0104132667963791	0.0308190255115588	0.00567760350392805	0.0018478500282755	0.0088158600769558	0.0016686100749408
C[T>C]A	2.29699482677006e-16	0.000317555467871326	0.00936566694491833	0.00542318277159102	0.0140447634208253	0.00176347949708027	0.000461635682729528	0.00156877540874899	0.00793847789985959	0.0104739354651236	0.00248442559709407	0.014573967681166	0.000123543788609054	0.00130692340178197	0.0123673315231622	0.00269073270775659	0.000334582676545423	0.0465208590298448	5.06405272404217e-05	0.00332105819570477	0.000791284916597099	0.0112943192219231	0.0113367898773194	0.000672174217186454	0.000406869049312334	0.000486961059009918	0.0123855419259403	0.0114884468924877	0.00708311331936143	0.00949814108276583	0.0232089241292566	7.24636916780733e-18	0.00241683735006362	0.00941813401817495	0.0530607693347286	0.0051429304648595	0.00151726977539997	0.00124077192582674	0.00136942058783475	0.00852266726123071	0.000617783966235476	0.0156407679889829	0.000643640755932519	0.00138892696135724	0.00157616791036324	0.0526040721124652	0.00204130172788436	0.00795153280982896	0.00646633296721303	0.014461000307247	0.0271860262183509	0.0111293708937484	0.00372256448432926	0.00283073663535474	0.0156436828514964	0.00116351552555253	0.0230251984256234	0.00199593199740801	0.000155939628627524	0.000127188266311596	0.000845056819404003	0.00434383809193861	0.00254227920196132	0.0107222090493949	0.0117502194138965	0.00448020371473617	0.0034848840168488	0.0128441021253286	0.00404340155956502	0.00246567902464909	0.000915189027733109	0.00249627176224844	0.00755953884147669	0.00139449977770607	0.00546023405696178	1.07173869738006e-18	0.00513877887110723	0.00512721311717036	0.000166100084240162	0.0322842738668742	0.0313179634267833	0.00659968897106605	0.00383524235894123	0.00186881786610375	0.00362174226947217	0.0105520301205872	0.0105710990953153	0.00228997345790394	0.0268316868528809	0.00409874952424563	0.00264990489510728	0.0906722531123093	0.0451487699991735	0.00174939389767052	0.00497016582494082	0.0275812191907364	0.00576468825481154	0.00328432037817757	0.0091112387883538	0.0032419578038863	0.0004386760748303
C[T>C]C	0.00257556364691849	2.99670898361731e-05	0.0153796346604388	0.00247079359814262	0.0109823705708282	0.00109420754159378	0.000265107583369665	0.000861288721136234	0.00375426058832378	9.13015530472114e-05	0.0072765614701578	0.0162760366742032	4.1718267428575e-05	0.000122771286255541	0.0101067779213145	0.00234554048115562	0.000727309135449163	0.0509270201517423	0.00013033525571087	0.00561216844233944	0.00226834847685417	0.00334607432134332	0.176690501161537	0.00671134821791909	0.00259299779047228	8.77387892412398e-05	0.00511300500975892	0.00281716739410595	0.0014124769490323	0.00135418784508138	0.003288970700615	4.72175950147212e-18	0.00238489681991844	0.011264212632715	0.0318364618048895	0.00600358455021021	0.00301155127669196	0.00193476325245636	0.00148803126787654	0.0103631454651145	0.000965742431019994	0.0311779534165219	4.3794672066819e-05	0.00210949876718459	0.00197546350071184	0.0229353751549282	0.00242862604289761	0.00856902232345763	0.00522214206868417	0.00604690715639676	0.0169753100263797	0.00567273741315155	0.00329142020022888	0.109274778855528	0.0034287524498299	0.00300836889591138	0.0861121770716139	0.00656254235684567	0.000483951461142055	0.000187103729921447	0.0178277767523563	0.0738868187586478	0.00139346646896646	0.00432073201124487	0.0175222581055127	0.00533765992483018	0.00272999816156701	0.00488075882902071	0.00979905911753375	0.00642197286155945	0.0029048668614506	3.57448330604919e-06	0.0065336098905284	0.003205938698061	0.00195510921538176	0.00185528900251202	0.00443074557680613	0.000231551428447369	0.000156920043627101	0.00420890134237716	0.00885340335063615	0.0156493718230379	0.00882388167963108	0.056636005745514	0.00580481924209617	0.00350039388263743	1.80364664385526e-05	0.000935429457641949	0.0331135785542357	0.00417253478477991	0.0013640924381864	0.0204006955250739	0.0325203398047823	0.0137871085856594	0.000984643013882253	0.00361933838851563	0.00784577115886417	0.00391282796749683	0.0040953526259738	0.0057371541079982	0.0008346884955778
C[T>C]G	0.000362228395611748	2.29008820143584e-16	0.0104627790255693	0.00562386454634668	0.0214522943186193	0.00551977947404275	0.000103969419292007	0.000731038089857165	0.00222253530230384	0.00093771045926321	0.00127922318869963	0.0160002067565233	0.0010384842116683	2.44652852177695e-05	0.0147589033807118	0.00335411768541695	0.000130511909619824	0.0374292492923787	2.31643697148354e-16	0.00458822306232084	0.00143229982821537	0.0099071171886098	0.0870821176605981	0.00397750748144287	0.00166774531679545	0.000524002208427923	0.0269846794717736	0.0140499113575423	0.0020836058978263	0.00309269224924613	0.0198167503094351	0.000401574292676371	0.00438815175926263	0.0136499015581233	0.0784318700310398	0.00580201250829539	0.0027953487699709	0.00401545087979069	0.0013374713543901	0.00455512618135871	0.00187217817841621	0.0404658566995075	0.000858273609059099	0.00159110981603528	0.00189858668407095	0.0102239820275487	0.00259689295609035	0.00822097744815092	0.00532073066461868	0.00867673473608033	0.0277550685716954	0.00587808936316804	0.00365625568955561	0.00940199475499786	0.0353712564415889	0.00159706078621395	0.0508249185541405	0.00316389348847012	3.36980376384974e-05	0.000110875466567938	0.00238060309473535	0.0029738058261253	0.0012778448151052	0.00880274723884848	0.19428804997954	0.00099342594845024	0.000485793076684449	0.00867657286765969	0.00597397141520463	0.00179516848029623	0.000589789846087	0.00389746777287808	0.000863234976441084	0.00059168063801128	0.000870517131205639	1.04673452398115e-18	0.00831161978560624	0.000209995857442531	0.000157855263399083	0.0144746685363941	0.00246086012652512	0.00721300268476641	0.0156968719425493	0.00746327470995942	0.00324485179318568	0.0133248644554177	5.21041719661843e-05	0.00361424817956927	0.0289404541604547	0.00438150512898306	0.0011942428282845	0.00250471457959195	0.0648293906463001	0.00721039484865705	0.00519720415771104	0.0211408122592908	0.00327927510146872	0.00270577540211447	0.0114235162733676	0.0042188179036906	0.0012952530436333
C[T>C]T	4.28560746230127e-05	0.000191016975743531	0.0163675155700831	0.0026176535689802	0.0153672688189265	0.00131769110449348	0.0018194568451883	0.0057381453579104	0.0441434504351066	0.0398151020845658	0.00655855746680809	0.0341822601723164	2.41305105360406e-06	0.00078810032942074	0.0194215252551158	0.00479933924609876	8.41646470598239e-05	0.0459358967678601	0.000116860071451036	0.00211448347185617	0.00180325499411815	0.0159792213384827	0.424936792838492	0.0185684648215656	0.00263544942760748	0.000411415392772626	0.00713388127878775	0.0211724360616873	0.00055374386810634	0.00250289766565571	0.0127717319715344	4.8592012169891e-05	0.00377464162648961	0.009127098151521	0.0553109118425736	0.00399785318161951	0.000412005629288296	0.00182800592105225	0.0043178202526627	0.0140943374627028	0.00110906207308352	0.00310575414018167	0.00168268143986498	0.0032434158887618	0.00221672883025192	0.0517878082288422	0.00436564223053372	0.0090885713840834	0.00700778330506153	0.0117737505329329	0.0251921258969664	0.00830530802216733	0.00332760408114116	0.00960528145216908	0.0080684138629168	0.000616301766081713	0.0966076824898147	0.00556232782116897	7.10703161410053e-05	0.00010002922117083	0.00135753358154652	0.00673927394021452	0.00243102146319311	0.00561965781905693	0.0270795263065343	0.000716020202173252	0.000208052867684304	0.0254024980666878	0.0284091024436602	0.0133543049142035	0.00213544673049002	0.000986723518147101	0.0173819633415716	0.00190144800505373	0.00922180200777697	1.04673452398115e-18	0.00442776790093393	0.0066714062907245	0.000171469824807069	0.0140109358238737	0.0153752990915038	0.0164924307524601	0.006218381986905	0.00267696273127056	0.0044297756687057	0.0047462884511552	0.0123486388803017	0.000752847628550107	0.0163165967012532	0.00456967734051065	0.00257088148537196	0.00883022013153323	0.034773526312425	0.00288675509552594	0.00633198034038938	0.0892231756661846	0.0134288803775341	0.00407105541043888	0.0044623370397613	0.0071636255800181	0.000710224364113
C[T>G]A	3.57133955191773e-05	0.000157126751198426	0.00452696492574493	0.000889593253017754	0.00267122305833975	5.13306956757771e-05	8.42201449659472e-05	0.000359509933626633	0.00335940912388917	0.00148429129131684	0.00123861331552095	0.0270133357315903	0.000153299946689046	0.00021950776081336	0.0109110780084392	0.00641237340643817	2.20857584483226e-16	0.000893698340400982	4.31984191979363e-05	4.97608809649276e-05	0.000212268726420384	0.00408243370050452	0.0003092261352105	0.00208007373679546	0.00011427146695069	0.000751280236683715	0.000995641520329099	4.24444360372423e-06	0.00503956911476736	0.0073770121549198	0.0040501736889611	7.06699115421982e-18	0.00148697971968875	1.0188072851384e-18	0.0014151621509952	1.0255199630049e-18	0.0163903960520122	0.000802062740809805	0.000208519238976855	0.00201201740972614	5.91219731570885e-05	0.000736478270368079	0.00112178762657666	0.00378398537360455	0.000490553829652618	0.00267159339171685	0.00100501799540608	0.00560761660693547	0.00158002995405102	0.00477200598344194	0.00316610383542843	0.00366193388443977	0.000893523004335211	0.00277485838612296	0.000244877612125337	0.000104423059534169	1.00843092369326e-18	0.000139823152454727	0.000140747570102999	0.000108821533226563	0.0008794457236468	0.00282156382032464	0.000834234760783652	0.0015448874051532	0.00438909803241065	0.001727241706588	0.00587799379700587	0.000146351841573373	0.000506729504879561	0.00110556149698241	0.00328452126051847	0.000963747856388381	0.00384004789392453	0.00431893771261033	0.00886593214321394	1.04673452398115e-18	0.00708551030053623	0.00938519802220364	0.000795468282891224	0.000951530412199744	0.00964499599448541	0.00228148884846282	0.000376282507173813	0.00574980603876411	0.000766981542845913	0.00653375924330739	0.0372376111792415	0.000590611079079222	0.00501446008085464	0.000271640709587775	0.0135623400172584	0.0442531458420065	0.000912614110480193	0.00415412894222782	0.000612898030147379	0.00349192871735166	0.00394220668285068	0.00104732185908123	0.003612385091162	0.0015426736267886	0
C[T>G]C	0.000220292084718187	0.000164388962692392	0.00753148676671553	0.000465685509712973	0.00491013824035921	0.000840056601625471	0.000177575057705993	0.000819076282311084	0.00590208709649855	5.1586467120777e-05	0.00204452665471351	0.007950702094559	2.27752918253293e-16	0.00114842850394667	0.00239341432032601	0.000516692079044078	2.28083947698877e-16	0.00117822059362049	3.03877835948036e-06	0.0012826395898008	0.000167071410162875	0.00114982057749506	0.00107134737180807	0.0329031117204109	0.00211568078795472	0.0022710786652622	0.00170835914421131	5.4816690684856e-05	0.000935598058365607	0.00244695301265046	0.0031201096508639	0.000157783254722501	0.000945005280075605	0.00304021963380091	0.0050842527181576	0.000403337942492334	0.0256218959471539	6.03376775524757e-06	0.000233830853185146	0.00150828688575254	0.00047285095759098	0.000991464996890725	2.42729704776832e-16	0.000545616756090891	0.000599870349851442	0.00252555210037851	0.00148875036709894	0.00807475404777196	0.00282210163334174	0.0113927678079177	0.00404057127722147	0.00262651868885921	0.00079866399378512	0.00762074335744324	0.00273424029703091	0.000297087745208869	0.00187456741353203	5.42909464370924e-05	0.000100715820655775	2.82888919097395e-05	6.27829082527404e-05	0.00268328872232344	0.000831489780258768	0.00454003110207781	0.0196486619821629	0.000503775754901669	4.0998492229781e-07	0.000914399909605433	0.00108199244619108	0.00296172770209891	0.00436863085003899	0.00238380486015021	0.00263019567092039	0.000179748626399425	0.0011654426607654	0.00249505628115366	0.00341307673754651	5.00586936444683e-05	6.37072824381345e-05	0.000443257280338868	0.0068037823334834	0.00217053452126479	0.000847108199848672	0.00679383516258836	0.000819183309256714	0.00606359620654065	0.00614692508831445	0.000427609035124094	0.00455678477790542	0.00191624663438053	0.00635729458564542	0.0166329978531947	6.14809868746664e-05	0.0186357877743909	0.00326039356045439	0.00496171864469511	0.00340225768747209	0.00150899855508276	0.001221998192301	0.0027087279170325	8.44744084280137e-07
C[T>G]G	0.000133006600523852	0.000128329318292867	0.0114470045480653	0.00400215299441588	0.00652909922199609	0.000990066938540034	2.30078308708495e-16	0.00133410195145602	0.00125868880438955	2.6725519110764e-05	0.00492783390562444	0.0152361627672159	5.46402741100949e-05	0.000478345102532669	0.007152989029227	0.00321254697702829	2.28083947698877e-16	0.000612881924400456	2.39222977235688e-16	0.00046111434215646	0.000289447595463986	0.00238481285240104	1.99822320583432e-06	0.0143558169677068	0.00311504775248477	0.00144523207556131	0.002893533814115	2.02539610802501e-05	0.00851172377118384	0.00677016845621763	0.0033783483495899	6.94662692220908e-05	0.00326456340204089	0.0124133537368909	0.00572235760611828	0.000426628050394206	0.0179701081693865	0.00035211011412341	8.53905433287464e-05	0.0015821189116766	0.00114535009727593	0.00111787948609578	0.000476511211788378	0.00669907806579528	0.000940079929154935	0.00400055931697973	0.00167880374029556	0.0107408430142266	0.00229307617469669	0.00790784049819029	0.00603284380730854	0.00331311816896771	0.00602444863898408	0.0488105413799322	0.00375012387293115	0.000686157406049801	0.00166628214536181	0.00386819725365566	0.000112811476318385	0.000118743418422927	0.00371821919851612	0.00621558597652818	0.000854020630320761	0.00319087088579816	0.0229754197974311	0.122160287072707	0.00464139549015097	0.00236426752738155	0.000727223881211579	0.00228346996772285	0.00746657701664504	0.000874894776405829	0.00118902479649759	0.001937700927771	0.00210637696358698	0.00249505628115366	0.0095721100445593	0.000133456260551851	0.00046465144806834	0.00221270884400881	0.00272769358902761	0.00265800368835086	0.00133998300993191	0.0304690308054748	0.00215973919460884	0.013274107018902	1.72057283571541e-05	0.00166729806776568	0.0255104135043054	0.00145764833062947	0.00283374430369057	0.00140451379924002	0.000610327098323692	0.0223529132190642	0.00406366271950086	0.00464122703825987	0.00460888725019878	0.00447718918360166	0.006042286604437	0.0017170709460029	0
C[T>G]T	0.000177687750541656	0.000215297319813242	0.00752078863362273	0.00126717217341273	0.0077752731354929	0.00139295098666557	2.73411443084086e-05	3.80681356431784e-06	0.00359625402900808	0.000161571301117075	0.000601825035830937	0.0606227625505305	0.00132781074786558	0.0052228528747881	0.0312722747469866	0.00618633772976846	0.000136839067162458	0.000355533271644463	5.9805744308922e-05	0.00101975129864107	0.00264972464795634	0.00270420751642628	0.00547005465502646	0.576328387210461	0.00440146745015706	0.00239060969352312	0.0054560719968142	0.000186407985780923	0.0012696189404677	0.0028429724695811	0.0048355808021982	0.000263327235729844	0.00505792584129451	0.00899442182663022	0.00802776831630106	0.00152442869554049	0.117095543854584	0.000813457935019943	0.00028820994428766	0.00100095408174311	0.00071032679593823	0.000200591482610616	7.1616196679651e-07	0.00285448092314884	0.00113403122427576	0.00436135277730114	0.00726425592675664	0.00539773772153474	0.00460058813553606	0.0201673320287654	0.0101184785377415	0.0114433377453771	0.00369103579966052	6.56965157818849e-18	0.00041499900435055	0.000769680618910737	0.00208285268170226	0.000112778635743429	7.12274425950961e-05	9.85343426069578e-05	0.000478492112782346	0.00241076666267598	0.000925904719892208	0.00291247233828751	0.000921096336458781	0.00127565603158319	7.07302232361107e-18	0.00557060397590393	0.000492098231343267	0.0239651269725318	1.88944088326251e-05	1.10932794080907e-18	0.00186464684358616	0.00265235863763516	0.00331407642858608	1.08098321812651e-18	0.00443072157062863	0.0105104349203078	0.000132477560298606	0.000577055820879572	0.0408441920729306	0.00295767812807758	0.00130581816813758	0.00277339234841984	0.0017531899401864	0.00245574633460805	0.000783586130197799	0.000647627914600552	0.00734843743148267	0.0013600285000864	0.00546121246924424	0.0121133735603306	0.00635702930521378	0.026787172134507	0.00475760910079942	0.00297239822992129	0.00849295278791713	0.00280313136225515	0.0019370253210792	0.0027542508889467	0.000416047020809
G[C>A]A	0.00150192703442057	8.36308695619845e-05	0.00697793925520504	0.0305260916097836	0.00993853938314694	0.000418552325233212	3.8320083255689e-05	0.000705777018260232	0.00101599180953618	0.000159176189925364	0.0232114981352857	0.00757764325521847	0.00113059690471721	0.000667810430801132	0.00802382301440448	0.00231062570328857	0.00015530069121881	0.00187204632577432	0.000935462764142991	0.00201703044895113	0.00222928935506156	0.00838569484457724	0.00167743909689214	0.000956682194388739	0.106011562558079	0.000809170318855762	0.0105490307118333	0.00197259073800757	0.00216694040770647	0.00268809220446415	0.0189548654680197	0.00032866821768663	0.0611042650007717	0.0129918352883541	0.000466994193285772	0.0104591876719525	0.000165452318540771	0.094208222473485	0.00093821958012917	0.0126400524211994	0.00433528744647078	0.00421482270546545	0.00280946092017868	0.00951052901892831	0.0656386148980342	0.00198033689567202	0.0115908039001624	0.00687706168968096	0.009918550153831	0.00370445678328305	0.00376504630547007	0.00308071468851669	0.00748088503322597	0.00893044779776884	7.59096443865421e-18	0.00730223382508578	0.00685947143251786	0.0107027418194716	0.000746220700491171	0.00764272436494094	0.0131968993716163	0.00377792444806238	0.0080874597889304	0.000423161840571419	0.00493592000792688	0.000845565814032296	0.000207051603913969	0.00186656862058336	0.00260777993696556	0.106514981827011	0.000496675145455823	0.00274354081131741	0.00139784645759789	0.00485269260330677	0.00698651985597059	0.00855935938383545	0.00657660345757624	0.000961434307125699	0.00349348752606172	0.00865572679696637	0.00219200431807028	0.0134395459097428	0.0648539132428617	0.00590490895882321	0.00283608762719465	0.00134692925391724	8.83240378554553e-06	0.0429178549817765	0.00496330864780262	0.0159378924921406	0.00502879973347188	0.00365034891929744	0.00221811112787151	0.00180061462175007	0.00992758285435699	0.00667793349944279	0.014225744793453	0.00980559596322613	0.0037445221642101	0.0041147084549258	0.151596807736769
G[C>A]C	0.000322248829505302	2.16353641674276e-16	0.0106675373308221	0.0336173419922768	0.00745390453736021	0.000894938061233104	0.000130335475290101	0.00020340737384525	0.00071796736479994	2.10372522910872e-16	0.0251298045590213	0.00655682148355789	0.000412060282321086	0.00232957025043759	0.00708648455225752	0.0239172109364808	0.00038119277660575	0.000394264730217517	0.000444566563929285	0.0217218624215573	0.00242398731508521	0.00413928069249452	0.00120624852990809	2.66508790218241e-06	0.0168256883345338	0.000270386473329382	0.00551870535733631	0.00651692210738281	0.00165797419839357	0.00240170490068691	0.013247712526092	0.000527624912278255	0.125745110974578	0.00622645698169351	0.000627052721115736	0.0120086970284528	0.00108180492673086	0.0876107360698183	0.000491495216290434	0.0207451242911652	0.00347976509007189	0.000925158173228341	0.000467910243651454	0.0483716864127737	0.018615382944477	0.000610604134979317	0.00606585426655213	0.00694703168803625	0.0107486080436337	0.00409938999160883	0.00598245738072508	0.000720827201575716	0.0260035949339313	0.00162284412837008	0.00461702917180288	0.00554195981793158	0.00285811309688244	0.00335545480717085	0.000343340348216586	0.0024053249311065	0.00704454148692052	0.00314507430099698	0.00718449067254201	0.00336962054107255	0.0086830345126894	0.000189881615958249	0.00700348373628869	0.000742677292278709	0.00102788454229802	0.133402258572061	0.000831954010987729	0.0103804623743729	0.000489607396442163	0.00363673886269785	0.00458961338906974	9.88891283696069e-19	0.00584321853878363	0.000412043416084346	0.00581836327590774	0.00757668877442645	0.00166218141856488	0.0294568353843898	0.0448654310587811	0.00404528535019579	0.00258756550858541	0.00376757923357193	2.92742554526594e-05	0.03581993634958	0.00510862105112253	0.00506742501538133	0.00452389175740154	0.00482396831682053	0.00336219729942714	0.00739070568441451	0.0554961170366208	0.000842169735836827	0.00823202009819949	0.010201111978939	0.0046881318575761	0.0309216135359842	0.0061342875993313
G[C>A]G	0.000557994386827938	1.34857202657956e-05	0.00139950234726514	0.0147800380231987	0.00228001785848665	0.000349937543276055	4.0113387644502e-05	6.89875806763594e-05	2.14791695283664e-16	1.72467563827832e-05	0.00262807845764964	0.000167846955898383	9.81020276072003e-06	7.78361519367658e-05	0.00085046313424803	8.33863662995943e-05	1.30642999845157e-05	0.000422629140104574	0.000161660837550346	0.00107639532059681	0.000393290015507058	0.00132456958777812	9.98920647552003e-05	8.85806194826095e-05	0.0073527281820668	0.000203783411012662	0.00153351621596514	0.00155779359435697	0.000504405237885234	0.000511348153218391	0.0031133384285613	0.000116058396733901	0.0647390845251176	0.00063323164245434	0.000121455750604556	0.00157856223306322	4.18984785477747e-05	0.0223150273420922	2.2091372150601e-16	0.000937872596579485	0.000843025674021856	0.000326864261763792	0.000226956017651638	0.000488534981037351	0.00468293194011974	0.000491201046735429	0.0013232835821593	0.00452806503275954	0.00345779895571461	0.000782069035583657	0.0012306393940513	0.000219338761455647	0.00102849986310075	0.000169966799260738	0.000598137357154285	0.00202141277100442	0.000381081746250992	0.000754977283394266	0.00073331973815672	0.00662434087246019	0.000226764025377528	0.00410393821831483	0.00396521028597632	0.0497606752955269	0.00536389044549178	7.63335229772223e-05	9.34302743086305e-06	6.48521280972574e-18	0.00259826314871852	0.0125129247000124	0.000374667912125386	0.000774918514807177	0.000351750331976759	0.000223509413470754	0.00815221904846653	0.000570623892996278	0.00162905942957888	0.000121922213128399	5.8577230116975e-05	0.00431438982631936	0.000289062830435729	0.00170695577356714	0.015368177519317	0.000657839367120955	0.000466358205523651	0.0189021929691527	6.03530882962362e-05	0.0104860118204516	0.000251300403828862	0.00242555417205974	0.000286377034582188	0.000473525916977088	0.000297317470277296	0.00131843375441209	0.00900192117531284	0.000367496976399516	0.00125431677393919	0.00237590838667281	0.0013833328497135	0.0011982441339912	0.002941007877776
G[C>A]T	1.94482517545552e-16	4.55816688243476e-05	0.00898046023953068	0.0187923421242477	0.00609772282971405	0.00110633815645751	1.93137313990748e-16	0.000127616373472546	0.000322306554197049	6.43470548890522e-05	0.023675600420771	0.00770995017514392	0.00951713744284516	0.00234722465550347	0.0105464649490921	0.00866780553849138	1.91463164303681e-16	2.38554824169831e-05	5.56308304929118e-05	0.11211933107673	0.0162578606638867	0.00518352062936771	4.06378419816825e-05	0.000469719749059509	0.055600115487985	0.000249022620479587	0.0022317682710711	0.00752790333419222	0.00048883081897077	0.00194196008937442	0.0061942027068427	2.76360118262972e-05	0.0490389267694938	0.00927228890577518	0.000705850265712984	0.00658496210234404	0.000153768341252643	0.0753183597194807	0.000786974762947381	0.00310774693120742	0.00288436371001646	0.00279764347779347	1.23906540843627e-05	0.0202480824666438	0.061387612644459	0.00114910442221117	0.00805669807844052	0.00540244898750555	0.00568230790828938	0.00481788572872861	0.00621360553184259	0.00178397439118883	0.0161152888033325	0.00122480172237939	0.0102514465751762	0.00620364355292807	0.00209811993824457	0.00124753340003758	1.81102968610548e-05	0.00519751477018571	0.00173970133681199	0.00303554734036955	0.00379164733682718	0.00102468045477126	0.0058732263746679	0.000669727680213151	0.0137460733954676	0.00176716748982138	0.000305667425008312	0.473516296587605	0.000117245334335072	0.00947900204465633	0.000679738461286967	0.00769716274492483	0.000963518489066927	0.00314168122433681	0.00643985604882114	0.000364094096661329	0.00106140088939445	0.00582512652235823	0.00278144124385023	0.0100701372328429	0.0575272015333796	0.00116260898143107	0.0023981007937898	0.00285745811758488	1.90429517088426e-05	0.0290552626668658	0.00498419993891631	0.00712700849219885	0.00109644864571936	0.00566344274868101	0.00485619900497874	0.0188982952647443	0.090351390752505	0.00402307883286138	0.0107750503976422	0.00517990213407554	0.0113070547042171	0.0065125622028972	0.0174893935525618
G[C>G]A	8.36362037337151e-06	5.82234597873502e-05	0.0114051840194531	0.00468922114806967	0.00418436112068354	1.74400046115183e-05	1.69752975525501e-05	4.43736548094196e-05	0.000161596743700058	0.000170406653332535	0.00227074554362644	0.00122494517814281	1.28599967086052e-05	1.44188665751629e-05	0.000148788899580745	9.14176791592919e-05	4.03625049072624e-05	0.00048931845050463	0.0013567898228383	1.97456852753772e-16	0.000887929313181505	0.00093839569085496	0.000759245448093132	5.2693188420667e-05	0.000566710219889767	0.00119494480981216	0.000599619168259649	0.000328182940660198	0.00124833431891391	0.00166661279336935	0.0016719194784837	3.86367543979301e-18	0.002451946023083	0.0036824234420371	0.000341261598830893	0.00126189541919822	0.000178098781155494	0.00202095385021644	0.000470176711428447	0.00162027824641778	0.000772691576793134	0.000676170115962074	3.06553960309419e-05	0.00298858181668184	0.000788252347066134	0.00117582846434605	0.00106359055515246	0.0220133733611171	0.00238847745580084	0.00209979343573023	0.00394523387684092	0.00186631143153339	0.00213683384496717	0.0119836775936633	0.000198678019086597	0.000295538536625087	8.74216640935237e-05	0.00148642300045336	7.13491092415427e-05	0.00013527802535991	0.0227696166502836	0.00300035237941538	0.00124286773032105	0.00124040208845598	0.00191119891026905	0.000772274431948999	0.000163727456096911	0.00343464822753254	0.00185147180924103	0.00136645964162445	0.000143691378716877	0.0103840453574614	0.00142186930952077	0.00511157930620174	0.00236262921170774	9.07422331074889e-19	0.00580343467703828	0.000392101055003561	3.41971654579422e-05	0.00208693221523503	0.00316856325561872	0.00276426715393081	0.00299614700772931	0.00194483453845345	0.00102461048741869	0.00466058124866351	0.0273786634381261	0.00895050438450569	0.000897595849065641	0.00165123982140619	0.00525710855754395	0.000753625167304421	0.000271011056134805	0.000524659336260607	7.96574701127891e-05	0.000257007136505001	0.00285823547809653	0.00697330811670853	0.0017444874925679	0.0032705088833348	0.0054657333807251
G[C>G]C	0.000143052793141163	0.000232366801103619	0.00775013653499438	0.00509697966294613	0.00454199882330606	0.000616131989722886	2.87540754461563e-05	0.000392399442444919	0.000419974857236358	1.93041164667157e-16	0.0021035195166586	0.00254896693036059	7.12443817656729e-05	0.000114007966074942	0.000339683062601664	0.000284987280837612	9.84586385731388e-05	0.000250732397339635	0.000433268285506738	3.85129807398122e-05	0.00054311948568875	0.00276156479371147	0.000722060958044957	4.88225702395161e-05	0.00119589335248508	0.00117670071578097	0.00256339599874051	0.00120108094571515	0.00081785368413706	0.00206087511764258	0.0048916134137589	0.000113656452520578	0.005219400883194	0.00211054986690867	0.000500229296139496	0.00119968990175866	2.16080235965633e-16	0.0014600718675538	0.000233719123522153	0.00664933848945766	0.000793861571564163	0.000680554973579487	0.000177066118170457	0.0189217893419605	0.000960849319927565	0.000835550461916754	0.000957231410969128	0.0195368688579914	0.00276344753655684	0.00332540079091222	0.00581407876160102	0.00246096895207988	0.00126429349179531	0.0133935215500542	0.00107957656660106	0.000896377475022697	0.000699373312748189	0.00201728759924361	0.000197592439405797	9.78984890660901e-05	0.028142223343618	0.00100305022653563	0.00130591187618508	0.0761319377426424	0.000191992178200581	0.0012795615682833	8.60833904800755e-05	0.00232903621586562	0.00130127061896855	0.00163216089229382	0.00011900764029461	0.0146744204027925	0.00450846871333794	0.100543303176559	0.00108157747099232	0.0015708406121684	0.00408466985673111	0.000266068832910438	0.000172237298025619	0.00192034619038227	0.0041846037917665	0.00611354281173163	0.00147584945814531	0.00146558082604072	0.00133654439765842	0.00321467573334364	0.0180815641520496	0.00577619650037925	0.000787471229178156	0.002627399078228	0.0208114452296947	0.00470100299480501	0.00315876919913078	0.00216524671549288	0.000689691155726268	0.000228654897046705	0.00311095551946515	0.00557011388776252	0.0008379094334003	0.0063689921144654	0.004208280157429
G[C>G]G	0.000122287808644221	1.6766739979906e-16	0.0018354281126815	0.00247048641291226	0.00114020714516603	1.68547123779677e-16	3.29884091130064e-05	0.000247083074682172	0.000134976333186072	0.000400175061613917	0.000362736952414976	0.000396313817357424	1.6146484025513e-16	1.5717343925948e-16	2.422956939077e-05	1.41383455646119e-05	2.35993898025796e-06	6.98919874398269e-05	0.000184103121888049	1.66761470617441e-16	7.61805029619867e-06	6.13826475152187e-05	1.73063160727127e-05	1.65674635832472e-16	0.000481628232496888	0.000459911855302488	0.000523816640838105	8.35786269740861e-05	0.000160154600932894	0.000333144657279859	0.0011188722242872	1.38226555538529e-18	0.00239053559811004	0.000311743354664723	5.38408521141053e-05	7.50828136362836e-19	1.824897815318e-16	5.1722413085954e-06	9.02115285273454e-05	0.000341726330372403	5.11085221702311e-05	3.45001696678996e-05	1.72082594188229e-16	0.000441326090714008	0.000129236385542792	0.000434079424207559	0.000763513709770335	0.00763793199769973	0.000488466092327848	0.000635359275400356	0.00126191617730966	0.000120531682207167	0.00016768217653597	0.00952543113380382	5.88276332927385e-18	0.000520928533984004	7.3831650128848e-19	0.000347463849791587	3.31263257975576e-05	2.75666984776193e-05	0.0020166286511376	0.00019840528199157	0.000768229300843839	0.00227734187624408	0.00117187760490274	0.00438391031820287	4.15647973413673e-06	0.00142357259941636	0.00126124924427979	0.000287708422014192	0.000150389492889375	0.00133537491602503	2.01653504653973e-05	0.000593167210994903	0.00415863005390008	0.000442215918629849	0.00156305928517634	3.54889809301828e-05	4.9082494739311e-05	0.000670371166086248	0.000690274141644868	0.000527876496788352	0.000676716961998376	0.00147132908319304	0.000433215646777412	0.0209473472089787	0.00199847200871349	0.00211085661294252	7.43223664238478e-05	0.000334947386108696	0.000569710971472088	0.000209419180235443	6.61512850461964e-05	0.000116945204638535	9.15774925146898e-05	2.25857162230785e-05	0.00043837772009132	0.0012862128343684	0.0002168956488325	0.0014953794020121	0.0003939575039397
G[C>G]T	1.64249506578135e-16	0.000100753821716023	0.011149089638763	0.00227584233741747	0.00507429934802364	0.000243843653275052	3.07209131429328e-05	0.00020309213597214	0.000959832702397888	0.000647623451523092	0.00361250561968546	0.00651901718496724	2.56316383185274e-05	8.00012805830751e-05	0.000114263103456229	0.000273932295883147	0.000135670998196836	0.000369289041308635	0.00206256933231902	6.03195769845968e-05	0.000340245508362805	0.00243793906594522	0.000574758821709541	1.65674635832472e-16	0.000927078232165497	0.000246518488792494	0.002286021024418	0.000147869054210574	0.000340911242066492	0.0012394251025038	0.0015368945233874	3.05155893101452e-18	0.00257325142332822	0.00148413810479994	0.000222542918289144	0.00342234297090222	1.824897815318e-16	0.00241356476075673	0.000307644918009945	0.00251247259250336	0.000169847923597708	0.000689564367593764	2.0851449475961e-05	0.00652654592794548	0.000788941093732635	0.000955426021817977	0.000686413570553489	0.0250982757954774	0.00236549470736669	0.00539807323492851	0.00399029462962566	0.00275059983069413	0.0020828726268557	0.0133951379271699	0.00141743114259871	0.000698568479204529	0.000442989900773088	0.00165885911547428	5.01890736561603e-05	0.000156339986041818	0.0102992123088354	0.00211780684303643	0.000775835109710498	0.000434972459948485	0.00364092855339045	5.22596865533171e-05	1.29427749728457e-06	0.00033369741138984	0.000796578819598613	0.00181119973093002	4.78504242823052e-05	0.0598158569166502	0.00239734715594045	0.00967178086571374	0.00342966023667731	0.00530659178991843	0.00429599640019147	0.00020105429488661	0.000121284457540571	0.00114619759872553	0.00429852633528502	0.00276773452401025	0.00176075005969429	0.000977843198754847	0.00149169502002004	0.00350674867168632	0.00937794043030085	0.00542916925657812	0.000728614113759889	0.00159388056389368	0.0156662627497749	0.00396936980395688	0.000213674570277293	0.000555208357804915	0.000398508210873751	0.000395598076088265	0.00327587047127162	0.00294828928787017	0.0013418883074106	0.0010046048089072	0.0019792019179184
G[C>T]A	0.00327084036801619	1.6766739979906e-16	0.0124384407239914	0.00306190633219763	0.0146490197063948	0.071102090068075	6.21732765987926e-05	0.000626873076751585	0.000117729294795126	0.000268007340004018	0.000205154737407387	0.00530953798385388	3.05552298599394e-05	0.000256996272900877	0.00266958662333883	0.00085457934367143	0.0143694477527935	0.00328256950028356	0.00548490694002496	0.0128507824007389	0.0556010521105169	0.00490606963630419	0.00119771901969097	4.53933643469239e-05	0.00729602823283833	0.046992628160981	0.0319437304284532	0.0066576886152271	0.00179227004645285	0.00208466438321539	0.0012010172849101	0.0405869634701019	0.0227633797903761	0.0074579787393913	0.00200653620746309	0.0106572943614253	0.00267126158330725	0.00781965001528292	0.0383207019408525	0.00508476524849211	0.0168358192128887	0.00396258806051752	0.000180533244827148	0.00544376654696818	0.0027951045370432	0.00191837577610121	0.00177404680320973	0.00622034416443363	0.022577981534508	0.00799913075151147	0.0115774090675211	0.00464356931443312	0.0252651733495594	0.000570037197045578	0.0731700883419936	0.000749536946591299	0.00930278791623485	0.000792067536028198	0.000265309588764109	0.000138300699103439	0.00174294392066477	0.00332161237640942	0.00135390853756004	0.00696866582268688	0.000163620852500366	0.00498171668865112	7.01868197098889e-06	0.00393395745489033	0.00500074272123436	0.00195545444903341	0.000923182775143338	0.0701341478863059	0.00066743773579749	0.00352079531413158	0.00143438651227543	0.000442215918629849	0.00515054585313484	0.000342974883258363	0.00868526189313072	0.00962430565471509	0.00463226314845894	0.00419180522909993	0.0124396245730021	0.00374180556949296	0.00339729351737249	0.00126576314072121	0.0578145182725054	0.00498823875565694	0.00458582502412005	0.0259869491328175	0.00747106995919699	0.0031367550467534	0.0314921405877004	0.00780851506524922	0.0158809119081404	0.00264188454980135	0.0113365479154859	0.0612758989674921	0.0083141112489952	0.0081447658087466	0.0082759647257769
G[C>T]C	9.35289510320706e-05	1.32718771612065e-07	0.0139067533916759	0.00456880156658356	0.0223182151033293	0.115379427054291	0.0117179474421487	0.026385660141242	9.75727004324041e-06	0.000181857293469973	0.000249193673172027	0.00679693858362766	0.0123855633063655	0.0146283700315211	0.00912754651003984	0.00563862929310047	0.114781149686632	0.00182476133028479	0.000962726899647791	0.00839116932107038	0.133169295619983	0.00546354943477734	2.21823797770384e-16	0.000159594992801511	0.00842620590902675	0.0418494034278763	0.0551040720679954	0.0191585426811356	0.00190045069578415	0.00201359972292896	0.008170072234437	0.159269226253326	0.0455245727086064	0.00709258971623351	0.00544138666092052	0.0206420844239787	0.000211440982367803	0.00818966149268402	0.0643584801739721	0.0116644895241846	0.0386334869928898	0.005209393028597	2.35470128799498e-16	0.0181882456098966	0.00349568992048647	0.00237795895240695	0.00303184774758535	0.00476991076396331	0.0262955369855456	0.00651619247484421	0.0192460216242119	0.00913461028760339	0.156395938760235	4.17411831105382e-18	0.0853401666219929	0.000956915720037283	0.00454625682004557	0.00174844294434908	7.7721167160303e-06	0.000121363070900231	0.00155712699688094	0.00314194629690872	0.00126977850802788	0.0123609777341507	0.0132115987131282	0.00158358493664354	0.000511978884234885	0.00725769456758262	0.00317917420747507	0.00257706059431264	0.00146699068798727	0.120130142498655	0.000498704753009187	0.00358575142425273	0.00273086921128941	1.04865310093122e-18	0.00877079259003496	0.000339845604240994	0.000138166182050765	0.0138729048458848	0.0053204478929888	0.0172064702444033	0.0338849624581917	0.00265075922776946	0.00354056560732902	0.000560929377837635	0.0674488930663481	0.00410351439986071	0.00656528120314172	0.0323774486365838	0.0109304579640683	0.00500364545329546	0.0916921572808042	0.0431854172690981	0.0943772728088543	0.00286456195502411	0.0120906056124681	0.0698761623544559	0.0201131453240625	0.0892658152158384	0.001929663275498
G[C>T]G	0.219751431675693	2.29428574182096e-16	0.000547967307094768	0.00049375836179921	0.0127089830120104	0.185022864584811	5.52487917297653e-06	0.000176573622671895	3.5191836223254e-05	0.000157743907895931	0.00194269450935033	0.00495458319317271	0.0147635908429484	0.0122064545275461	0.00932394440293766	0.00207301366327027	0.00177661247115716	7.4785382592411e-05	0.000186064402782436	1.97352597786158e-05	0.285952674108639	0.00120838422093596	0.00160892497586156	0.000869132886639935	0.0152641188316825	0.00338379217256169	0.0212337126953012	4.24244808830703e-05	2.30314538433631e-16	0.00288750614979636	0.0156409933256256	0.0127208533348277	0.0264605068751349	0.010715423437126	0.00666944362506346	0.00962270325519419	0.000241807847468233	0.0188279906925583	0.00552849979615288	0.00201570526957695	0.0106012733760968	0.00591884342922626	0.0177058347973239	0.00258518364697593	0.00586042157926218	0.00444709151882064	0.00458874153989663	0.00580869090640059	0.00961329595038419	0.00209107223207304	0.00582357861495127	0.0180789177579158	0.00468158843654702	9.83462997189754e-06	0.0520008888126553	0.00154870616632001	0.00151541894001519	0.00175866754159139	0.000318841885836542	0.00106964221016693	0.00542037787593965	0.00435195214036157	0.00294547042366355	0.00622203775533405	0.0192627131971415	0.0124799103480948	0.00208434008808786	0.00883909639325758	0.00742816439540157	3.55482814424943e-18	0.00342297895083375	0.00992632662230612	0.000119870515610802	0.00847156715587781	0.0184717769772574	0.00665619342787023	0.00193316505101167	0.000177642719726168	0.00125270916971744	0.00609799955955059	0.00934478778516493	0.017370681707065	0.00798827214949947	0.0104366609173975	0.00305270979289953	0.0180415190773138	0.000174391564487203	0.00147812038930374	0.000940634607726678	0.0468736256708153	0.0225584784147162	0.00817616413886053	0.00270133797353775	0.144198123917596	0.106507734779657	0.00373364841971155	0.00823222821833645	0.0234630316147315	0.0683748956737328	0.0085392607388123	0.0035685715212959
G[C>T]T	3.87016349098223e-05	5.18529154205276e-05	0.0117273371405245	0.00390294491412702	0.0192184631491804	0.0773353993341392	0.0161246981650929	0.00540755590470985	0.000777774464569821	0.0422994505549271	0.00468891172415133	0.0111374033133154	0.0133764076178911	0.0309036414432096	0.0104953884872616	0.00227713008494563	0.0694675474555851	0.00267698587675127	0.00132753928225503	0.0107974607652898	0.0796951134069787	0.0069404631382121	6.59476155533574e-05	2.26701765058297e-16	0.0068997940258585	0.114901387717698	0.034284676505819	0.00786868743444568	0.00180443729438472	0.0038482627208848	0.0050608300243318	0.110661085847241	0.0211475700002379	0.0100214718297879	0.00497212993339009	0.00779469728126011	0.000114718518274722	0.00526772131380509	0.018674509540727	0.00583224425022281	0.0542295906139429	0.00398305727819168	0.000548138396852532	0.00616152373133825	0.00373216390908258	0.00238825306235287	0.00327767238211424	0.00912642894376375	0.0240197307610582	0.00844939063132416	0.023388066160939	0.00889144363851249	0.0890016367437902	0.00189402858134868	0.0698237724048653	0.00204101034421424	0.00404111717337384	0.00413082421235702	0.000115750901998145	0.000316778603158378	0.0160640274726255	0.00605002616604986	0.00106161807980926	0.00322008633131559	0.000250112645959843	0.00554779255491504	0.000839806928695593	0.00647222948847034	0.00507658600644531	0.0032460002548794	0.00091075609932918	0.1941809964218	0.00429046437980442	0.00758317925252382	0.00150870039420222	0.00363065096065649	0.00948710973608105	0.000534043392697411	0.000158120424690708	0.0172974849167069	0.00467747886033574	0.00865619499617018	0.0102519733440239	0.00179046199647193	0.00502296867996111	0.000644461915977656	0.0561066532907273	0.00757244626106431	0.00488822863839346	0.0324286871182742	0.00928817612538536	0.00368619773565513	0.0335611923209199	0.0289851258790368	0.0477378593270359	0.00131858067365437	0.0150912000815382	0.0252436379890321	0.0197421813905581	0.0339831816270684	0.0009584047696279
G[T>A]A	8.03159564989725e-05	2.25162066233216e-16	0.00719073645696147	0.00926928151837723	0.00372151240717913	5.19978208617781e-05	0.000394146155602237	0.000517899349230105	0.00174211984934544	2.33730507775768e-05	0.0127769972447671	0.00270703424672054	3.21845687331093e-06	2.11069631801159e-16	0.00188712592373675	0.00153717783430651	1.50634024899533e-06	0.00081276022040779	6.87361704391613e-06	5.82056510258163e-05	0.00051770527050626	0.000952784296909317	6.33483633718985e-05	9.70757149898997e-05	0.0016194880740029	0.000195527674382859	5.64931359053219e-05	0.0011223801370801	0.0538775191541074	0.0413180315269358	0.0044610123996332	6.34981870057791e-18	0.00160513592779391	0.0362557020844804	0.000767224937252017	0.110865876677567	0.000128037664616225	0.00346333689753051	0.000340659152582571	0.00190792881958792	0.00879349045489154	0.000805669068608099	0.0197697541110056	0.000719014363958197	0.000887941961389343	0.0011618170889106	0.00089766596586258	0.00515973210790148	0.00318881419989655	0.0054081047997195	0.00387035835110921	0.00241757448217038	0.0121174384893123	0.00617603536102206	0.00119353401058688	0.000301968484901736	0.00604810059616171	0.0160554713765473	0.000134252713972227	5.08388624334886e-05	0.000707987899176547	0.0203572068294885	0.000535238688910493	0.0045364235446399	0.00230615109918343	0.00250102707565782	0.000417059838434166	0.00342261036648454	0.00205032063837052	0.000274438571321283	0.000108978072156406	0.00116031411778691	0.017419494219708	0.00131322394575928	0.00962429098668194	1.02915210020936e-18	0.00586388270088796	0.0401978197816366	0.00028235659576112	0.00566725534764522	0.0058791607527262	0.00570794356282777	0.00514493369173896	0.00249378948406409	0.00332814152444088	0.00179340207380434	0.00938381882794541	0.00226522049563557	0.00819497433647868	0.000483667003412882	0.00219553105928486	0.0166690813862577	0.00440152904229552	0.000133995872893899	0.00324695116210235	0.016868524114856	0.00729773345048054	0.00090123373908306	0.0012747283668061	0.0041722317809341	0.0013557201552934
G[T>A]C	0.000127618296248361	0.000132274131501418	0.00761851391932937	0.00361924193829358	0.00295084498770879	0.000498840584654911	0.000220171185883127	0.000252058118298388	0.00228590366871295	0.000110438158026388	0.0134757395545475	0.00216562739737643	2.16832592975329e-16	0.000116942083658914	0.0068343775448488	0.00333303943935137	0.000367325960432605	0.00178098822806502	0.000133362533433856	0.00275513372402181	0.0005967291423009	0.000616268858292947	0.00333454507604244	0.000346176189972615	0.00197375096375167	8.0526251228039e-05	0.00260231464687124	0.0031273158334111	0.010256929523331	0.00504833111255294	0.0017412019695664	0.000142097987560153	0.00240259183109227	0.00585900116765111	0.00112683033676807	2.36949063869559e-05	0.000130245477018002	0.000796668756515206	0.000188449832119782	0.00292214366074946	0.00822326417627893	0.000360064241737527	0.00251804231093062	0.00557562258216847	0.000636694342457968	0.000781953558667478	0.00112585205462819	0.00366174563531932	0.0037807255821035	0.00503100332880525	0.00371442690718198	0.00237607173885453	0.00185800718791476	0.00132914690605708	0.00242822422448394	0.000642185029275238	0.000991491901010117	0.000228790264128284	0.000128056720691825	9.18932612637065e-05	0.00101555557240441	0.00384192417308388	0.000407557158015266	0.00275243637968081	0.00889798082141527	0.000190406998226407	0.00235340908830708	0.000613603011476013	0.000620048413638913	0.00213093276222933	0.000109977430898945	6.92826361769616e-05	0.00101561881552721	0.000371795057705831	0.00347947384831046	0.00534470177692989	0.0025443851363842	0.000174703377502059	0.000328274149647061	0.00193977906208493	0.00444918393597103	0.00150123746488256	0.00366495912609192	0.00738044828190487	0.00186990139744041	0.00237840468218592	1.98238326806424e-05	0.000596000864981243	0.00946155881654195	0.00121042876704262	0.00184949171955724	0.00379774611419778	0.018228710433165	0.00531982260547171	0.00203914045682355	0.00229326981939797	0.00631995978199908	0.00210327973779856	0.0025358197665411	0.0024746767533244	0.000575742152808
G[T>A]G	0.000243365261094005	6.44185642407139e-05	0.0118148081397155	0.0131700203088143	0.00416768828160933	0.000198924290879979	0.000285043325030908	0.000645897635511156	2.23536528183873e-16	0.00133117216574759	0.0155719654856453	0.000804960045433865	7.09810730367668e-05	2.11069631801159e-16	0.00191486664455921	0.000536379899003283	0.00011656432541073	0.00246976854277657	4.82179106065758e-05	0.000121105078381323	0.000189453900822507	0.0056254838240043	0.000681620544883067	0.000240427513108027	0.00185228925704995	0.000502786039865516	0.00216520612024898	0.000711799937953182	0.0380213430166688	0.00424584665205048	0.0082365882163125	4.74714880490489e-18	0.00254572543983975	0.0382587794923692	0.000595750350902791	0.00158235895634147	7.9150074603688e-05	0.00369557158047631	0.000102112203502871	0.0057940793822186	0.0131052014387869	0.000822578739590024	0.00679455282702271	0.00112314695888442	0.00118055870549748	0.00109109834118688	0.00121632238982736	0.00693859097908446	0.00459374329430932	0.00653400901783602	0.00570707318351269	0.00148374771394753	0.00784604210076356	0.00449711368958327	0.00227388794774681	0.00103675688756205	0.00237958056242428	1.314776981861e-05	0.000147677882154503	0.000111031470330186	0.000192471594252656	0.00428100079365443	0.00131766685997503	0.00403690689394981	0.00261297771694243	0.0128653676989967	0.000432948030918928	0.00252841439333627	0.0202060581922387	0.000543495466358834	0.000359927045995404	0.000356320809085663	0.00355697424197691	0.00319326692562284	0.00697184505559924	0.00296927876496105	0.00921639709788747	0.00015882134605357	0.00012277723658052	0.0060423609903965	0.004515705393192	0.00224103442346862	0.00567719941697872	0.00865965846695561	0.00207899549166957	0.00437179772127064	0.000827221410413223	0.00423668353082119	0.0160136303397071	0.00135822160371562	0.00137923666465258	0.00301281606590753	0.00434422840274488	0.000499919567752621	0.00196533940859195	0.0106232537644905	0.00366620415250673	0.00200374126969207	0.0026037219704553	0.0017939374935275	0.0001526552802766
G[T>A]T	0.00028061821344476	6.9714468942724e-05	0.0137735759726827	0.0061013669713788	0.00358989871852193	0.000278149101765056	0.000330680138994648	6.05283907491186e-05	0.0224750661491787	0.00949680222911194	0.0308388424615789	0.00287515225863463	0.000455444915405265	0.000112891542836444	0.0139768727115448	0.00751351948529436	0.000176619376576717	0.000989866384241831	0.000403782100842563	0.000950897220112386	0.0009356519229679	0.00107650689408136	0.00517573297427301	0.00173299805391625	0.0038504083809112	0.00032188846201052	0.00480575012761284	0.000988249584950164	0.0104905768209281	0.00521800117107614	0.007387461998447	6.44596210637404e-18	0.0014725033226022	0.0222429314729441	0.000898462522576192	1.1085621655438e-18	0.000393185796675637	0.00118783837102848	0.000217435124728112	0.000871080725182992	0.00677526165657085	0.00192467413967779	0.00855701335006198	0.00315324378641898	0.00124248893680058	0.00186604597318845	0.00203354579985892	0.0046778007262224	0.00552831429193367	0.00721304975668327	0.00683654696754757	0.00515626668042533	0.00360816100853657	0.00143934636385636	0.00359730160841165	0.000564395059150181	0.00130810719506051	3.61932479114489e-06	0.000262279480821076	0.000145377712055385	0.000835814951344411	0.00016018243222942	0.00091077165154867	0.00348567517843532	0.00201315109118758	0.00579368686656282	0.00586268235265269	0.00896105743900685	0.00301650512974938	0.00178671082978278	0.000700204056640564	0.000157636111847739	0.0129518918088373	0.00302740438578375	0.00782823062217339	0.0169756832203329	0.00429940319705243	0.0188584951351935	0.00082559285379565	0.0045621966135014	0.00581288580616623	0.00803187797592377	0.00316161825391564	0.00587830832870575	0.00623063836066673	0.00438999352246331	0.00130796340845565	0.00183576957648065	0.00423426281269614	0.000465737067280079	0.00172931463760322	0.00608016311111809	0.0113752874121893	0.000677647539730752	0.00261574406257343	0.0093242850931121	0.0126390939007892	0.00209279628853958	0.0026072208560438	0.0091003491908648	0.0007960609956365
G[T>C]A	0.00114204955358618	2.47552970927189e-16	0.0111756336098521	0.00320542787563867	0.0157197439508621	0.00288243294713255	0.000109146401286853	0.00028794838912188	2.45765783679345e-16	0.000867287691616506	0.00285341604800217	0.0106919706365985	0.00235206356073853	0.0153658625533613	0.0138943802663598	0.00265757558177101	0.00087124798258814	0.0769174791224786	0.000323702215111582	0.0122052205866581	0.0143689399273977	0.00229565736139823	0.000132628665539969	6.52660968015644e-05	0.000787886454305985	0.00108509533451529	0.00308462160966322	0.235197069584361	0.000795319530659839	0.00659289623148931	0.0081015590728024	0.000243270386850885	0.00415897955344182	0.0192698669257283	0.0899539508252231	0.00529670780984395	0.000595846500676729	0.00119893914553974	0.0010644080485012	0.00500126273108361	0.0100529039388129	0.0133414960398577	0.000124694317506481	0.000622931228266398	0.00259591519823017	0.0340997588672099	0.00187882042638322	0.00854356195462753	0.0054007191744674	0.013406160582899	0.00670653241611889	0.00691304774549082	0.00646138363178215	8.23877794646995e-18	0.0305431252848238	0.000723752960890637	0.0240909741756977	0.000460057008703684	0.000178259626888621	7.308422058976e-05	0.00146746082109224	0.00129462189004187	0.00271771656566582	0.00628766483929784	0.0124053649805208	0.00295342289272019	0.000796975292421181	0.00436187663060318	0.00237400117037337	0.000840109692861225	0.000836508058408304	1.16116378417127e-18	0.0239859750487818	0.00510048133022948	0.00338722541059143	1.13149459056261e-18	0.00560303165790879	0.00372011441494772	0.000194389963337762	0.0323612437238885	0.0127528309467749	0.00458773913066795	0.00308286002505797	0.00224081523284391	0.00364485277605627	0.00557622516002586	0.012974560649353	0.00336811764056536	0.0308615134946949	0.00864295738547372	0.00853738441954347	0.0461193127428721	0.00879431621105186	0.0168673064600715	0.00911915022023725	0.0683219169748344	0.01475383982821	0.00425991931521678	0.0146240326048759	0.0083427976802032	0.0014807897857771
G[T>C]C	0.00206656632493034	3.04168224367936e-05	0.00631568858761566	0.00130427761800957	0.00885211050467831	0.0012449418696287	8.00244230043318e-05	2.40381086695963e-16	0.000468323306597187	0.00251513506468129	0.00287536519115757	0.0109839777613664	0.00671407221004895	0.00557143147514339	0.00662000372944956	0.00299210247881624	0.000926172550094885	0.0328873609019872	0.000205274850542314	0.00725655925433927	0.0129209078258327	0.0013261323111866	0.0160663397958213	0.00164525080326682	0.00251500664959119	0.000421982024742599	0.00252581353322715	0.0699263029264328	0.00137091945188998	0.0013756045509847	0.0014229415449637	0.000466453460646405	0.00410277758257162	0.00445959737147667	0.0267168623511026	0.00217187171492794	0.000712345456573584	0.00398536341394336	0.000631815012001503	0.00725348776812579	0.00843608039690155	0.00868290685091598	0.000739014742504408	0.00223814076656288	0.00155311144841061	0.0202154917499832	0.00238720632353226	0.00788020685649764	0.0032572363934005	0.00372252832281317	0.00482968576503155	0.00426646895268047	0.00367477315371155	0.0240623649116048	0.00131222321399997	0.000630793631434023	0.0627891453629043	0.0012025482481749	0.000146468484156075	0.000167572469364381	0.00572097077108245	0.00249050139533757	0.00230219829317637	0.00748691633798257	0.0048206809974733	0.00358710718161995	2.9810654573515e-05	0.00258774588061635	0.000849413232808986	0.00376274307079322	0.000698005480948031	0.00100550397308419	0.0128937163395843	0.00786622854857821	0.00438349432926208	0.00391746509742422	0.00182507629462871	0.000104795597414571	0.000153613967422722	0.00297557346107253	0.00314430375014067	0.00126037576288598	0.00556083690889637	0.0150139554256338	0.00280775892194905	0.000785554108855215	5.16201727565771e-05	0.000286492558162202	0.0134812189656773	0.00630031287263288	0.00563662296791565	0.00790005599347887	0.00928904896118942	0.122363062449719	0.0014080244191717	0.00572645994761023	0.00701398990897729	0.00449569469915579	0.0105416361898821	0.004025976266247	0.0007845839090692
G[T>C]G	0.00123100800417356	0.000114904840364977	0.0118072074687596	0.0025340515142638	0.0161769522059367	0.00265809950996548	7.57393267048978e-05	0.00055394666440261	0.000248468355209586	0.00269516651090361	0.00298316366836652	0.00685534368261227	2.3060916894991e-16	0.00139539734537338	0.013430632668568	0.00373564823493771	0.000584433805380577	0.0434292801282694	0.000212753691100318	0.0118065965487585	0.0064110783463523	0.0046138414794139	0.00372372813307743	0.0010716216231602	0.0042844281822741	0.00104855518082292	0.00438932611763645	0.119369120645401	0.000626504948493669	0.00174686741710396	0.0166819844166797	5.04876146966168e-18	0.00290318985252006	0.0142733048904158	0.0741981116898901	0.00131844609115581	0.000858122466541305	0.00321087757082594	0.000551713116927827	0.00547870561274523	0.0102352745495961	0.218974789437651	0.000486914391014665	0.000203706051790362	0.00197456608694461	0.0105619847580441	0.00199920274414084	0.00635052082332148	0.00364602435194336	0.00659804829844566	0.00855133149435426	0.00387331845822741	0.00344735993597998	0.00127542378014362	0.018931059872001	0.000970954557517169	0.0372233866790032	0.00330839136161095	5.12638810911631e-05	7.00536029407315e-05	0.0038162826926847	0.00483954883076368	0.000992919559795441	0.00277552760229331	0.12737059405	0.00657867965495589	0.0017425491311449	0.00515949431983675	0.0116930129698299	0.00112858293831005	0.000531660597936978	0.000222297064436014	0.00694516828920987	0.00297333923680994	0.00431327209203658	0.00063158669918797	0.00779197201601889	8.44774666965369e-05	0.000158883905291159	0.00992395167494038	0.000224282734204299	0.00101460479268863	0.00802472275017248	0.00458437041637306	0.00320917158824235	0.00707938336417015	8.14483123299929e-07	0.00263721183622613	0.0207659536941688	0.00629994259578076	0.00423120349153019	0.000955800488041347	0.0293965401275758	0.0344960877431556	0.00709943493060891	0.0312711566355713	0.00562244979646734	0.00238472199974154	0.0101098837490197	0.0023491233677818	0.0021311136295526
G[T>C]T	7.50045040689988e-05	1.34230863112456e-05	0.0110489465777306	0.000807260876969002	0.0147749497749077	0.00098295434320323	0.000847786325280629	0.00717302698342659	0.00757187498237112	0.333487432608068	0.00667761672553749	0.0107121543911768	0.00547092952517248	0.0116283085149877	0.0111517561748754	0.00229078250690041	0.000246900315773818	0.0484524256883704	2.42223074009932e-16	0.0120212621161124	0.00631410435982668	0.00258720155518644	0.00546564020213408	0.00155968630754136	0.00339094164086803	0.00259663307779916	0.0010032743867998	0.1356931025373	0.000908089454895216	0.00219804908576392	0.0151836980428991	0.000862496751067205	0.0043384747478544	0.0151254424958137	0.0575243792175848	0.00401965284771361	0.000998990073240824	0.00166450168971528	0.000490044642055466	0.00500879679545643	0.0137250559459105	0.0102717162757667	2.45773779441937e-16	0.000449007041313925	0.00284380426702152	0.0429785753786643	0.0032607320287139	0.00830878242853244	0.00892508596414536	0.00744750629419634	0.00750757240745189	0.00429265113111439	0.00256672626144186	0.000550557393364591	0.0121465176399295	0.00148801306977454	0.0640073532978894	0.00340444045551091	0.000120815904772878	0.000187863809074566	0.00120351788884856	0.00425583157669123	0.0033785339363906	0.00757849150979506	0.00569483427729636	0.0137922389227774	0.00272471318688112	0.00585908667739501	0.00212791811802984	0.00136208261964753	0.000740071297243424	0.00411383627904097	0.0581270871238991	0.00948325049585157	0.00712128682531327	0.0145264951758631	0.00435687553529438	0.00145264928378464	0.000167336635685406	0.01358189136224	0.00636129350770744	0.0115057766252824	0.0033029283724249	0.00421089309995945	0.0046339627948874	0.00590898303400158	0.00369727623026803	0.000807915686735264	0.0115578914414946	0.00936564724180615	0.0110075621957001	0.000435864803930393	0.00243658871832366	0.0116607095299102	0.00448612124152003	0.0443638530066171	0.0192848466358673	0.00399379611520686	0.0124302359630642	0.0232666111940203	0.0013240130264172
G[T>G]A	2.34586317074148e-16	0.000224440446205456	0.00478787699472283	0.000639393275708589	0.00271772778937926	4.71689524944269e-05	9.4752509408748e-05	0.000338231949672161	0.00265604628214782	7.8455006337777e-05	0.00139072770136786	0.00901733031932993	0.000210977400055986	0.000486366374133541	0.000374604877319389	0.000415565276217566	9.96597689840304e-05	0.000431153338577479	9.56890251832027e-05	8.35754652795931e-05	0.000218730369656655	0.000972356174723629	0.000516315731750894	0.000298144442835377	0.000936545796771	0.000699771023302532	2.39897583401518e-16	0.000291791627288888	0.00169661149804416	0.00321176000137664	0.0026244078940776	6.75325786326542e-18	0.00116345068426057	0.0059117049037826	0.00142768821660258	1.07235638593054e-18	0.00136172606831274	4.82097949966141e-05	0.000207030509311181	0.00032466384634895	0.00122355140419561	0.000614610353922938	0.000403917028532761	0.00187708212194554	0.000198529363247646	0.0126786797474484	0.000538822706482635	0.00368418740651076	0.0011375137881064	0.00366464567367616	0.00157158283956812	0.00198631701660273	0.00122429617244639	0.0649403320770273	8.40194781940922e-18	0.000471025612085144	1.0544868747593e-18	0.0234789017543915	8.38663921919671e-06	7.09118400364832e-05	0.00891837385602843	0.0023242575001162	0.00122757006514812	0.00474875396924837	0.000178950266739583	0.00620650828133856	7.09834703988902e-18	0.001530358623581	0.00850113684666388	0.00140786687089018	0.0299856662264739	2.12292365496959e-05	0.00827444933805241	0.00154772858705413	0.00384098805852708	1.09453983506686e-18	0.0136968125522904	0.00697609544141212	0.000110527266349172	0.000589972813431154	0.00404665240856074	0.00136940172728679	0.000290809902560284	0.00570019898267656	0.000931763119600624	0.0051768211996988	0.0257311475023413	0.000223738367836511	0.00191249636807015	0.000992681339368954	0.00602191828324565	0.0112225419418738	0.000287550574529376	0.00810406662611781	0.000405625110835697	0.00393883598061476	0.00214467994929636	0.000879127053984896	0.0004990417120712	0.0046596096767384	0
G[T>G]C	2.25224555428884e-16	0.000137126102798124	0.00243360189882997	0.000259717209035872	0.00177057605287989	0.000221869768467466	0.000121440995945313	0.000322722680532326	0.00170688911739877	2.24562372675527e-05	0.000668632382500373	0.00610195198157981	0.000827110735089588	0.000914497991748543	0.000628334489830289	0.00159659427847962	2.21727930127209e-16	0.000214006700044591	2.32556548220419e-16	0.00216403630406204	0.000600005124271896	0.00093251757076436	0.000204292990156065	0.00636667913766172	3.82154615798819e-05	0.000742620525422943	6.89934091754328e-05	0.000522091272680763	0.000242322586269889	0.000464621224690785	0.0037701602935982	9.01096522450017e-05	0.00159723414237674	1.02282215510428e-18	0.0012106290699569	5.23017133282949e-05	0.00217521351032007	9.45303662852571e-05	0.000373218352659387	0.000894108789495643	0.000755908380867672	0.000646957728187634	2.35965553751333e-16	0.00519148471173526	0.000322486521593535	0.00707667396418048	0.000963816076024887	0.00616082002503579	0.00106611109649874	0.00323318044075699	0.00082783755614209	0.00100649746772786	7.26757213139141e-05	0.0771450660689324	1.92213068120067e-05	0.00053445181319756	0.000101240490296026	0.010656178431767	0.00014235719576444	4.50102881742785e-05	0.00947105239900713	0.00540043813968213	0.000585118959548271	0.00181120611376791	0.0015462802349267	0.00336300300639996	9.32001321023173e-07	0.000179462823476371	0.00272062581030645	0.0018132320782308	0.029401545225114	0.00132584134904491	0.00082548568315312	0.000731842414990126	0.00129477249198817	0.001819144892766	0.00130888073367924	4.86637075455822e-05	0.00146554378498531	0.000302748903080999	0.00280934219548288	0.000650660693738397	0.000437217041442133	0.00346833885872006	8.9303252200917e-05	0.00223978914565171	4.77284252179808e-06	0.000155320740795525	0.00143785190790658	0.00046431743737679	0.0033575545844602	0.00433842448119609	5.04086936331593e-05	0.0338796397459757	0.000818446200835771	0.00186950547049809	0.00136564078591512	0.000930702360467316	0.0007173295056606	0.0013045548808311	0
G[T>G]G	0.000351534122025508	3.82498151469912e-05	0.0113360109241472	0.00249451675862797	0.00548775033933533	0.000285409409035206	0.000326183299600848	0.00242293670031244	0.00620032453329063	0.00382603630629477	0.00404645248713786	0.00414098364832872	2.21406125482379e-16	0.00167949194391555	0.000622193037500413	0.00020306698704793	0.000130025453079327	0.000498344037674014	0.000446237256610281	0.000804815130266432	0.00035896839038127	0.00069861196096644	0.000836197825494206	0.00150763045923903	0.00602547623986344	0.000538743311931831	9.02620541092128e-05	0.000208640593214082	0.000465879349763852	0.00129075584454768	0.0025450730637051	0.000162713174119371	0.00326754460899109	0.00888694678641326	0.00235122317773966	0.00487807681644018	0.0035276784239029	0.000793882922257777	0.00145904194848812	0.00261465128855199	0.00307470841406985	0.00550473133639131	6.00542963376139e-05	0.004136804458415	0.0015763701553831	0.0101404819822685	0.00221708379446074	0.00820026432022137	0.00181596096259257	0.00329869509618007	0.00307908592261945	0.00127136533390614	0.000422744877700733	0.245925407539424	0.000108212806317694	0.000183974232911468	0.00121488588355231	0.0278700053657327	6.98748987901623e-05	0.000151507513949012	0.0346646448110749	0.077644028717381	0.0014288986340884	0.00492356565630073	7.52802820854064e-18	0.314230597416431	6.81506950737293e-18	0.000903610966543271	0.0236664093901892	0.00251654701189147	0.675827167142506	0.000229433718266469	0.00200835358876635	0.000483976108440592	0.00338300762530737	0.00303190815460999	0.049960718644523	0.000243257444761728	7.72042858350209e-05	0.00158906389040254	0.000899651596363329	0.00202971060896963	0.000442945702965335	0.0221483191142577	0.00237064103825839	0.00829020094999251	3.26002190104958e-05	0.000607319498880394	0.0047862544042896	0.000375642462374851	0.000580008101848813	0.000674787322183639	0.000222646815165195	0.0307660789851121	0.000585028988002722	0.00262453811430828	0.00197651914618706	0.00249494768172386	0.0012929364861315	0.0013978951568126	0.000362596772917
G[T>G]T	1.47456435392902e-05	2.29911287810756e-16	0.00606320577043059	0.000258690573587729	0.00243324779196944	0.00081977098802116	0.000838040061729437	0.00183982348298503	0.00694066123855294	0.00688686374012073	0.00131484223366143	0.0202355348324593	0.00219437497385489	0.005009351289951	0.00757038079193302	0.000962076554993599	0.000154029998451748	0.000165780149345431	3.02742533494149e-06	0.00231861039935509	0.00143794417101339	0.00247360281219921	0.00725039052285447	0.116128242955779	0.00221175289014568	0.000360218376738048	0.00369517390849483	0.00253699085530824	2.05040286191696e-05	0.00111547962410071	0.0028270421248032	5.98659528708172e-18	0.00279777047509197	0.00283277857893431	0.00605314735055475	0.00236699949025872	0.0232173100289424	0.00118566954045745	0.000169164712998715	0.00288124393293802	0.000801876293206908	0.000458050310986847	0.000443045522418223	0.00343027058759101	0.000503820071359811	0.0176401065832881	0.0034282685550309	0.0063095292615015	0.00202912875545408	0.0082276908705507	0.00184555292061211	0.00367636466893075	0.000948598563873244	0.0761246291081113	0.00294170967104637	0.000509783889140947	0.000607442941776154	0.0905775202568749	1.21200804839648e-05	0.000105128377422706	0.0360472799887385	0.00212960645733718	0.000901144728445774	0.00211307362602181	1.2226730378972e-05	0.00151335151049055	0.000115589460899084	0.00297005581248414	0.0170924069504401	0.00818702029738041	0.0483900413334569	0.0014451603411538	0.00302092382724733	0.00235119550651754	0.00257198544089916	0.0139467785620654	0.00388476857793625	0.00303366182192749	5.67709550683169e-05	0.000205379060785669	0.00638691142593035	0.00218091069348974	0.000449891575571677	0.00131205960212386	0.000866104496803438	0.00380190291145237	2.81256791463101e-05	0.000201274522078655	0.00280246706390187	0.00126396213500149	0.00333969463065075	0.00151641911755822	0.00600677670809108	0.149566523297402	0.00276334876697794	0.0104333594063233	0.00271961336155403	0.00178634807896149	0.0034582578898107	0.001989505409978	0.0011927206490987
T[C>A]A	6.28141538579338e-05	0.000622714914765144	0.00826704821705212	0.0386174887996674	0.0076923983629651	0.000350500466248046	0.000369967427821218	0.00275577518297771	0.00244916709466883	0.0108490325055028	0.0287091876591326	0.016760332088172	0.088220012816997	0.000409248982196324	0.0576233297327961	0.248456353491166	0.000170168003279058	0.00330481819542343	0.0782175650827764	0.00033798297422234	0.0168180776650558	0.010565170335585	0.000179844495831639	1.19400255625762e-05	0.0720941335204344	0.00137788053708928	0.00167765104258683	0.00135173846049733	0.000768190292444398	0.00525593841007965	0.017680049008266	0.00208652849040251	0.0294045289926341	0.00670830812706638	0.000887053079863471	0.00688690719735385	0.015233561493424	0.0440478631457492	0.000695535064638322	0.00180263300229749	0.00939444375637566	0.0114236415033496	0.00428806485136452	0.00510052628048106	0.137311428144444	0.00195009516131975	0.0171720601835716	0.00600388688010802	0.0270190289711848	0.0232586037751049	0.0111507909186445	0.00331465096422648	0.00497033410066754	0.00607641866067172	0.000847054896575003	0.0621735365442809	0.0117700984701837	0.0163672455315687	0.123591304674665	0.0320504909917146	0.0177359308823586	0.0343828639272966	0.457424810388555	0.00262694326011867	0.000639063302972798	0.00172841167432073	0.209883856072095	0.0141851853415069	0.00704538501716062	2.46294933828167e-05	0.00194916987145431	0.00212379807824582	0.00189620854274866	0.00861767278048482	0.00395735377422564	9.93265562727725e-19	0.0153308484368541	0.00200801738093819	0.332394203880945	0.0144411329240991	0.00971198192738641	0.0245242419921438	0.0588934299541826	0.00772094886678075	0.00407903294936906	0.00353815172349282	0.0159769613310417	0.0499135392813585	0.00689606192072598	0.010220385488235	0.0206295438250575	0.0176533090117534	0.00231697347483945	0.000593923045041139	0.00602492878788982	0.00657175540465217	0.016899551409596	0.0199457612638536	0.0315275684587883	0.0030233096870072	0.0793294480395931
T[C>A]C	0.00241562329507074	0.000165667710588197	0.0165144373757276	0.0455065385310241	0.00897446475679261	0.000490307047596999	0.000603331891470365	0.00334494123296169	0.013800860642137	0.00738495537305382	0.0241812286351415	0.00242531882082431	0.00935695261443132	0.00348687301208083	0.00817942264643964	0.0138217803302225	0.000886766218756309	0.00273502159466436	0.0291088151944783	0.023668576202605	0.00568099042389273	0.0057423655202959	2.45125481099201e-05	2.1472787906891e-16	0.0425921981893246	0.00112826394037644	0.00330624883853028	0.000218500331559714	0.00170180535680544	0.00483436217553271	0.0098078116133112	0.000650448457857508	0.0512112439698756	0.00985947346604865	0.000595781637055297	0.00609899994772041	0.000481508072700655	0.0400523711649205	0.00024283761742281	0.00909069864596339	0.00896961797755377	0.00490544542514641	0.00122516210371392	0.0223571436121075	0.0751804409948898	0.00155032592620575	0.0111569880081098	0.00789139587693115	0.0288450667068183	0.0127161288091505	0.0075955167723837	0.00172241736581875	0.0526270685530785	5.17831799525452e-06	0.00220452724192746	0.0623678287822166	0.00679412188116296	7.85574657033439e-05	0.00377750842208421	0.00497805487403802	0.000827054412801967	0.00275448152026118	0.0461368129453615	0.0035813000769279	3.86812707762962e-05	8.22328178766688e-18	0.0126505339981171	0.000703307823359795	0.000410104378241388	0.0209817479810599	0.000157284754025479	9.23495058894619e-06	0.000165229875009872	0.00397441435811421	0.00412876825271594	0.00229259200289212	0.0163484485385337	0.000781747437439607	0.0450367496113728	0.0124796740611788	0.00396448582710252	0.0197283746738454	0.0409627054793083	0.0029042600285792	0.00446584384986318	0.0063645959820109	3.41365427148335e-05	0.0515926651234766	0.00847213136810772	0.00886878956045696	0.00749328637338492	0.0125767876248902	0.00215522989055335	0.000955870607116071	0.0185191224486464	0.00340380950570737	0.0148519317317115	0.0145006092978909	0.0081152176927341	0.0073042580981997	0.0012756465083768
T[C>A]G	2.12880794989654e-16	8.3123765260864e-05	0.00138603288948452	0.0105761460326471	0.00225095626397197	0.000196910816549633	3.2611868498256e-05	0.000285080224118994	2.15741808632163e-16	2.11303088414863e-16	0.00183045133584935	0.000438726275866149	0.00108867236082207	0.000525783738809572	0.00254423240685349	0.0073852186121156	2.09575807340399e-16	0.00047957833878369	0.0119801590183938	6.89300207832351e-06	7.51763457911946e-05	0.00145760237585979	2.10107555227886e-16	9.15722928226609e-05	0.0124064423989848	0.000284561861365773	2.17700626820745e-16	6.32384248652626e-05	2.21071483301506e-16	0.000862272515711472	0.0017077705828448	8.93806654300776e-05	0.00966007858048152	9.66764894249653e-19	0.000116319654722191	0.00141045458923813	0.000137421228798242	0.0169564785665473	8.25594125673436e-05	0.000925545580109838	0.00229792125817297	0.00131515861642097	2.23033117224284e-16	9.16862997179018e-05	0.01431544672669	0.00109205332933285	0.00230901149876095	0.00302202272495238	0.00533878864893124	0.00147202097361792	0.00182879756670072	0.000207290912029262	0.000881016497161949	2.96041643304123e-18	3.12725373669887e-07	0.0177777460869059	0.00239229643702921	2.31507204723788e-05	0.70666318712587	0.0394542527075502	3.91123043699703e-05	0.0043724986235845	0.132101130501344	0.000439791980178102	0.000790947939181966	9.84211624586701e-05	0.00523272144310727	0.000221209849666844	0.00260975635145733	0.000658536535223495	0.000197811581406284	1.01931021953048e-18	3.89113488496228e-09	0.00108454398681155	0.00313416928091025	0.00057314800072303	0.00189923694925603	7.66610367278437e-05	0.316996992107802	0.00232750124304597	0.000171543056313901	0.00253377668778249	0.0116051018718853	0.000196057454192082	0.000553570626549956	0.0249506821999194	1.61116425792725e-05	0.00756234429814441	0.000265573327912685	0.00164576726642531	0.000589161509831736	0.00114715683544514	0.00037448097869123	0.00011139920499591	0.00144017548700522	0.000705095062059766	0.00193935670126108	0.00240593565720697	0.0032060635125331	0.0017823443006024	9.70737773667764e-09
T[C>A]T	6.10033850717518e-06	0.000466000810479418	0.0106511047741225	0.0435507854111115	0.013507903957855	0.000799290541231111	0.00063198181772962	0.00145616312865137	0.00393977665765513	0.000197544653807529	0.0333995264429866	0.0292510413488912	0.683374948462917	0.0813743730310551	0.196453782569951	0.356460866382908	4.86308100006917e-05	0.00242538782057018	0.038198873071773	0.159840858767465	0.00855438502210421	0.00983421001772754	0.000296265072521414	0.00268925472520152	0.129523444806026	0.00149746456345035	0.000963871123991228	2.23387209486158e-16	0.000423494274676074	0.00648795906327832	0.0125630398116583	0.000255505577716655	0.0244499398693569	0.0258424487564467	0.00143886358767333	0.0103706266198174	0.000644860724398494	0.043528451768633	0.000722230975443037	0.00472917937741035	0.010115334595444	0.0133540359923489	3.49390704491866e-05	0.0160931388602895	0.220138444850913	0.00258559624881213	0.0293115597052818	0.00714689817989465	0.0254264961897419	0.0183430631394173	0.0138533278345809	0.00642106110686306	0.0289149903069095	6.83293067872009e-18	0.0179149538410934	0.0654579308321803	0.00311990397712191	0.000202085854038303	0.000202559131649408	0.00926385659284017	0.00187679585925333	0.000387275647889451	0.0653546603070062	0.000931327527254009	0.00747472275113419	0.00438297470783572	0.418702892628799	0.00667320694315743	0.0152721291878194	0.00432348576766701	0.000425764732071436	0.00133351568846352	0.00218065285075199	0.00993550498393529	0.00443856581094981	0.0112120316994445	0.0198093836515557	0.00156591761109162	0.0827567742526572	0.0139374384197904	0.00933633762932769	0.00860932918108222	0.0600444473984043	0.0102063534976488	0.00760395079703385	0.00318398432056253	0.00364126003077303	0.0596909105459632	0.00808782993349671	0.0180019796311741	0.0158543037671363	0.0238394664219242	0.00748931062126256	0.00349805163967785	0.0423609434806541	0.0112357912430868	0.0252710325338419	0.0178610036463498	0.0953026879776632	0.0036630536819834	0.0078623805887862
T[C>G]A	2.31356375357154e-16	2.36170705722127e-16	0.0142085944216344	0.00377510455803722	0.00830682847262654	5.31498640628119e-05	2.29756121398676e-16	0.000262315738217523	0.00204910657616295	0.00386814550171949	0.00153910085266863	0.00288224576612464	5.66035259810465e-05	2.21389263000268e-16	0.000269233817210711	0.000126063823917683	1.60050767090884e-05	0.00100008544513558	0.341099789554038	2.08442544539232e-05	0.000227408648015341	0.00266852565351267	0.00385762353177963	0.000167424373898861	0.00227196866201113	0.00189895858326375	0.000137543473886057	0.000658055450452493	0.00379094505168098	0.00553473176317975	0.0087258043612852	0.000224632120068594	0.00402137230260141	0.0102949588421391	0.00134636536832319	0.00303401627712147	0.000133139812608851	0.000113322579706309	0.000137929320644611	0.000417094812450196	4.94273711622245e-18	0.0135626923321978	6.74760798049915e-07	0.00697369399715343	0.00421226427377519	0.00189680965076872	0.00280463146409382	0.0378621916121647	0.00877007564355495	0.00917572579592237	0.00656305724140621	0.0216574790817404	0.000592069307505539	4.63214012269062e-06	0.000726310475243342	0.00348405161706296	0.00291191037864711	0.00014524861543677	0.000148399231279423	5.07852187152248e-05	0.000945499304010058	0.00214571784230609	0.00212134795831916	0.0039990424052931	0.00486895087475438	0.00762162797959599	0.00117695084681112	0.00245798315698781	0.00221290012686152	2.65411650777554e-06	0.000554752329510788	1.10777450716745e-18	0.00100474169486376	0.0461896467925203	0.000686690737392624	1.07946947666622e-18	0.0237870742882859	0.000699665039337732	5.27986709495215e-05	0.0205592299344379	0.0136710091407924	0.006433823375213	0.00547032316588635	0.00164534589617963	0.00208735418934901	0.0057690613710654	0.0432725812957256	0.00952848968472222	0.00274889185912607	0.00140305687044448	0.0543407947953765	0.00570228589062309	0.000250786389341717	0.000790558987194126	0.000232379103333941	0.000813242163093288	0.0031698126572692	0.0171681267675736	0.002879781278354	0.0017218029542821	0.0044275109892962
T[C>G]C	0.000210644273663745	0.000104529366164905	0.0216868019557637	0.00627426555182644	0.00808346944839458	0.000120910058967196	5.2442092283375e-05	0.00167303771897378	0.00486926836577967	0.000608147192086674	0.0014029896649797	0.00214293344000343	2.27433987275196e-16	2.21389263000268e-16	0.000411708711468532	6.81899499132921e-05	0.00023014376937859	0.00159972372795879	0.0683275612370846	0.000158782430907738	6.50206463028454e-05	0.00556031565942629	0.000743749418664964	6.46721106260405e-05	0.00492613692593271	0.00338556993240424	3.00538975475309e-05	0.000634912736799465	0.00161565725031322	0.00576991476359944	0.0062237734289989	0.000283186146592167	0.00598380099148165	0.00343515447646038	0.000765681417322221	0.00328773246936694	0.000157452944513262	0.00723355998445444	0.00107085671046311	0.00307554627637107	0.00115423930504499	0.00261864243566928	0.00015279401430405	0.0059218542026295	0.00255064268450105	0.00117623425488257	0.00229853217260184	0.040044450431829	0.00842153165123169	0.0187646989261412	0.0107566316979187	0.0154540807312476	0.0019806242237714	0.00107966592696795	1.01420420804365e-05	0.00212210431075506	0.00249592318169752	0.00125250889229692	0.000379122550430083	0.000161984745219159	0.000500140667483828	0.00377855732196718	0.00154279822287293	0.00533562020645402	0.000536727043035789	0.00354092567747938	0.000306215321703729	0.00301857523971744	0.00187005621101127	0.00235929159903544	0.000364940749681462	0.00012622315067018	0.00198130701964334	0.0518363240326828	0.00305066856603897	1.07946947666622e-18	0.0175622420937119	0.000349832519668866	0.000165942544198419	0.00432035193157461	0.00753657878812811	0.00564832692778143	0.00385403763133849	0.00133130493662721	0.00373348214847627	0.0109374772559123	0.0278339502671876	0.00798018437934363	0.00183051648177372	0.00245229606620337	0.018619254698041	0.00306023253531137	0.00027284368234295	0.000752890640649073	0.000230984892087218	0.000587589862298389	0.00526399984936659	0.00391761147733268	0.0019708185710058	0.0058140689782058	0.003940591528608
T[C>G]G	6.21089217799356e-05	3.76388452756215e-05	0.0004792042553467	0.0016646192612823	0.00156891071918263	1.79886383889344e-06	5.64356932519074e-06	0.000324272369142158	7.97172471450312e-06	0.000778867077169569	7.06304281999606e-05	0.000373402704501782	1.96188377786425e-16	1.90974097089542e-16	9.33470290852298e-06	1.7628550551515e-05	1.96473529478122e-16	0.000190521906013084	0.0128091161208222	1.67027946037844e-05	5.35217885471798e-05	0.000402606086969135	0.00033720192518084	1.39919475565235e-05	0.000823315196319945	0.000412794026947878	0.000114048841683843	5.44240403938225e-05	0.000355383510158721	0.000501278100520976	0.000684098469966	2.34950119629909e-18	0.00124880503930644	0.00186673957016062	8.3414297225348e-05	1.16773908741336e-05	2.45706130692723e-05	0.000819485951784724	9.93064504476112e-05	0.000377963904716368	0.000902435377911655	7.23247051589282e-05	2.09089514136473e-16	0.000140636398144358	0.00027571271943264	0.000786117057662634	0.0010004714341724	0.00905459985825957	0.000866069646342292	0.00146601689401903	0.0022426229796585	0.00181188275403571	0.000189124862410901	0.00132919109307795	7.14787066117968e-18	0.000162109905342469	8.97093859269055e-05	9.08091288387042e-19	2.63354301260459e-05	5.77720409850709e-05	9.01362539229217e-05	0.00195025072410256	0.000536958843452214	0.00172482057671585	0.0011015031513387	0.000213253738968287	7.53957076061085e-05	0.00123684001074643	0.000564600203022896	0.000394374103994035	5.95875519465658e-05	6.88976711401688e-07	0.00015542022968756	0.00437448512443384	0.0241899155733838	0.000537315886048248	0.00332360067189074	5.749466849447e-05	2.40791296673753e-05	0.000272068391774904	0.00064453612159157	0.000949802874312124	0.000544500365144996	0.000548150064860916	0.000210408261498473	0.0581630151420814	3.49288638578497e-06	0.00160920932692819	0.000325896145979724	0.000210122538836295	0.00297287016710298	0.000628734751553022	1.74233535397302e-05	6.54970728003387e-05	2.88389685343783e-05	0.000114922276235015	0.000836159708536477	0.00156562402704682	0.0005526774634339	0.0004189445427115	0.0003875914152864
T[C>G]T	0.00139635622691689	0.00107803682393138	0.021656349839804	0.00307454244566857	0.0114686456080601	0.000118143841972863	0.000249900804723745	0.000636072998269055	0.0112069093430564	7.61140446329267e-05	0.000224888367231562	0.00520361329241082	4.79473838087901e-05	3.73345757373248e-05	0.000311588792816148	0.00015175483777321	0.000163960700413087	0.00271538313726387	0.342504645394773	0.000293112139992017	0.000159499512215506	0.0261372854360334	0.000251126921061245	0.00135396646220561	0.0029122833336182	0.00150702761133656	0.00103011687967376	0.000596293049142958	0.000357933513225841	0.00589956945166229	0.0165512219719871	0.000427950629619022	0.00376491559768449	0.0148614196560762	0.00195930433308065	0.00194237705697226	0.000142812193840803	0.000306964573302343	0.000102117514235864	0.00385232724548209	0.00062636474418075	0.018089082531444	0.00202411364586992	0.0192354833152916	0.00692934621133566	0.00233092870809138	0.00359260250582341	0.0477201873993336	0.0150879255449844	0.0242871830979001	0.0101958900131881	0.041870447209207	0.000348099543297995	0.000226957466691871	0.00241115547078244	0.00299629413033213	0.00439575991041837	0.000838926515407043	0.00013828995845727	0.000496821299062136	0.000368421874153436	0.0030066370221842	0.00223655692881942	0.00344964115343171	0.000278509626636765	0.00196491304611179	0.000369266428821059	0.0119964178837802	0.0162210407860061	0.00148011924003084	0.000688408025208478	0.00473337798842306	0.00570872509080731	0.104589819606447	0.0116990012544095	0.00376121120233773	0.0238140250272573	0.00133641783475856	0.000249406585276836	0.020960643986577	0.0236830016423404	0.0114873170644659	0.00348444250661822	0.00360255753520666	0.00410109445111083	0.00333055515682797	0.0138862162167818	0.00965837688264858	0.00354732377333092	0.00200928831258526	0.144990941976665	0.0377840827299767	0.000147334011003742	0.00184009021564515	0.000743696096331999	0.00162368860523927	0.00833015493183573	0.00917605278191437	0.0029349235405021	0.0062518821916396	0.0082520011897276
T[C>T]A	0.000993561075408056	0.489684583646198	0.00530810959578778	0.00340200935007978	0.0186250813851648	0.0110760031735943	0.21166015050521	0.00588857357314736	0.015762563251273	0.000184679620042058	0.00455195587622057	0.00394661274380818	0.000322019908270896	0.00234843255873315	0.00215724445675414	0.00119803809431265	0.00866778287427088	0.00491439750187018	0.00643240472980882	0.00323245167994566	0.0242916326496134	0.00583274174075365	0.000472082517800893	9.74859608046222e-05	0.0104402600575637	0.0410922315056415	0.00742236061613868	0.00312467859258269	0.00146053730988922	0.00651942198816383	0.0060489783403479	0.0140507339352882	0.00222009825863383	0.0100586442447749	0.00291679231916748	0.0171439853387	0.004833632881139	0.00583781217097086	0.0918117880128152	0.00679608701024119	0.0224477500649794	0.0132293292169279	0.00175109360001923	0.00268570900489201	0.00976864342112943	0.00367463954091415	0.00586640146800185	0.00365195866612104	0.038871460854282	0.0268649216836579	0.0188788273984621	0.0109839515031679	0.00440377714833176	3.36294891176305e-05	0.00130332765881983	0.00218574642544785	0.0165962363964775	0.00657340494970372	0.000199959691216262	0.000170782549720228	0.016977159050836	0.00153491976043375	0.00135856989951264	0.00528514513734227	6.67059973587578e-18	5.41877002146063e-11	0.000179691605398301	0.00756983258216144	0.00384465528059345	0.000156776171855395	3.68014167560733e-05	6.76554107728704e-05	0.00349574698292253	0.00810533348799286	8.07662482982855e-06	9.31168503152756e-19	0.00864684023464738	0.00196943040146264	0.0340228722539038	0.0155952346554984	0.00788373409730741	0.00863735460361481	0.00865444492590814	0.00652540345421812	0.0544720834400235	0.00047047187155525	0.00134798132216557	0.00474932852936271	0.00640161024421307	0.044025967613471	0.00317959172112996	0.00285449571673796	0.0062224395854014	0.00121634034432785	0.00410442111274194	0.00170640631110966	0.0141586249068984	0.0644683461190874	0.0124050403215907	0.0078427581578672	0.0032993665453868
T[C>T]C	4.0449143563068e-05	0.107713579711229	0.0148516603291393	0.00770454538201977	0.0255703077000545	0.0117434887192902	0.356694256585919	0.227770292057248	0.0151254140474475	0.00610806249022053	0.000275787369226935	0.00820930845997814	0.00294250457557958	0.0505548841871046	0.00980818654088856	0.00390603681290104	0.16968061422488	0.00284800761280531	0.00503876539468482	0.000151584486793821	0.0106187811361929	0.00408949219613189	9.74060138693857e-05	0.000660632457659683	0.0126507797894923	0.0283557532898378	0.0102421222513037	8.487948846535e-05	0.00146657174029201	0.00523404480200347	0.0091742792286682	0.0485176827869277	0.0136749790494822	0.00708242733007747	0.00271791628205433	0.00882890091947665	0.00499786286637194	3.99575480598187e-18	0.152118890460277	0.0270831011445977	0.0424461274919904	0.00345689116935375	0.000329685409159207	0.0138529986406147	0.0075889303085378	0.0027690748565949	0.00796812831175012	0.00602190696512019	0.0512019451377467	0.0145816819007188	0.0222094156966481	0.00736008818724405	0.0362019576142114	5.54285893682286e-18	0.00253813063061826	0.00222918411430338	0.0136966515871697	0.0408161181464743	0.000358917691908505	0.000644066790374102	0.110281482794746	0.00193649321619422	0.00171341268055573	0.0064488768211129	0.000717278243577592	0.0046377644652124	0.000200318529451984	0.0194945836295444	0.016614893511876	0.000330382352287105	0.00105010537751441	0.0311586170676588	0.00332140186313921	0.00928659520381547	0.00693066765733644	1.12832511980986e-18	0.0116664563965647	0.00111441032047588	0.000151413803603631	0.0191897820277588	0.00873032368547229	0.0217957625545502	0.010617767621048	0.00315985071028309	0.0116949490071253	0.000995309904949754	0.00380730988079465	0.00715189163140058	0.0085430041923892	0.0585105066844534	0.00869416017011532	0.00842747622631542	0.0174642020135005	0.00165781322330197	0.00807204964731718	0.00139521168752045	0.00995964647392141	0.0369810718937836	0.0130353208487564	0.0662422662684142	0.0037511363319611
T[C>T]G	0.119308206093952	0.0489305267160543	0.00110438314255071	0.000309725277319687	0.0176768652315604	0.0581582256960319	0.0798520983081155	0.0619621558030237	5.12233761821589e-05	0.00189187759979339	4.56380542750236e-05	0.00365106967357402	0.00297448903938605	0.455515145194901	0.00934410884700517	0.00579163985637066	3.15285779015229e-07	9.54604713674913e-05	0.00133842242702958	0.00588635431700544	0.0235479262611933	0.00335605086636411	0.000190320169836494	6.82554036912509e-05	0.0130946668191059	0.00489987335688762	0.00294224285214375	0.000333401792455873	4.25928279504803e-05	0.00170525173133975	0.0124249870944009	0.0031937095876509	0.003015220534176	0.0154825167080751	0.00282534324691406	0.00509402292299575	0.00210563672077064	0.0159410815081812	0.0166876699985421	0.00925889803106268	0.0108034717061568	0.00419843215233023	0.000342234723261058	0.000841075302404428	0.00430334341135924	0.00379917132339198	0.00382426061999558	0.00554289228628365	0.00788550135426072	0.00264281592919095	0.00737362481562433	0.00559685229483808	0.00040298185074318	3.36295986878383e-18	8.66129169194837e-18	0.00193122363736644	0.00402203260893079	0.00213431998633188	0.000455156709060133	0.00103360496226326	0.0042097833950986	0.00710047512604549	0.00245253273267649	0.0114000943581551	1.29110496129584e-13	0.00542765131317777	0.000167657864142205	0.00518353127185237	0.00362704239139796	5.3595936517668e-18	0.00189632691371046	8.01274554523313e-06	0.000174991375231222	0.0156543138288572	0.0668409432718648	0.010417312443275	0.00270050405743585	0.000330840599234233	0.00231553184001906	0.00397690782946617	0.0107976723690292	0.00561334826014449	0.00318289403964604	0.00463364809625126	0.012555320357939	0.0282772479927258	2.9741444840501e-05	0.000808320615831177	0.000542236504791727	0.0229524420088908	0.00981620651853133	0.00452362020895766	0.00448375647617708	0.00198705235852964	0.00220456151751888	0.00125988038293424	0.00356097237801833	0.0134811374252493	0.0325559533185263	0.0042695070912645	0.001818585697017
T[C>T]T	2.41827319425313e-16	0.332107648506036	0.00912316251847823	0.00795805698262501	0.0233468027793519	0.00781780762968015	0.115305998531493	0.110106965388529	0.00256138407976216	0.0540536518868919	0.00576745383989961	0.00611498271272	0.0243076509434857	0.133423200170377	0.0139227952259166	0.00884218952688586	0.127797425058542	0.00660219936798965	0.00159710804654414	0.000397218598481652	0.00193270730102373	0.024559180019051	0.000374189610277665	0.000978917030834045	0.00416144020950938	0.0713430760216491	5.56987678401898e-05	7.68858811253666e-05	2.47812817166431e-16	0.00523787002099995	0.0109744981256624	0.0292664009859078	0.00527943883417449	0.0136158298135575	0.00228820627435538	0.0131494278892033	0.00240817111493628	0.00473804318777444	0.0595988183415183	0.021468311627683	0.0734855427052719	0.00985813813321695	0.000921751457575603	0.00883953275920254	0.00921512966036733	0.00646855917507758	0.00725176763366968	0.00482436912766432	0.037462128634638	0.0136158497478346	0.0299650886981257	0.0130820721263365	0.0167171106700414	0.000915971679856654	0.00340673526013391	0.00325549070675832	0.00478295769710689	0.0890033396420734	6.61992627915514e-06	0.000345272998359039	0.0867406278319127	0.0463883115521956	0.00184779845007372	0.008617129431046	0.000256093381478412	0.0354320718541066	8.92903432487112e-05	0.0419189889395302	0.194383390108567	0.00246607063348322	0.0042859203018518	0.0194988402818215	0.0428185324672988	0.0148470723460255	0.0122871695896383	1.12832511980986e-18	0.0104915742683826	0.00313427888496659	0.000158078241111651	0.0271591201833239	0.0116588618526111	0.0142687619547349	0.00448987258320672	0.0122922723210322	0.0368834534940183	0.000734619519333117	4.00365603622129e-05	0.0109834502146929	0.0049357013867492	0.0621858910006433	0.00682542155253786	0.0058515264391679	0.00641364540672671	0.00218834787712067	0.00112100644617206	0.000867696453301762	0.0228983521830077	0.0489767852081772	0.0209643550445818	0.0190733720092358	0.0030317264848565
T[T>A]A	0.00591241609054236	0.000378955238877246	0.00589688172800993	0.00793964088469587	0.0056905667094515	0.000411890428494225	0.000311197349051598	0.00283711982607702	0.0137919441871666	0.0146450065653281	0.0102091457801559	0.0236207664165048	0.00176423427663417	0.00258738379821674	0.00878954117523892	0.007890984493757	0.000162034080524569	0.00328160641367254	0.000270057298599061	0.00017950772125543	0.0009821122634264	0.0110877844014853	0.000103795215470805	0.00105581431137792	0.00972196916902221	0.000454513243074612	0.0108486022711375	0.000219260360468	0.0636616390629054	0.107363276387299	0.0025519353705989	7.00939870120509e-18	0.0037461240455699	0.0194176649546651	0.000984718628353486	0.047327317182872	0.000184548126112825	0.00068606728265905	0.00025968423471786	0.00598351210179426	0.000455528187054483	0.00362683916281901	0.251703534675649	0.00383495039934907	0.0022075456810282	0.00220129832529552	0.00218135280588494	0.0061893401298169	0.0086073036366108	0.0121804029920426	0.00854720301437118	0.0743758303204745	0.00763345683294519	6.77994089147895e-05	0.00636881746800228	0.000364340346813577	0.00396802534481046	0.139219619867619	2.15716422714243e-05	0.000377028948906933	0.00145369752949874	0.017838438543736	0.00095384553555025	0.00281052845910494	0.00136438315856665	0.00330439607823159	0.00831903086655265	0.0027605323895038	0.010482651531548	0.00200043098108576	0.00100476288192389	0.00617095727117944	0.0540806396352344	0.00363795857489827	0.00753788843645169	0.0195413914913603	0.00636323140357393	0.327529591311949	0.00210406340435165	0.00732923053652171	0.0186973448063924	0.0092316965926	0.00402326683101289	0.010547802462726	0.00442766437926425	0.00158225533552063	0.0104371083234475	0.00159029258077997	0.0145897747699565	0.00516976882347507	0.0138266723038323	0.0172134830145979	0.00456419923882709	0.00379588176498501	0.00583730856665804	0.0289547729232149	0.0189554090018771	0.0037619516009682	0.0371995355428797	0.0039245106848234	0.0021301969744395
T[T>A]C	1.96165858058992e-16	0.000172416138867768	0.00951109991180571	0.00385358670213986	0.00373358893456881	0.000103426662348925	0.000340044807190789	0.00196146592642479	0.0306288633441249	0.00107864412522718	0.0173111606605106	0.00168070797078102	0.000311335562318235	0.000562291214994181	0.00218326997064752	0.000673098500430414	0.000175972673777436	0.00564436345150739	0.000211666703949823	0.00155274071228683	0.000141460602618799	0.00420975214386339	0.00497170491735266	0.000214711530130786	0.00245749801205587	0.000437031752068394	0.000287488257933288	0.000678256860004057	0.0215934720589777	0.0116590633612318	0.0031974682681981	4.75412241381606e-18	0.00297325862355158	0.00303735069444761	0.00109800431790405	4.22358068126765e-05	0.00122705060126499	0.00173312814426806	0.000221928477194223	0.00334898089404249	0.00217977269977606	0.00019195723431422	2.05521042036693e-16	0.00472679895596908	0.000915323534358738	0.00101529249531338	0.000829629228689794	0.00341385140681058	0.00825609759430899	0.0160474396954845	0.00966059672460862	0.0131957116078199	0.00202960114903973	0.000833675038582641	1.89369420721023e-05	0.000234537992972595	0.00379166866281888	1.09788957331585e-05	7.0130785937737e-06	5.11343684125631e-05	0.000571157267664585	0.00228971026582126	0.000426050818092123	0.00322757458248059	0.000157564530834685	6.36043149184174e-05	0.000710915058128968	0.00843699190527951	0.00079104376147868	0.00178028806953378	1.98197892315529e-16	0.000812010848499914	0.00700487836420428	0.0015881689008055	0.00338907753230857	9.15276511450461e-19	0.00284041553271971	0.00080511536310824	0.000205655366535946	0.00255157937249154	0.00938387955510379	0.00374613659828112	0.00284715103550326	0.0185426641380216	0.00261005886684954	0.00423939660676413	4.20344120499966e-05	0.000944557680226466	0.0116206440824297	0.000729996772209967	0.000747026759416542	0.00716415852380588	0.00287417371180767	0.00156113876484772	0.000792163377912149	0.00635204333678018	0.0144632751720418	0.00166318678269862	0.0006444158150832	0.0033323838051777	0
T[T>A]G	2.463069069799e-05	4.49884303473598e-05	0.00607804550136026	0.00852974912945116	0.00431978043395764	2.6749134594858e-05	1.94809011114997e-16	0.0014886123301169	0.0109260855500989	0.00491090051017963	0.0114519988503065	0.0151718000583809	0.000599321043937978	5.96966872913906e-05	0.000499180925467951	0.00334348545302699	0.000175101022373867	0.00242401354622664	0.000171523113103733	0.000320421210669434	0.000134252178060069	0.00466948974821463	0.0015961788094471	1.97867913114414e-16	0.00161132658810057	0.000343185298059449	0.000159113174282095	8.40395096506373e-05	0.0662213773003288	0.0439067588336636	0.011810626071313	0.000166995090086523	0.00180941453343745	0.00908532905737829	0.000242258524279586	8.96726259292495e-19	0.000315106375276223	0.000829745885760361	0.000174964267892935	0.00292031108226806	0.0015658775312677	0.000583833115862189	0.00719020827611084	0.00123075143637109	0.000782512274994344	0.00115006566050854	0.000718773861132864	0.00505138966088005	0.00509388893469446	0.00913129001499221	0.00689856157808341	0.00857259862119099	0.00478662663647565	4.56735205533444e-05	4.59243715951467e-06	0.000585450510078484	0.00044089170497894	0.000403379803319777	7.63727930630853e-06	6.75511919555439e-05	6.48571208850421e-05	0.0035765628726634	0.000706753597938548	0.0014505956844533	0.000289600844156156	0.00867747353758977	0.00561667140466771	0.00402196804047924	0.000730262235109092	0.000433586300258992	3.76842629335355e-05	0.000736422596429046	0.00605096643091832	0.00129155241159356	0.00443030905432721	0.00369701966555814	0.00903147774860204	0.000550868261480527	0.000680478462457984	0.00605063575479844	0.00933486099310323	0.00383468344240387	0.0036514537802314	0.00694460076292904	0.00289263586427573	0.00452133799699212	0.0154356772919271	0.00275473256538448	0.020113868270513	0.00129209116646138	0.00471888750404566	0.00553345014237338	0.000596383929902283	0.00015006264666184	0.00137499120419342	0.0151604820875374	0.00658644156794707	0.00330971707330144	0.002386283570903	0.0039294240496262	0.0024325640854127
T[T>A]T	0.002267586748995	0.000210870346640154	0.0134887158570327	0.00575585795700061	0.0090389927425915	0.000442712347453793	0.000799051395209454	2.22733711782935e-16	0.286216595870463	0.0274234173416286	0.0385404354225388	0.0176911222425209	0.00524043924868312	0.00147220722102961	0.00488245697563005	0.00705815434516165	0.000672572294707185	0.00526260049434514	6.47978799239276e-05	0.00187115670601798	0.000490246491492785	0.00739330341370492	0.00197825139602082	0.0013313670149661	0.00732107207877602	0.000709284482409374	0.00694865746407206	7.46666149623678e-05	0.0310768856160623	0.0388137931093359	0.0048655349800418	7.5640893643029e-18	0.00228094495777257	0.0147942969627003	0.00130764755997626	0.00198162359625531	0.00643182524068636	0.00123435605543972	0.000739435844787471	0.00908406347342779	0.000724603807154023	0.00275612680368422	0.0487600419641009	0.00552680769150143	0.00277539023418345	0.00200693484519602	0.00256012946946642	0.0113393409844891	0.0188888454916021	0.0434892166996373	0.0195702999716625	0.0565504916054107	0.00362101881243539	8.92661466732736e-18	0.0145696848780884	0.00142532307490364	0.00343420855504826	0.00444683433621394	0.000448175635792468	0.000340360464076687	0.00290666640695846	0.00648585547995275	0.00139437429972354	0.00527564878940957	7.51060196916844e-18	0.00220186162683982	0.000752628182654933	0.0302600457035365	0.014732039792551	0.00327819149619254	0.000539817235941223	0.00759593212330361	0.0646433592296698	0.00251298022617142	0.00548621328138357	0.0780421618084356	0.00652897678411166	0.170954108255369	0.000534223290706992	0.00620478196359192	0.0321167776591013	0.017766684217852	0.00456168338216801	0.039020114471199	0.00556693636750678	0.00487404860156693	0.00641057383441476	0.00150464645051368	0.00858034846781961	0.00312630712285702	0.00599365325033665	0.0224595555305999	0.00264247353118609	0.00144641839607922	0.00690473024962866	0.037337608703903	0.0320804672109449	0.00316310710094772	0.0069176012196409	0.0101134649936329	1.01112227022068e-08
T[T>C]A	0.000256992943205819	2.29379078177001e-16	0.0157714212664086	0.0024682592017025	0.0185945003894226	0.00153805964316643	0.00215283309261411	0.00601824382296974	0.0309811506919795	0.0815670869624466	0.00211514793070679	0.0145691594938408	0.000723161084569016	0.00858141686472442	0.0171788672512121	0.00571993173170772	0.000112760687213109	0.0863066499113441	2.30973088115936e-05	0.00644623556255554	0.00352977226224494	0.0134235951103682	0.00208815436235428	0.00107728916190576	0.00185604599258769	0.00130685349292261	0.0142908294274761	0.0822857810650418	0.00470240711504384	0.0245168472884449	0.0348082250979025	8.02909485801004e-18	0.00152062962480031	0.0147942969627003	0.0422240421834179	0.00176600660616975	0.00147302345614384	0.00266415195678795	0.000573827772278241	0.00469547860270153	0.000914162174667955	0.011146102608254	0.00148400179817072	0.000375945719850615	0.00305292997732521	0.0490927063069196	0.00216074895259739	0.00629492366170951	0.00762346080486084	0.0195108282040345	0.0151755832086096	0.0672263785567646	0.00701572478472952	0.000139476063996488	0.0208587582336906	0.00131252723666637	0.00939357045939671	0.00140049727657055	0.000636493668462766	0.000177892879752175	0.00107398901208843	0.00453399985913112	0.00288240063572202	0.00738383097164317	0.00476926551886021	0.00511670683885171	0.000574586856958153	0.00513059613642638	0.00333993529846316	0.00224758942498869	0.000244446040236845	0.00046580682986378	0.013344431220243	0.00162967012186793	0.0101875802570635	0.00423484564825675	0.00772821201846907	0.010630025158332	0.00033493723053848	0.0354538105018884	0.0977828081366543	0.00911114233361293	0.00349666034864618	0.0019622885507026	0.00319486919997068	0.0203852977938194	0.0349968834611756	0.00204348539153493	0.0294137426592459	0.0050407700075391	0.00414792862888899	0.0661160445674781	0.0191371348109947	0.000330052944147414	0.00197555162053907	0.0321676636631406	0.0136655594841001	0.00347095488111475	0.0094801396357079	0.004137035716159	0.0001549544879113
T[T>C]C	0.00341649922253907	4.47443493304912e-05	0.00932796541458269	0.000515159229633118	0.0100306993749215	0.0011327608794897	0.000596785375451499	0.00173526015681038	0.0214405982485359	0.0143646465091649	0.00268461044399742	0.0141528975858686	0.00512156282977456	7.84542318699131e-05	0.0169372674026851	0.00656118980999417	0.00046601061130176	0.046411124856015	2.60236646791258e-05	0.00296095031116262	0.00611001711724006	0.00378958472300029	0.0152864892407863	0.00111794235018939	0.00637242598284563	0.000582814415394428	0.0171904185020086	0.0535541663360058	2.32320787466413e-16	0.00199770696309609	0.007039671644884	0.000196458621018019	0.00312458201983703	0.00756039619661722	0.0313436146715285	0.00358335054201806	0.00230511220076753	0.00154294506929965	0.000301680954093353	0.0105366946918265	0.00124334250405235	0.012666025783274	0.0066144061664954	0.000839747992195046	0.00234366311575357	0.046416793522986	0.00224267316118591	0.00682479940864825	0.00317772654271174	0.00598579186781384	0.00699971688096784	0.0283280966444905	0.00311695704004006	0.036548900040139	0.011005877586369	0.00112795325426357	0.0548463307468002	0.0178895622815844	0.000425030449720381	8.71404338329114e-05	0.0285740069594563	0.00399520555427454	0.0022684592777346	0.00522372271600932	0.00825798852399459	0.00102753584518053	0.00133530842502637	0.0279565131928342	0.0197772583464499	0.00245590238787333	0.00111019099046869	0.000579344144654559	0.0240097449726588	0.0021195592236303	0.00746564302034414	0.00241991179900386	0.00262867356131058	0.000469210249899211	0.000186957765716731	0.00446579064455684	0.0137741792749803	0.00498151000305856	0.00525360444807458	0.0262235607347364	0.00595369248993794	0.0043652165709166	0.00014403364306148	0.000394815896648197	0.0101305591993528	0.00522586052657441	0.00680375218329856	0.00953246030521875	0.0150270316310276	0.055826068264869	0.00270804465171139	0.00237182650865958	0.00889464673848757	0.0031794551161465	0.0138008964721563	0.0032632341593609	0.0007913245111201
T[T>C]G	0.000400602477616846	0.000114996495631174	0.00687067100066897	0.00170279253860988	0.0125358679419162	0.00211509609772425	0.000305211630514488	0.00365159131307941	0.0126450041528655	0.0218842888627771	2.1571810376325e-16	0.00925752298528835	0.000343603097011141	0.000618216561922517	0.0145959707028179	0.00480740458101503	0.000147791713019365	0.0383124363726861	9.96640008255325e-05	0.00423403612927151	0.00130176723278459	0.00713349655696334	0.00224348346875842	0.00117503440468859	0.00321197797060613	0.00108759629581016	0.0118740338089368	0.0257727322262024	0.00120801271474079	0.00531993213857366	0.0262005534318382	0.000298375314750584	0.00202025119613043	0.00476731488121361	0.0289001917313507	0.00112823653066135	0.00151494148662661	0.000372509675931716	0.000204605353454516	0.00391967655425535	0.00164572142446668	0.309826805105065	0.0011141345973368	0.000427553298714518	0.00135543288670821	0.00983415935904403	0.00187871850201105	0.00504280313245796	0.00366814900580737	0.00637783348035484	0.00967344964022777	0.0207049951603924	0.00335182359103423	2.70377569214284e-05	0.0191296677226218	0.00121495066421273	0.0228736127032305	0.00154332479862782	0.000298562030133975	6.19572157892215e-05	0.000960310852424185	0.00239928725865466	0.00106389062300633	0.00468374041322017	0.085168953478702	0.00416776089917889	0.00178820808848861	0.00296143420003415	0.0020825833482296	0.00141428017648059	0.000106080697635485	2.30285094882996e-05	0.00376079700754483	0.00187391330304895	0.00170524122991639	1.00179027397867e-18	0.00853729160250897	0.000139140024615304	0.000150891584645818	0.012688304851475	0.0108500215761018	0.00205827886231934	0.00658495587804402	0.00363179720900733	0.0024131949683906	0.0108920538660162	0.000237437750569264	0.00236974113642986	0.0288353792068226	0.00378614592279136	0.00278568964066218	0.0039476266249562	0.0185978498849339	0.00346174827126139	0.00119709712541793	0.0114703352755577	0.0028834803175751	0.00191984345825421	0.0100994954875464	0.0009350253111962	0.0010198912465711
T[T>C]T	0.00416973132516387	3.5186059704418e-05	0.013780999548291	0.000622399673623184	0.0182609095432491	0.00172782403071621	0.000776902419141953	0.00284651572326348	0.0863585195451956	0.0413689846569163	0.00444050372229215	0.0381835547580179	0.00307633750913608	2.32297077419534e-05	0.0192363469132783	0.00731034355886382	0.000101070332807536	0.0571813111162449	0.000530253428520428	0.00286853541259643	0.00133135242594919	0.0082780131680388	0.0200481501057325	0.00097110242050873	0.00332035827495163	0.00148033898282909	0.0190974033787482	0.0380054412751564	2.19039865241778e-16	0.00397964631958301	0.012643427800257	7.22762014492345e-18	0.00365237582483917	0.0165734874865919	0.0547482184525551	0.00150104538797628	0.00221331965934922	0.000807921929152902	0.00044851904014671	0.0118274527467128	0.000666079356621075	0.00883006421647431	0.00717097443188351	0.00103471747595646	0.00275015455171043	0.0603817412175224	0.00299420779612232	0.00959955432938006	0.00783492406439932	0.012496417860211	0.0116097679156434	0.0465609889049505	0.00231973731231512	0.00178993063079645	0.037157625632435	0.000533990057254912	0.0352272938256504	0.0112330620116036	0.000534797002258167	0.000204368478287432	0.00481097093889797	0.0206902090310141	0.00198858032490889	0.00217317655919003	0.0120431215276886	0.0008886548507232	0.000275480705523921	0.19509449688021	0.0308530891411878	0.00273427507773837	0.00128464670387505	0.0100963184789215	0.0925111015359559	0.0034914956915811	0.00656447488227246	0.0965372051898088	0.00666999931386386	0.00401667586683457	0.00127896276661671	0.0140141280893348	0.0139443951251191	0.0164306979307652	0.00562741703757516	0.0104133183694135	0.00589242950287981	0.00892835958929978	0.0155647490854486	0.000884405464064172	0.0102833407287009	0.00720179543001753	0.0127607280775096	0.00348341767001565	0.010598889932725	0.00243674637868557	0.00577075850297653	0.0411642877810662	0.022550183842919	0.00401707058099833	0.0158186741940207	0.0078522406616545	0.0006072365624794
T[T>G]A	2.14707846461343e-16	1.64136088565302e-05	0.00718793137629387	0.000368938579104954	0.00515253744119957	0.000104265671016571	0.000122467305764558	0.000915293558454759	0.0189184947828447	0.000202526048202771	2.1571810376325e-16	0.0653296754779539	0.00254626129116003	0.0104578496888546	0.00843078942388389	0.0192535439292748	8.11221029966944e-05	0.00156123211522205	0.000183741270940795	9.74088141852624e-05	0.000227808748099951	0.00964946017119109	2.11910805342631e-16	1.18482670606337e-05	0.000685747912783837	0.00167167472450761	2.19569044545508e-16	0.000434214356046398	0.0049105299941788	0.0118864616746196	0.00443042406745	0.000183767179083685	0.000122409048703688	0.00202781532956081	0.0013639361912255	0.00116748029147411	0.0454482553443673	0.000459001702434666	0.000118933086632163	0.00219931955993596	2.201007331085e-05	0.000453122057643473	2.24947301099254e-16	0.00418767563690516	0.000773971543195208	0.0179965122169774	0.00114484430129556	0.008495807869849	0.00550817246432864	0.015141219221112	0.00412230396377041	0.0423189896550875	0.00113038049080453	0.00019844935515381	7.68998015266053e-18	0.000279243064435864	0.000675591936382337	0.0023540593610785	0.000251314633825955	0.000147380604322446	0.000307864699337414	0.00247699645212438	0.00142183528039669	0.00129001321998989	3.1210602523991e-05	0.00607130552618358	0.00914402622546068	0.00322156048786577	0.000769398802546575	0.00167618371876622	0.00156688003821944	0.00192832719599038	0.0069898063501926	0.00724379008707535	0.00817545054289053	0.0306375555981961	0.00674443205425067	0.0186601387300639	0.00597899695780551	0.00216626429805982	0.0531562654507356	0.00399038325086938	3.71319753979226e-06	0.0062549030811441	0.00248530961415484	0.0135932846777304	0.0503316894736986	0.000415582872297585	0.00285732464105224	0.000864330834855842	0.0523204736969866	0.0426538276670232	0.000189690801432568	0.00365408570168932	0.000613538154573722	0.00700088117930768	0.00339294619483716	0.0019769424975286	0.0008860685754786	0.0023912352591945	0.0011440882874142
T[T>G]C	4.6301327275884e-05	6.03891694586433e-05	0.00543405910195607	0.000148614616767662	0.00565136401097574	0.000248731283068957	9.68648373836435e-05	0.00129654562251767	0.0148859754962603	9.63369628143593e-05	0.000966762364779646	0.00748085451108869	1.84213137118758e-16	0.00448286533451539	0.000802457676287504	0.000623521327314963	5.6009060963884e-05	0.000944619632781984	1.93490452045341e-16	0.0010288624212473	0.000253049496048101	0.00474476358213403	9.66524930857538e-05	0.00741603917170682	0.00180581457184878	0.00177539051622561	1.91632824604652e-16	0.000308879542404334	0.000657281813457985	0.00193552228732696	0.0008444017469286	4.5414406482552e-18	0.00229304267850804	0.000492654149089626	0.00143180942333503	0.0002397505933148	0.0334767946106363	8.51691317882881e-05	8.48152218224572e-05	0.00203040011196799	0.000190378193386606	0.000138583784679038	1.96326794544613e-16	0.00165278515720663	0.000637779514206543	0.0167367320854119	0.000771164609587916	0.00448957440138638	0.00554998829988901	0.0217329452501913	0.00371823037602699	0.013663179086152	0.000235058983556059	0.00700440570518441	6.71156820333393e-18	0.000115443211352057	0.000842335697815023	1.91848916103339e-05	0.000194773651053283	0.000118338673737898	0.000538210577260742	0.00294180269829558	0.000971919082949757	0.0037760356053859	0.000593652907274458	0.00494033891527614	8.43785354491413e-07	0.00345783551520563	0.00133796465547109	0.0021303769113234	0.00900356464294763	0.000662100804535718	0.00549788589674905	0.00209852276996498	0.00217184601218237	0.0181626638795238	0.00251126584334167	0.000161915354230624	0.00012570361329283	0.000257327779930362	0.0114752118777783	0.00105668690951111	0.000363201259340123	0.00557961867596193	0.00107420637364289	0.00668472142558963	8.66899819577168e-06	0.000135416067275727	0.00114951610458619	0.000688353181869876	0.0101915995566691	0.0183923027337765	5.56977751384994e-05	0.00588040794434138	0.000388628349624973	0.00461428790429084	0.00247953044390593	0.000862823520754475	0.0005879620757612	0.0024513102595763	0
T[T>G]G	0.000489989888176947	8.18341870220819e-05	0.0069656328407301	0.00198152281378926	0.00597872960917251	0.000280798343354779	1.86093980069373e-16	0.00112924887335327	0.00653614102008768	0.000104714563579529	0.00262043456303808	0.0094595484425372	1.78430661962564e-05	0.00222931664472301	0.000934104205817349	0.00265850496411897	8.40501552244967e-05	0.000731453588328259	3.19869350903785e-05	9.77418743129095e-05	0.000127385706460835	0.00451226177585051	0.000766551784925152	0.00405127652538309	0.00124687149568199	0.0018193361176935	0.00240946165494064	0.000106763294240131	0.00481355138807273	0.00597784029783982	0.0039820352029052	0.000156937366644468	0.0026404731505755	0.00802371501304754	0.00236415121744628	0.00201219073579302	0.0131281539217643	0.000154407433225764	0.000715171804457627	0.00456413395592127	0.000695218955336622	0.000810375421235664	0.00134365350702389	0.00410640319990101	0.000773222002461138	0.0259204772559438	0.00162260522023728	0.00643387931273712	0.00361931538804402	0.0122281559789798	0.00493397619391077	0.0171010109874182	0.00251358299055601	0.0193576296643063	0.000801570979984426	0.000605437086000136	0.000758102128033521	0.00131286476598762	0.000307075275792814	9.60431057817034e-05	0.00716517964513882	0.00233987790956037	0.00128432083932902	0.00532628909673875	0.00646627482002493	0.0695144957393358	8.52054450965428e-05	0.004715230803389	0.00567162351611583	0.00179207700563611	0.0203004902914147	8.97256472659822e-19	0.00292730510796303	0.00178150641843452	0.0017358767678231	8.74330442441814e-19	0.00431883017617065	0.000256365831467907	0.000550550856668881	0.00149205252503105	0.0109818431884552	0.00260740243692587	0.000400250211467432	0.0224834080205866	0.0017917833965602	0.0125251090112276	0.000222196706004977	0.00116402459087531	0.00839959573678389	0.00178757776069339	0.00977262069228723	0.00575922465678491	0.00104772948964798	0.00502993457747617	0.00103332831656027	0.00611745540490968	0.0044829130684128	0.00505389680852133	0.0050550068752165	0.0015453468896498	0.0017612331417823
T[T>G]T	1.8739012672454e-16	1.91289556665873e-16	0.00908560865483051	0.000485131662530569	0.011630094481809	0.000875327409850592	6.9263678680529e-05	0.00148057137723748	0.0185646941784635	0.000139061134813391	0.000844645174126268	0.0554555200677429	0.0156138964154392	0.073422067505996	0.0211661864111612	0.0122693050727607	4.62033203203553e-05	0.0018474423952807	1.64728357822385e-05	0.000518718398052411	0.00515566867263495	0.0136056737945402	0.00381609519005091	0.10340077698915	0.00443714324711579	0.00371777273522781	0.00130404497042714	1.80935396440365e-16	0.000512301347405104	0.00445087473885463	0.0035799494880145	6.30803520782317e-18	0.00343956401776206	0.00669635541841299	0.00786662930997076	0.00011987486835237	0.449170430951622	0.000796057777456742	0.00782026435250631	0.00622769705493795	0.000539687643314573	0.00190129871015139	0.000205083677065247	0.00308406234877835	0.00155158780299294	0.0249763537843194	0.00451767587421286	0.00963314268265114	0.0129010623861384	0.0431781002876798	0.00924522956103501	0.0774834480488846	0.00149270774167455	0.00112070511655055	0.00786711235899443	0.000619119516815408	0.000842335697815023	0.00308608422242386	2.80600608391112e-07	0.000312140522271298	0.00131471213287821	0.00246704465264595	0.00219549487109476	0.00610574593217629	0.000419593458196387	0.0360251225126998	0.0244648830127656	0.103909715981756	0.0182602704411833	1.18921589820173e-17	0.0270106939288429	0.00592470472134014	0.0109098017356265	0.00433012381244323	0.00543618200325679	0.0892997624713862	0.00487828334558726	0.00730046635095139	0.000883939767457727	0.00153615044885902	0.0474994966275537	0.00285108700199095	0.000248021553196566	0.0117205786076993	0.0016508190753267	0.0130713698079792	0.00904917631388668	0.00015295202215123	0.00464969367612995	0.00287596179239532	0.0292927545621575	0.0304818430664085	0.000220082626427552	0.0174252407131257	0.000121940902113121	0.022894658764266	0.00872263818054433	0.00455511201633748	0.0114484174157735	0.0052090049189486	0.0012211062372285
