Type	SBS1	SBS2	SBS3	SBS4	SBS5	SBS6	SBS7a	SBS7b	SBS7c	SBS7d	SBS8	SBS9	SBS10a	SBS10b	SBS10c	SBS10d	SBS11	SBS12	SBS13	SBS14	SBS15	SBS16	SBS17a	SBS17b	SBS18	SBS19	SBS20	SBS21	SBS22a	SBS22b	SBS23	SBS24	SBS25	SBS26	SBS27	SBS28	SBS29	SBS30	SBS31	SBS32	SBS33	SBS34	SBS35	SBS36	SBS37	SBS38	SBS39	SBS40a	SBS40b	SBS40c	SBS41	SBS42	SBS43	SBS44	SBS45	SBS46	SBS47	SBS48	SBS49	SBS50	SBS51	SBS52	SBS53	SBS54	SBS55	SBS56	SBS57	SBS58	SBS59	SBS60	SBS84	SBS85	SBS86	SBS87	SBS88	SBS89	SBS90	SBS91	SBS92	SBS93	SBS94	SBS95	SBS96	SBS97	SBS98	SBS99	SBS100	SBS101	SBS102	SBS103	SBS104	SBS105	SBS106	SBS107	SBS108	SBS109	SBS110
A[C>A]A	0.00117953763317233	7.57945853404495e-07	0.0221332368961195	0.052770733607391	0.0127908997445046	0.000609220057478296	6.98160352255381e-05	0.0025799274097017	0.00276011857765037	3.69280493576977e-05	0.0478017222636665	0.000488420529993191	0.00241747953790201	0.000158980212971871	0.00452895808460218	0.0118860820682325	0.000179961788601148	0.00388452595507646	0.0023072758590152	0.00151556445806435	0.00139665537286297	0.01932916174099	0.00198886067812145	0.000545808155312122	0.0627649045768065	0.00185505315906171	0.000772930563912986	0.000144788609183036	0.00558429965018733	0.00570971332771789	0.00131895060324589	0.0492729233296044	0.010311299041786	0.000802126784709238	0.00683796211254653	0.00048579328270478	0.0862757527209601	0.00219660204889633	0.0115803991124046	0.0276224217673423	0.00213122888468485	0.00475825058219272	0.0112247143800356	0.0320362925752977	0.00346949007056652	0.0172121363431491	0.0132410080802245	0.039683974857311	0.0129338783900931	0.00401869113617638	0.00152253947452696	0.00153541670943024	0.030801712745354	8.65010397864955e-18	0.0127188178712003	0.00416318113804619	0.0707548981093014	0.000983751099559869	0.0354107970943863	0.123219984925895	0.154931631103351	0.0218468565247736	0.00695270237369696	0.0019993698195574	0.00544635973555999	0.0150696374759813	0.00842695658578665	0.0585322170581637	0.00620181126504973	0.00636387512535881	0.00508934004865328	0.00512719848941633	0.00372833888584462	0.0107216715541647	7.87633427913479e-19	0.0357231895870945	0.00159072822229096	0.00375970062010624	0.0130827970504498	0.00977023970659197	0.0184403482753257	0.0492630791615112	0.0108007622197183	0.0108193001128546	0.00970695886825306	4.51463698733252e-06	0.0935576009784328	0.00777387283414698	0.0155453510379658	0.00891729333531081	0.00993359651524776	0.00246763512297602	0.000394869750610148	0.00786738878067746	0.00472153857012184	0.0193047376755095	0.010804601242834
A[C>A]C	0.00353205632636029	0.000225059913547336	0.0204305503172666	0.0484550910253115	0.0117086372237391	0.000874039035587183	0.000217184720586674	0.000593974023902697	0.000764703508385429	0.00081355050325858	0.0602902886332501	0.00416578960673754	0.00227355972772394	0.00664760171422755	0.0180437497693745	0.0252252332980336	0.00079173657301601	0.00113003668713293	0.00106359851052506	0.0206272898217093	0.000855633643022148	0.00407666921719646	0.00102634016123732	0.000134753594758359	0.0224068710876945	0.00108949469659947	0.00201966480543687	0.00253256260983844	0.000101562768783709	0.0041507652001184	0.00073338082914059	0.0417414311277363	0.00848380568249793	0.000564516840265953	0.0072390542308219	0.00182419209103271	0.0813310064487559	0.00071852787920913	0.0261313211299151	0.0270975017307498	0.00177823453394792	0.00791301829678169	0.0683393799330769	0.0123077742479486	0.00148201001443449	0.0158037706343893	0.0094157684086308	0.0212805049539304	0.00507128795232683	0.00781899208215438	0.00102437881602692	0.0317285410321729	0.00716835275785305	0.000196641818261915	0.00463007216138902	0.0051746978408038	0.0360659823868609	0.00112597680711705	0.0115406917215531	0.153021486474656	0.00216083731909717	0.010937992349259	0.00294741982225694	0.000857367455239146	0.0022095171813297	0.0218497469837289	0.00114002948725382	0.00780545001319736	0.00476416674774429	0.000937990609636306	0.00854085360677132	0.000863424326949268	0.0055428699722081	0.00635802026788507	9.16513036440231e-19	0.0228638042127131	0.000595432095041611	0.078740979391671	0.0130942404445462	0.00795342461818807	0.0340827154418772	0.0259451216955763	0.00854401089574065	0.011592431477733	0.00868392930653309	9.57157086391956e-06	0.0589563600578107	0.00665825155045986	0.0111961899226904	0.00520635471817523	0.0104648525292909	0.00499947982544999	0.000402359798568031	0.0417861550170307	0.00158181770972252	0.0147076315807309	0.018240008397504
A[C>A]G	0.000167032912013836	4.84466194057796e-05	0.00131999165107449	0.013827920313482	0.00139779401985276	5.28082988334364e-05	5.25910659949949e-05	0.000145987659074745	0.000152712264708448	0.000161957324691248	0.00354975599725592	0.000264314526429292	0.000117371480564864	3.31271617354017e-05	0.000487032942725854	0.000605236571037271	8.21886161559532e-05	0.000328961576320273	0.000237237320915676	0.000396148116179522	4.83366854523929e-05	0.000873463932722564	3.24143870844319e-05	3.7037445747058e-05	0.0020992665530256	0.000254705796756275	1.92867662509993e-05	0.000192190695270886	0.00051744699461155	0.000651671851099262	1.10331275035232e-07	0.0142010433023032	0.00107052716909303	7.42478136018298e-05	0.000728454264188185	0.000155046322949431	0.0185790935836166	7.89911126181658e-05	0.00142835034807145	0.0039160056502984	0.000201104413857846	3.60293339970391e-05	0.00125250966143343	0.00201855859084402	0.000659973030114664	0.00181104785311087	0.00214189429836247	0.00289679176808633	0.00074594155392394	0.00153062986057853	3.1402654081706e-05	3.13308375288651e-05	0.000463317894748992	7.31319548378455e-07	0.00164281238973527	0.000201208112159554	0.00102083950866412	0.000210421470338387	0.00711022278276772	0.00423507964816496	0.00373864185175071	0.00421791004591307	0.0349018063671417	0.00107605535754542	2.94743140972223e-05	0.000174643114644407	0.00161719191136979	0.00058114563002404	0.00017388562436073	1.63497760578744e-16	0.000470314998101938	0.00018291395200959	0.000344846129847682	0.00525883405311271	5.58310429242144e-19	0.00761255017810063	7.09669250305921e-05	0.000184816894864928	0.00384439845838906	0.00105358162661243	0.00132081490388399	0.00760083104007689	0.00133769748653152	0.00129212522479922	0.0257588130588369	4.30600165326385e-05	0.0131924450805051	0.000434765055120971	0.000789226299265071	0.000267278799362363	0.00106688979145585	0.00021808257879151	2.20365693703774e-05	0.00159434742394488	0.000266446646341876	0.00113149430848711	0.000811599350430968
A[C>A]T	0.00108411446975396	8.1308523032634e-05	0.00825901901985284	0.0234687375073725	0.00448237655595481	0.000164151767715727	0.000164513271772223	0.000500146235474583	0.000712563815891735	0.00235478006843597	0.0324108069478006	0.0016984249362991	0.0119386350857907	9.05844140105672e-06	0.00873257757399587	0.0106142687242542	0.000208591294033069	0.000667031784270816	0.000280669213696615	0.0711088156295591	0.00104478627266206	0.00814677893634933	3.7770676655604e-05	0.000260428668025992	0.0165924476324377	0.000530610289245485	0.000985051477400944	0.000364344699766992	0.00101631116781164	0.00212820321397544	5.634041118096e-18	0.0189459618375746	0.00329322659958826	0.000361831761583429	0.00227114533553823	0.00156499550621108	0.0309178084581775	0.000431658540123213	0.0048497770734701	0.0115052694753387	0.000828343302632146	0.000764558101038637	0.0174684882988139	0.0144771068070119	0.00103377806815731	0.00757103297996608	0.00532787390952044	0.0107067557379581	0.0029095884392902	0.00556252431337661	0.000610555136933105	0.00671140907440173	0.00137502401993772	0.00414271482378773	0.00856233883196891	0.00204662642594277	0.00790061333528817	2.84588989076311e-05	0.00715331518280185	0.0548080742506151	0.0148198520449673	0.00844898187519118	1.40498359953014e-05	0.000243796324465338	0.000689448444158312	0.0175003651205128	0.0037658795123938	0.00352777499724299	0.0159359928167432	0.000292291401697886	0.00866888111544063	0.00145773793705881	0.00290961801817164	0.00376872067893833	0.000867428780352431	0.0146551538746472	0.00080677363371663	0.00010625816361438	0.00569943334864882	0.00452264054783966	0.00834039322545239	0.019007823401952	0.00709896162033607	0.00578578516833954	0.0026359699417977	2.3082608067688e-05	0.0401157019799102	0.00559560928671719	0.00397344773800139	0.0031404157933273	0.00698726003336703	0.00324295237556303	0.000304298653490103	0.0469299080712381	0.00165750402952605	0.00962679551050701	0.00494225823899423
A[C>G]A	0.00223812088664423	2.633949670532e-16	0.0189469909838645	0.00778739689481403	0.00973046610226248	0.000610236794485964	6.1124806535629e-05	8.56904082018615e-06	0.000578483528213959	0.000974726581436937	0.0042421426580896	0.0038291045552676	2.22475537830497e-16	0.000240804950096307	0.000328533274253989	0.000136915384826342	0.000189394908026261	0.000947658626750786	0.00443436597076165	2.71400752609456e-16	0.000151107992180143	0.00189991704404301	0.000877097940976434	0.000118462794366451	0.00190567162797234	0.00421148877463614	0.00989788071325401	1.40874774486202e-05	0.00139410270066113	0.00354359164516954	8.18982147833816e-18	0.00408644719285712	0.00755937982873132	0.000354608678583696	0.00156586841185202	8.62477209528694e-05	0.0038743041439852	0.00118019814369804	0.0091283205645302	0.00222793413751539	0.00087333538409406	0.000672923496965967	0.0041132967420775	0.00211422908998503	0.027230465838468	0.00326941130274893	0.0483825506730255	0.0080944415224762	0.00622031578125247	0.0085963652635544	0.00347620815958787	0.000485720590603476	0.000340684545502778	0.00323809593334421	0.00392447194780248	0.00102623376154196	0.000971530811261352	0.000205909269074691	0.000367237581291611	0.00360319159755758	0.00393286042394945	0.00224741785495173	0.0082114353788332	0.00129677171474496	0.00238597693242555	0.000451856477791438	0.00953627601148487	0.0185028797510712	0.00459054161768885	0.000352598371349629	0.00895360377044618	0.00551422863368025	0.0599024806534706	0.00849607148527147	7.11896013733936e-19	0.0148720999159206	0.000331792255166239	0.000280803667083344	0.00318949458444711	0.00675802619725738	0.0074927542132883	0.00419277495209722	0.00793794404294661	0.0028128579579069	0.0068729286076148	0.000476445295580712	0.0216517412716829	0.000825014173123425	0.00491023073569126	0.02609151111632	0.00424064150539091	0.000480603433229001	0.000750649030978138	0.000242790254395914	0.000801306037153359	0.00799644678206782	0.00501027426448315
A[C>G]C	0.00170822521755013	0.00018280236850051	0.0130940621861161	0.00373513153312097	0.00639001139974231	0.00043570181944099	2.36723328620974e-05	0.000220099902541273	0.000191724879479495	0.00245106887103414	0.00336305468454126	0.00180435669768656	2.8209681505734e-05	0.00012310738035275	0.000357544418816351	0.00036103521002428	0.000375951780543629	0.000580285196819233	0.00126798900901892	8.22243442507211e-06	0.000418578751609567	0.00255385308582255	0.000574980884308591	4.09791646101305e-05	0.00331983399543292	0.00274987281338276	0.0019830510426751	0.00069737984111197	0.000187670289183092	0.00267593225288142	6.77387553916845e-05	0.00522492346457953	0.00179650733624582	0.000365281263628068	0.00244325746112062	0.000145979094812673	0.00377601987189667	0.000599380303842387	0.00403430923810748	0.00264459892169929	0.000936957349166374	0.00116119105419725	0.0060832117539158	0.00223287912386023	0.0103465003283032	0.00223454405659541	0.0267808671627992	0.00644528005177674	0.0099190442051116	0.00486136841329017	0.00239817080227016	0.000704410439493959	3.43646125824159e-05	0.000276078708690822	0.00283395262478193	0.00149269410673047	0.000677203479075426	0.000137952435681524	0.000200309339172719	0.00119793702485512	0.00524667009304156	0.00229771400127905	0.00742114502765118	0.000482867309483265	0.000163660807817598	0.000208808303541729	0.00225536572343702	0.00181859424564512	0.00443323593355267	0.000639927617284721	0.0166683870522764	0.00226274708410502	0.10395512300791	0.00494408045152779	0.00334603524732309	0.00687125616061195	0.000210590209593358	0.000167289494461519	0.00205236050384779	0.00481066078869356	0.00496707358135051	0.00378604388582091	0.00251634225568831	0.00309841315572356	0.00378618603868787	0.0151309737192453	0.0083716952939556	0.000521656807336913	0.00367553414281926	0.0227785903242803	0.00480984898107899	0.000395703260561807	0.000612059712679675	0.000268429029263035	0.000464666422459502	0.00578082228202583	0.00349087662533143
A[C>G]G	0.000101043133809506	1.310949887151e-05	0.000177678151605722	0.00105638698130879	0.00120998673881799	2.09909706853764e-16	3.49362596334767e-05	0.000369041600334406	8.37200336685427e-17	0.000546473214382328	0.000204598586754473	0.000785652780811081	1.62450913841239e-16	1.27986491660466e-16	2.92592282186936e-05	2.08641941466434e-05	4.84971045453166e-05	4.25907185609839e-05	0.000220883728691544	3.4903961745218e-05	2.99705719277886e-05	0.000675318463209754	9.63849988786861e-05	1.32130664978664e-16	0.00154434069557957	0.000593834591515426	0.000386505363251424	1.35126148132534e-16	0.000145477734122498	0.000525809583889893	2.97967206408326e-18	0.00082191562808427	6.87508071550821e-19	4.14117034563517e-05	8.66569115220421e-19	9.07973890068175e-17	0.000807257036971004	0.000105507469321377	0.0024034147854106	0.000923777985724	0.000114425590923526	1.43214364115556e-16	0.000290283564064915	0.000419512049907888	0.00310137743228658	0.0005644353455101	0.0101579579805166	0.00107726767304574	0.000996627016466022	0.00215130865644607	0.000576240670045052	1.5458933109703e-05	0.00305273396219265	2.33411403890455e-05	0.00024878537368749	6.24460461297401e-19	0.000225908490360597	6.09437708086804e-05	0.000189943340203558	0.000565160843426355	0.00142862933726163	0.000775945423819708	0.00214080594294254	0.00103853329215595	0.000311768117773898	0.000337837537640238	0.00125250025018051	0.00110840575120274	0.000946312691177274	0.000188489471614401	4.45012822662563e-05	0.00023496633998019	0.00413560007624397	0.0241811530761962	5.1982415288788e-19	0.00443447967897852	2.20303804411782e-05	3.98591273467854e-05	0.000691479357195277	0.000909049790808462	0.00042990830728748	0.000678935910911767	0.00101308660933804	0.000508354773632345	0.068168756961926	1.51319019007974e-05	0.0024249066108192	3.84179250075337e-05	0.000469391130834972	0.00147167243779233	0.000404117417753725	5.25986183752048e-05	8.64481031868398e-05	4.59952624955967e-05	5.70546219286354e-05	0.000891615290214058	0.00120865456185091
A[C>G]T	0.000994622432108408	7.81052718471619e-05	0.0121340611743318	0.00290927186485241	0.00705531721441895	0.000238612874064681	6.53533176482594e-05	0.000206810176261675	0.000722791752744718	0.00174291656422757	0.00405617201819901	0.00367699315116199	1.613114392822e-16	1.27088759861368e-16	0.000353791332722074	8.20865746170602e-05	0.000432171769032612	0.000811031135614668	0.00332325317641036	0.000180910052511628	0.000315120425232435	0.00910471185683674	1.23398719778913e-05	0.000187673302222066	0.00325870527985336	0.00204852753555522	0.00361699441627735	3.74127885196967e-05	3.77095704477174e-05	0.00234031883446766	5.80374476296231e-18	0.0025282912474696	0.00234124877716769	0.000438364359448632	0.00113537195911773	3.38304982760167e-05	0.00222764688469613	0.000584616825918691	0.00300706131348121	0.00142059480156586	0.00058383243113664	0.00129984003256057	0.00789765641895039	0.00159129362701058	0.0108218546018098	0.00215025503735095	0.0321884638112307	0.00597351840972736	0.013127038236742	0.00504269260393841	0.00391081272054918	0.000373870533245076	0.000242232269864358	0.00242907695497125	0.00130839720407832	0.00136417671954336	0.0011763336352397	0.000517271130872617	0.000162723727566706	0.00133682894580924	0.000648095457394551	0.0016107077929532	0.00257466197853433	0.00314227604134089	0.000770917488693511	9.64075943783954e-05	0.00227640177262067	0.00132205948406924	0.0043360888271611	0.000169535918328533	0.0284291916120975	0.00719509493395089	0.0761571719601252	0.00761208544261506	0.00208496565489519	0.00793311574495924	0.000437407688857793	6.76952465897215e-05	0.00311485034752552	0.00769119439074759	0.00552570691270075	0.00119128119819538	0.00394840746313098	0.00259956090473271	0.00135241564814816	4.24439068851048e-05	0.00881908582809375	0.000547586622433696	0.00140078728784262	0.0546168160296934	0.0139832592735785	7.31365354505973e-06	0.000936879943070266	0.000671405921909007	0.000745808489643658	0.00462536179895864	0.00307518159390156
A[C>T]A	0.0309883885688298	7.43416356258164e-05	0.014068592626553	0.0101293282745914	0.0323532695628881	0.0855508107004468	0.000118440997541566	0.00145362226160481	0.000707641070221563	0.00283356579182997	0.00687278553670665	0.0066012353415954	0.00106888961522582	0.000446504227408582	0.00473819285786911	0.00149676189762432	0.0296092684395749	0.00440891709139302	0.00847487435728012	0.0156227967753639	0.0069564789182319	0.00197964082743787	0.00109137656114952	0.000477258422261452	0.0104394629413271	0.0380795117517454	0.0573162594697222	0.00186326291991488	0.00152260647865896	0.00357368838450394	0.0332377151398519	0.0148720099961417	0.0203647083607286	0.00227557438782874	0.0167413408390813	0.000448267507397877	0.00646949179167732	0.120438505642883	0.0200045654662017	0.0996440456244891	0.00338801132278782	0.0032021498931565	0.00261569743837502	0.00705453948799955	0.00510309694136783	0.004319411821833	0.0101154949088584	0.029073364559207	0.0144170036307562	0.0247127040247084	0.00663779477630898	0.027605595365496	2.81863537426629e-05	0.094299754300643	0.00172886375433154	0.013390504280594	0.00414892322967467	0.000307455016496008	0.000755284398245768	0.00339357580199415	0.0366255982521439	0.00359979974656428	0.00868738858532908	0.00127550370197111	0.00440687255450342	0.0082403310375811	0.0207952418115653	0.0744828471593016	0.00630508518116173	0.00265911083648925	0.0735422893606766	0.00107937518556163	0.0102511371423363	0.0104860251293336	0.00761690964806593	0.0515916516350316	0.000476292050436649	0.0187398102312606	0.0255528616548086	0.00702777516184595	0.00829864970207504	0.0152037899589747	0.0197840529897969	0.00820172129532922	0.00334121353564948	0.0253643050201935	0.0160901022529583	0.00450582520801347	0.0560332498329269	0.00637948777681407	0.0048284353250137	0.0164641076491065	0.0009346483632393	0.018882591445623	0.00475425734518412	0.0192722371384891	0.068138072865487
A[C>T]C	0.00843839531535273	0.00180869925178783	0.0132332886819851	0.00524229488401453	0.0191353936469131	0.0329219358068169	0.0185097336954813	0.0423098053655619	0.00440155663408313	0.0012832191570146	0.00306562163403478	0.00475798686958699	0.000923313902383791	0.00459935155513169	0.00550480370283437	0.00231416952496949	0.181722660212516	0.00182725861981262	2.82269981972216e-16	0.0137069941044383	0.0102532124345942	0.00451924999167451	0.0016477629077326	6.32974573117522e-05	0.00568364674418846	0.0206555258526551	0.0162801374151687	0.00362563671266604	0.000201902393538151	0.00259426772339241	0.128160743238783	0.0152051063519686	0.0136840286425735	0.0023405985581302	0.00713432396088005	0.00210047110883094	0.00590083496994271	0.110639882268223	0.0112976364118967	0.152801108289586	0.00146390776208446	0.00363543757753579	0.00508688535311352	0.00418196166973195	0.00269559415662616	0.00289953084951964	0.00458544014795935	0.022430429293536	0.00612536807662547	0.0222036405534625	0.00243158785651863	0.0528342975900816	0.000134037479287176	0.0190950745979081	0.000841525574568362	0.00844553437804225	0.000983828154493747	0.000505426459197297	0.000428715720642555	0.00186926621590657	0.00622635570706865	0.00302711719389992	0.00254034083642675	0.00049108855739174	0.000216446242924899	0.00117789990460315	0.00886379835578602	0.00673737746344149	0.00495512619587984	0.00139064352121541	0.0619012489733274	0.00125033671065023	0.00259401843605498	0.00426109912208232	7.89930052042526e-19	0.015059624992024	0.000211971835594141	0.00155579192634051	0.0163269023523063	0.00429364990850724	0.0169633171276411	0.0129577587133514	0.00361521565373406	0.00521718761487207	0.00174779432691334	0.0172451554206087	0.0058513910515719	0.00382700651139151	0.0459642597336503	0.00364814570780726	0.0035439696343543	0.0211967502619791	0.000507646000294281	0.029629674347933	0.00118742711881803	0.0118683239146229	0.0786214960916899
A[C>T]G	0.296874376679535	2.6107153998117e-05	0.00167076838450636	0.000598196711193914	0.00402448130668144	0.105091651818095	1.41966812975007e-16	0.000367327174691667	0.000323639834770834	0.000675608646186802	0.00213899188680294	0.00234226011216289	0.00375643195576398	0.000220940067656481	0.0083171934480637	0.000504696961112864	0.00570818546117459	6.19557354534059e-05	0.00023467823318283	0.0219080556872718	0.0673403332002068	0.00241347287550316	2.31834436749028e-05	0.000157405413515685	0.00908387325945243	0.00138320324070682	0.0101462003779774	0.00416933750801857	0.000792854765420131	0.00182829485068144	0.00841511477517482	0.000425080780825645	0.0125356250427056	0.0029919720966785	0.00538038095432187	0.00266886267864276	0.0167636792149192	0.0107360091103005	0.00562883495272637	0.0276974363870066	0.00299767297757257	7.04369959418825e-05	0.000450447813421751	0.00549114242763427	0.0033968301728522	0.00425555488494363	0.00414847072524631	0.00877007233914974	0.00353125501837691	0.00505402551294409	0.00151210465215181	0.000355813931728468	0.000778241080882346	0.00984255349045329	0.0046145273290461	0.00265908397616748	0.00194459131362219	0.000850562678027605	0.00173244572119413	0.00879327348309846	0.00379289676110839	0.00358267289041388	0.00548728781283301	0.000193970320154703	0.00301052506433954	0.00111065046725659	0.00736681761752173	0.00523952677212149	0.00270187734089237	0.00266152312235094	0.00227526895621516	0.000228624935537086	0.0185745014253932	0.0888602926487937	0.00610871478802447	0.0041423478886586	4.07869535596698e-05	0.00173764729105264	0.00690387679322642	0.00909693597746965	0.0167036965040111	0.00309380073760468	0.00934310589050484	0.00284614481992885	0.0189108380734866	2.95314227660172e-05	0.00186765473588184	0.000219861053126635	0.0263296322641958	0.0059225903530174	0.00898803155820509	0.0104517927396242	0.000616551215997767	0.0277760412161044	0.0029762475537521	0.00649734415894603	0.015547305537121
A[C>T]T	0.00773728130545342	0.00147462074163721	0.00781108879459456	0.00322414211804719	0.0142261422627679	0.018522925434748	0.00469365158521414	0.00725470770615794	0.00259314510634522	0.0182410062194931	0.00821976817647476	0.00344626555888827	0.00200232451055056	0.00420233384866858	0.0039050170156048	0.00178789016440951	0.0815076461309958	0.00124085546974649	0.000244568106961306	0.0132168161769129	0.00159765090303977	0.00439732834071098	0.000429582068881404	8.00569113422759e-05	0.00589267606012593	0.0326095681899018	0.00984777613775915	2.3331075589252e-05	0.000347085337392491	0.00171955691155869	0.0335393503449505	0.00751402470252143	0.00362057373781159	0.00155516888461762	0.00356706977683166	0.00190208821623503	0.00151553966787858	0.0216915700656454	0.00743774179909212	0.114220768788054	0.00127629952051627	0.00229389689903224	0.00069406747005631	0.00332401987508504	0.0030106588018229	0.00199048655977701	0.00878799409452527	0.0148897083503246	0.00741674589237956	0.0150458122205698	0.00277974212959401	0.0282654324709797	0.000576419616909814	0.0207089168645634	0.00103331483953857	0.00390324795982165	0.00157641604008123	0.000164033388637959	0.000355185041911006	0.00434695241881422	0.00213312131861422	0.00153462636488597	0.00152095988877557	0.00280210518345855	0.000436049171531504	0.00206060696371768	0.00640075182977167	0.00440698591032765	0.00355278081116583	0.000187071263439855	0.0483274101452957	0.00233457992004975	0.00350272403918036	0.00775807107993726	4.77824856057742e-19	0.0199657921455252	0.000283435031999939	0.00180187505579479	0.0115255355369226	0.00333358229357617	0.0118550266844858	0.00357365238563118	0.0113499138000195	0.00262323217143386	0.00109622261197227	0.00913199348723987	0.00710821065152686	0.0020394472494965	0.0397456322853915	0.00096820036661634	0.00154242583315673	0.00520018375369663	0.000382639209252143	0.0146094509487667	0.000737662120013004	0.0116214269463967	0.0366956738482101
A[T>A]A	0.000509620930541482	5.99663830891508e-05	0.0027953295673523	0.00563651452912442	0.00376404901940958	6.73875722781747e-05	0.000967928205069532	0.00131925880377437	0.00339063736291772	3.88826470739282e-05	0.0101138992979969	0.00531915017028167	2.67776216003508e-05	0.000760717360486475	0.00201129638917363	0.00107067416160458	0.000245947535163864	0.0021260290022288	1.34672604351132e-16	0.000396913365971196	0.00144419750535267	0.0133531597872733	0.000464338538412968	2.68917977297065e-05	0.0014520716263067	0.000549356805631029	0.000305316385058789	0.00152682383860938	0.0281523163003399	0.0373713239520525	6.26186516458121e-18	0.00102339476077514	0.0101668728690728	0.000668268966417187	0.0898057339917025	5.09967559259481e-05	0.000404335221275685	0.000211965393207105	0.00456537809424467	0.000422596234264356	0.000284621826798233	0.0481542550216541	0.00297442129065795	0.00148426181826142	0.000945649260653845	0.00128043306644454	0.00287546936691653	0.00522139628284162	0.00387165149938444	0.0048430614729183	0.00257575191061319	0.00842362572177268	0.00764404693434541	0.00257677843858355	0.000350725289710829	0.00122240594914791	0.0689104305768762	0.000363364034079949	8.70821458053551e-05	0.00265569387464028	0.0594125897062324	0.0012172998833538	0.003642215715128	0.000423424642625379	0.00188806788576357	2.89061020002919e-06	0.00107527263350761	0.0116499703962481	0.00165322979616344	0.00196569480592153	0.0010958136664832	0.045134341158779	0.00111576095021145	0.00565888948096331	0.0180502296490949	0.00611934652282906	0.0212113009379004	0.000131518490060997	0.0055653446512098	0.00420656714744913	0.00596080693407124	0.0018724005210709	0.00499143041011417	0.00278690602512236	0.00122278172749413	0.00471513205336616	0.00129845474178175	0.00561470659170035	0.00102902058498998	0.00371562164172748	0.000998821016141234	0.00390089846272419	0.00010259722487785	0.00352815677879505	0.0117900498208186	0.01861504544222	0.00185601124978384
A[T>A]C	0.00184282507690033	0.000712226414219456	0.00476231224016703	0.00274003673550823	0.00458515572575068	0.000485823641737629	0.000433648715795028	0.00032097374682251	0.00121313089051383	0.000612679017013784	0.0143312997290216	0.00153217930289396	0.000132929476898731	0.000182727246196354	0.00885432376880558	0.00232460621755888	0.000337416854003806	0.00144567243501406	5.13092689404303e-05	0.000312463902409328	0.000772350239244098	0.0058041014720669	0.000594607397327556	0.000161040546729457	0.000664209441350707	0.000231203270537437	0.00402270834853882	0.0032343215342981	0.00403653481122855	0.00437716880426447	5.44811065258445e-18	0.00189055977540242	0.00574752581895975	0.00200757820253452	0.00118944117106502	0.000183850270884396	0.00169473830407607	0.000297695347690832	0.00457367017011218	0.000681995218600431	0.000484925881819308	0.0269278918832298	0.00580755619581498	0.0011284408367813	0.000905060332538009	0.00161930057494259	0.0020231525139889	0.00372366663259036	0.00382467707175038	0.00331343163286775	0.00192599713703978	0.00329468384211729	0.00244988436707763	0.00181821202450398	0.000430710537543103	0.00105717319418497	0.00463810786149767	0.00018997760665694	6.81730536134611e-05	0.00253239478524873	0.000920779409910966	0.00105275761336281	0.00207764897674645	0.0018328670916935	0.000355318780538485	0.00318486204581642	0.00273449831164319	0.000900603417751414	0.00268080421006868	0.000143235948527846	0.000361641203714323	0.00683142664875605	0.00297669218786872	0.000515152816526738	0.011566725878195	0.00211458424726635	0.000158813761146707	0.000134130668601286	0.00257198002149363	0.00303350847978808	0.00412066975743404	0.00229397333772258	0.0169110118840765	0.000926190593801574	0.00124296075564934	1.1444190474248e-05	0.000679337842929885	0.00414372062388455	0.00223843248483866	0.00138211735248009	0.00124286813153248	0.0133291623795931	0.00515887834018167	0.0014633533158633	0.00287949478438943	0.0154793215652728	0.00373190030382176
A[T>A]G	0.00135175514520206	2.96801076570429e-05	0.0091363717537427	0.0138107565697847	0.00865824340779547	2.83279606860466e-16	0.000545149197821015	0.001538478008526	0.000107393676772697	0.00301179324614261	0.022011767214337	0.00215170963981831	2.19232505713179e-16	1.82058016276741e-05	0.00114555788691379	0.000691308773656035	4.3193708197571e-05	0.0023881925597331	0.000666185538591163	0.000426652341187054	0.000711584511843407	0.00947946958217215	0.000171150685635052	5.25347797822519e-05	0.00282226656654763	0.00123852508647158	0.000336983192123091	0.000203704150354808	0.049711585838011	0.0280452289202367	0.00049803602229767	0.00241130411833406	0.00578865774911047	0.000511474001575613	0.00143783559276531	8.38871287386663e-05	0.00301535445977759	0.00069344928995167	0.00543823858244414	0.000785510635439995	0.000424809111580557	0.0301099188934867	0.00150584819642709	0.00286468778177172	0.00194797318400307	0.00129349167593345	0.00699535486341358	0.00905507423803818	0.00684133100132388	0.0086729532190215	0.00194734975280372	0.00590637689750257	0.0013298539474012	1.08342528533379e-06	0.00264864066078044	0.000421364301412392	0.00692465663027364	0.00047652711193832	0.000302827047215474	0.000528449721728964	0.0360150405532895	0.00152337774206356	0.00330345425922869	0.00348734361067431	0.00668234806463739	0.000546467521385282	0.00353922993201076	0.00415114241748111	0.00336963879189275	0.000324417525477389	9.24337856185266e-05	0.0158527677115494	0.00224141707579476	0.00409048571169018	0.000404800133281268	0.0105540036380765	0.00022787791025921	0.000182184718615504	0.00721167724805914	0.00399824038766143	0.00424732797413649	0.00709545137559844	0.0221379141491663	0.00425284723484233	0.00402936858905431	1.01052208421309e-06	0.00577551244218869	0.0135430665724557	0.00282927086432471	0.00298753046939659	0.0026460142472441	0.0027896531300037	0.000254750057583996	0.0030638394176857	0.0113799496597793	0.0157880816249405	0.00556803182093386
A[T>A]T	0.000168114375032798	2.01090589292585e-16	0.00448641570335023	0.00363278345297931	0.00456024561446097	0.00164198818864821	0.00266939602363573	0.00633406870506389	0.0199924154038115	0.0259195111994336	0.0186991412821621	0.0114155794359053	0.00507305555151778	0.00171788586310884	0.0517875149868833	0.017973716209701	2.88778447670094e-06	0.00167234295096322	0.000530123668109379	0.001727447626383	0.00973962983145954	0.00916985400165294	0.000967973664795478	0.000392118512081498	0.00659329302059882	0.000659184893325248	0.0220580372382148	0.00101819375367413	0.0015961319132013	0.0124963269682969	0.000175487041975957	0.0016813426679228	0.0107088083083113	0.00194645268857885	0.00230037871958679	0.000726877220333746	0.00184630896864627	0.000412621175941506	0.0034845376548183	0.000721400100821412	0.00239747645488269	0.213050305013213	0.00646485444901515	0.00269312678218158	0.00167890046452232	0.00252389022655467	0.00477928946846599	0.00841388460576825	0.0075199682467349	0.0176242142099193	0.0346554946757388	0.00625656068082785	0.00308370825986178	0.0239440480139929	0.0005828546837547	0.00130580799226595	0.0486799596240944	0.000535919155303436	0.000344621563306523	0.00172197963016976	0.022367615784966	0.00118023692571893	0.00412884886215233	0.000192257253638376	0.00250548451743638	0.0239335405155721	0.00298312681316329	0.00601389696765914	0.00333778936636843	0.000519821546160733	0.0107751654833638	0.0408995580910279	0.00632089174646064	0.00346825326418901	0.0232078008660785	0.00340881679174971	0.0116982679913608	0.000329392889591936	0.0073160056134402	0.0077340378862832	0.0129946566882401	0.0028770916298403	0.0149626038994527	0.00400999692927056	0.000348873133340439	3.05821092987329e-06	0.00125225791714586	0.00569855098400076	0.00684322020196275	0.00161968850182088	0.00408491801728524	0.0451790652828878	0.0024343779454641	0.0144919468379915	0.0440277213372044	0.0365410540466045	0.00455880498842584
A[T>C]A	0.000738153663305104	4.10145180747002e-05	0.0089311589573356	0.00505696626075581	0.0250497908617499	0.00161146201528083	0.000259896527764758	0.000574505127087351	8.37172672973834e-05	0.0020269218754906	0.00538693543233197	0.00903852917219596	0.000418328375701697	0.00415457527676793	0.00969205443115873	0.00311742804988271	0.000714783495213098	0.0321750856452458	0.00123169662793325	0.00867299698656435	0.00292758358762093	0.148713586402021	4.71572895128383e-05	4.44346275440191e-05	0.00125228523797717	0.0019243972123585	0.0067963578677216	0.00783415978517709	0.0117089105585375	0.027866411709765	0.000711898480412736	0.00440685922986751	0.0109670742224251	0.0396339066984229	0.00337149566209264	0.000173041576428794	0.00136103703985063	0.000379282278777629	0.0125964323252789	0.000589759898070845	0.00435734523153752	0.00229616217147745	0.00131912817692862	0.00339502762852917	0.0327502610722426	0.00190840846497553	0.00644756119205944	0.00936813864945628	0.0081112726330956	0.0136324863092581	0.00528555887572121	0.00781031587487127	4.71536605854723e-06	0.0110603717131142	0.000972951741912126	0.00890403011626915	0.00150229617126485	0.000643804519007602	0.000439910738786695	0.00138526285914512	0.001447648033081	0.00274169310511721	0.0074283441758653	0.0137487878237303	0.00204955907435426	0.00760474286460063	0.00927020955745773	0.0406928227419154	0.00874358363864267	0.000679013639587721	7.45632174124037e-19	0.0126825925365492	0.00231796275888483	0.00560127016657743	0.0446195461306851	0.00891512284660509	0.00209930740477796	0.000194745579946846	0.0523895784828828	0.0147914774981762	0.0082087094975762	0.00119409203043371	0.0153197214375562	0.0057752824925368	0.0123590642906092	0.0223713553746944	0.00479652671116565	0.0280376910209613	0.00665302087715162	0.00355842336291729	0.00412873363197562	0.0101857278854966	0.00526633333567806	0.00934083815550738	0.0234871743548798	0.0103808369766087	0.00387684451354049
A[T>C]C	0.00267064348023683	1.85401334393788e-05	0.00544888346641784	0.000589998807433177	0.00942516338756168	0.00106887791634109	0.000156189412952152	0.00033318141869703	0.000200988952587653	0.00237009153748668	0.00358349602509532	0.00606475128007688	0.00263688670066629	0.000293972880761539	0.00626460242817316	0.00250327579533733	0.000762946946737095	0.0228543507045382	0.000118790422173051	0.00562549978168034	0.00191354056295654	0.0102836416863742	0.00805196857232396	0.00014928009159826	0.00168081579454278	0.000572536695462693	0.00374908941174072	0.00608552354178728	0.000550318004740399	0.000829002176074756	0.000185534667899136	0.00194727703185832	0.00652929065157701	0.0158246273910106	0.00160222998758644	0.000180317829408163	0.00206286796158238	0.000368815126037284	0.00592749345003534	0.000572979571154131	0.00169576270377551	0.000793026449827416	0.000688686848559584	0.00141772732308452	0.0222568634796978	0.0014552344669104	0.00421190420709704	0.00224500194380627	0.00284821677509465	0.00783868823848685	0.00275695010978444	0.00306577061618074	0.0215655931783182	0.00240868140626607	0.000385095434335071	0.0298445294062144	0.00390457810219739	0.000143497418618487	7.58221507995586e-05	0.00634083360761482	0.013994019914702	0.00178306648019375	0.00315527562213154	0.00473374879814554	2.05328507701565e-06	0.0048615775267675	0.0043672394521046	0.00323288942921793	0.00297528643384813	0.000189143123729393	0.00031255604230804	0.0113573175638015	0.00171916949848091	0.00245936947826677	0.0236928268417956	0.00253060931639741	8.80857718896395e-05	0.000125394170825879	0.00353371087846331	0.00183375300473767	0.00402537496689638	0.00338140768920422	0.024706238895288	0.00282555305714406	0.00607573567768119	9.12450980160624e-06	0.000616292847475439	0.00527859299116219	0.00391749253274805	0.0017422533650259	0.0013491294408089	0.00672131477849317	0.0212696073414224	0.0017290406327845	0.00333424063606588	0.00489784382453862	0.00365316541390584
A[T>C]G	0.000136150688068817	1.66425215039429e-05	0.0126276264061868	0.00603233826431391	0.039284229752084	0.00586389627196453	0.000188121276460551	0.00160242574262789	0.000589928555179309	0.00810324251119667	0.00729953824300224	0.0120762059071508	0.00227912134763863	0.000447509901522451	0.0170919223375622	0.00970100012162864	0.000380550747826535	0.0584552815745447	0.000523487988675578	0.01618874108561	0.000342580680472237	0.0744781504208663	0.000348543025426692	1.93155159642875e-16	0.00244572644994602	0.00325536463345712	0.0224077455346559	0.00345223593737455	0.00688662727793845	0.0114282698854182	0.000716266380658464	0.00229855363999624	0.0199970651141652	0.0695878528505098	0.0072050374619643	0.000242117150680796	0.00362192426051659	0.000326132288614466	0.00950968572565645	0.00130262184179669	0.0485289338289412	1.83895418256168e-05	0.00112833322323839	0.00470985972699241	0.0142368141047474	0.00281526656506732	0.0105256087211774	0.00856894923958084	0.0125000983448708	0.0304294643400426	0.00559728277830734	0.010931433509669	0.000590317203223437	0.0295647400174508	0.00278826231397083	0.0300333333498785	0.00210430212169011	0.000316372687586574	0.000272223633402448	0.00112888003996782	0.00418748320439328	0.00363313572672942	0.0102863262960833	0.180395493361414	0.00359244397695558	0.0110197211395034	0.00680828765569114	0.00647170105121005	0.00586680664837374	3.51263493194972e-06	1.62635454113536e-05	0.00412554828068766	0.00428805610704086	0.00112199356280153	0.00482339952289034	0.0157392126003732	7.51264187457498e-05	0.000752192473516022	0.0446894683843491	0.00512542710003881	0.00323031855742963	0.00394963648109668	0.0373399424179574	0.00812311764202445	0.0172529681507608	2.51992000263567e-05	0.00739536169406939	0.0482878438989386	0.00903284340939374	0.00448483958259073	0.00187690835379739	0.0324082123740795	0.0105560383600889	0.0205720918549588	0.0283173227981267	0.00613711973425942	0.00562881476328879
A[T>C]T	0.00537308347732684	0.000142425086641502	0.0129437796815597	0.00137163578005533	0.0287046360296721	0.000505967002066732	0.000450889959529361	0.00167387698801618	0.00106478009218957	0.0327726733907677	0.0113559801434583	0.0178480537024382	0.00260790274387054	9.21292875153118e-05	0.00939495253359161	0.00469469509615499	0.00103135381785121	0.0385526033912177	0.00085483089492321	0.00568020592323035	0.000966421255029558	0.115522167070224	0.00526265654376657	0.000343375418748031	0.00363336425081609	0.0017870448926673	9.04315707159581e-05	0.0165999608252178	0.000489213921397914	0.00389984371193136	0.000289877941747106	0.00232236313021589	0.0106189012413872	0.0240328402655334	0.0023901340023889	0.000259230369547912	0.0011038322552911	0.00046763655294482	0.00722922825513903	0.00053127586144014	0.00443774921724515	0.00160756186665156	0.00181444541595187	0.00457662259641346	0.0296444340614097	0.00329976972594991	0.010821999165948	0.0141588960448768	0.0124813468518449	0.0169518549998957	0.00898034084067545	0.00251284388742174	0.00646054163725145	0.000211502429749874	0.00143322556466214	0.0203576412199452	0.000953901270639148	0.000897998597551736	0.000478125660390507	0.00358205840451763	0.00144476061204885	0.00497214605056529	0.00652422883234711	0.0050960589706097	0.008922424983813	0.0104276715734052	0.00862287484880889	0.00570168551763419	0.0131184115175739	2.63994797632923e-05	0.00966982392302601	0.0351207074398945	0.00396529347155181	0.00468456462998312	0.0939520608546372	0.00922305315296254	0.00145480973535681	0.000211167561276075	0.0240068820198456	0.0063375214203126	0.0190894656659223	0.00250955611720779	0.0214208902504286	0.00617567470035883	0.0137039727771259	0.00181058786883257	0.00249375114106698	0.0128401592278865	0.0083326584504774	0.0114305036578626	0.00229730274489878	0.00403498195097295	0.0027431257736811	0.0075430427454921	0.0273782938157647	0.0170248533221847	0.00572158846623782
A[T>G]A	0.000118687998746187	0.000161212562809122	0.00217860102868225	0.000680564042834554	0.00213258385786978	1.90844355795117e-05	0.000255636151587855	4.84515233663445e-05	0.00352473543259552	0.00175270576605925	0.00092139921556114	0.0204613825920542	0.00109854758932907	1.57111250029541e-05	0.00136531390344697	0.00422269120681262	0.000139277755108035	0.000895353547738519	4.03473076241011e-05	0.00014869314626141	0.000358890485992593	0.00701309994339914	0.00042380139991932	0.000656076740909556	0.000455453304017264	0.0017640369379114	6.79265544447322e-06	0.000187378257658397	0.00111195980411855	0.00527387089164589	6.78302809528571e-18	0.00225222088994338	0.0028504346265671	0.00139062693578065	0.000775519908598566	0.00316994441227546	0.00028798204795295	2.46728559839453e-05	0.00231537786545029	0.000247823604216058	0.000347737325061486	0.00142812597933268	0.00200961738090829	0.000718236116725196	0.00987932414820966	0.000801533370007185	0.00227596633395834	0.00304831484624185	0.00573202774482795	0.00247305900120913	0.00281630779726961	0.000823281953544919	0.00142333630601968	1.40110380871078e-08	8.46667661641105e-05	4.90423864017164e-05	9.24955539105124e-05	0.000308324923216884	0.000143323457148109	0.000398769686402995	0.000411773379673075	0.00128881436934663	0.00307455988750739	1.85642468969936e-05	0.000125785011431758	7.50096739236398e-05	0.00250708664903025	0.00695364366358812	0.00160278848766115	0.0134086633291706	9.65954606328888e-05	0.0104191199151205	0.00312742944842456	0.00492707103080696	0.00329801477247099	0.00301483933163695	0.002035324187137	0.00158050210298679	0.00123877936986034	0.0111509679291969	0.00228196749408726	0.000211828269110973	0.00669827827757072	0.000494362335863605	0.00368455617401571	9.67866645241966e-06	0.000477448736654875	0.0016391992279491	0.000766527599364565	0.017436015858819	0.00203995592617189	5.5999765736642e-05	0.00199833284597695	0.000956508210056001	0.00377662745777278	0.0022082922588325	0.0012206779639254
A[T>G]C	0.000156275959187773	5.52830624638683e-05	0.00156890974570678	0.000112751262893741	0.00157157920936189	0.000165828376556335	0.000146050027775001	0.000585208154950399	0.000340261552040716	0.00137858357050685	0.000410605242889016	0.00343982058954383	0.000776217385201317	2.64027480966022e-05	0.000580406014636871	0.000408953340229646	3.2666160799254e-05	0.000323601683362881	1.59603818219911e-16	0.00227906107430424	0.000348183865895546	0.0030211667595836	0.000381394979664266	0.00228064543986055	0.000592979883399377	0.00156551661694157	1.5075579109262e-05	0.000228537647358978	2.67640723131071e-05	0.000552052535643205	4.86085905957757e-18	0.00107467696505639	5.90729371014552e-19	0.00131823360645509	0.00071375717721759	0.00607889555391665	0.000632465647974671	7.61224304441888e-05	0.00170714282510401	0.0003013402325927	0.000117359873582011	0.000255978764718954	0.00069636141679007	0.000449130685567564	0.00527979986716853	0.000815927612974332	0.00190605181056986	0.0028774872642322	0.00791110459887128	0.00185436813366562	0.000671078043235485	0.000303994966738102	0.00240985151835569	2.08219205950924e-05	0.000462363900742011	0.000429245445445977	0.00101788396037617	2.67367365467395e-05	6.62783810439712e-05	0.000356422961569783	0.00254851587355276	0.000431165264175871	0.00212526180853411	0.000829353308605603	0.000483236516869218	5.42012060247095e-18	0.000306539099467292	0.000444067246063116	0.0015282404436023	0.00616139275091451	0.00105646708833912	0.00164254735383177	5.23143813586221e-05	0.00045632374935463	0.00231958948067668	0.00081880767938931	1.89292218080766e-05	9.52775090719919e-05	0.000235070010633288	0.00114562019462766	0.000615748955518051	0.000150599061973131	0.00342577727008088	0.000402261921067069	0.00134783296375229	7.97534560240148e-07	0.000129263166843554	0.000619150573113092	0.000676759690181468	0.00217188771548088	0.000767017452965602	7.38549550304401e-08	0.00530717872633646	0.00229256630094587	0.00300481053148204	0.00100394528035373	0.000526669971260919
A[T>G]G	0.000290315935685298	2.17982296558257e-06	0.00545480623343066	0.00144486127415261	0.00688648373801988	0.000124803737200082	0.000234168356082139	0.00132442138819568	0.000280850297126999	0.00788263353342372	0.0042070772416954	0.0037961545302153	0.000287426007347825	0.000371733667338654	0.00088377239564227	0.000898600503181581	0.000179530242633664	0.00056502572566665	8.51056411564061e-05	0.000780655675965279	0.000222713803634783	0.00454142550036479	0.000562108676178721	0.000723150983275665	0.00197342134571345	0.00210369684281074	2.73187470880024e-05	0.000140324010012122	0.00221079812070748	0.00294902511510567	7.29584555696867e-18	0.0022689831305603	0.00605108890931115	0.00171206926779894	7.23297119344774e-05	0.00387216565696827	0.000466528945323437	0.000407117294614306	0.00397062073828443	0.00128002291992223	0.000264862666932358	0.000156618000624901	0.00463393332126869	0.000968221671507021	0.0120070130179978	0.00226491695024353	0.00705376756535245	0.00466103105850487	0.010012406614297	0.00617231891814626	0.00158528390533051	0.000686065058862613	0.0296507348319548	6.84601560382796e-06	0.0011178429532261	0.00123182719671444	0.00312486928236836	0.000328611873373784	0.000144639859665503	0.00331961393341391	0.0248555256267413	0.00139171297797808	0.0053208257365508	0.000866152112731548	0.109283383731198	1.23617509217072e-05	0.000685690461175724	0.00219132159342287	0.00238962823662849	0.0219757745459075	0.00113630590308895	0.00307770030100046	0.00176827969946464	0.00261335413161762	0.00147925385390405	0.00461772231231399	0.000135771246178438	0.0012680282630287	0.00116359967535808	0.00352990423856802	0.00200044827829843	0.000221875766484156	0.0240830604128333	0.00166863534174335	0.00776717232594733	1.34630879542971e-05	0.000491672341218627	0.00546091568812092	0.00185113015329354	0.00292575238162036	0.00109928966478281	9.75815294985993e-05	0.00473631323081656	0.00266672580031246	0.00441493675138915	0.00357411423244305	0.00625112669733457
A[T>G]T	8.84203569043382e-05	2.9137588041657e-06	0.00250511528595699	0.000160173198096339	0.00305297006317882	0.000328116871930638	0.000191063106764796	0.000481294834783598	7.52233457063521e-17	0.00774996743263979	0.000475655127861091	0.0124054616005201	0.00603538862424183	1.14997231678562e-16	0.00809516513162903	0.0033839587430857	0.000208318495072266	0.000652326840985742	0.000240565734635534	0.00890707055028479	0.00318478120603752	0.00570245249922694	0.0071219627229916	0.0367849553215034	0.00132979011124632	0.00140321204369588	4.30754549778317e-05	3.80097032078223e-05	2.28391447793717e-05	0.00184362251442159	6.95527812655186e-18	0.00378079759571452	6.17733355757202e-19	0.00323101515563219	0.000199243821874164	0.0422560518586752	0.000655710906755969	0.000574585671223907	0.000563627615359934	4.73822372042642e-18	0.000308030843803362	0.000666303165326744	0.00198255783844824	0.000741809467900976	0.0128653336368821	0.00228058611952677	0.00430849715038022	0.00749728442802332	0.0222362957405101	0.00583912268964019	0.00325631478662462	0.000715059631534955	0.00349210712248397	0.000948667685043293	0.000137433287359779	0.000336650642158826	0.00500027366722523	0.000135777534793219	0.000105411109108008	6.3244968520367e-05	0.00138789361993311	0.00158530847095621	0.00157868017188807	0.00018662654443309	0.00125233180513028	0.00407807972207422	0.00242546798607568	0.00122574082802963	0.0035240180277222	0.010063427882802	0.00153418152607461	0.0015894581327513	0.000844535225176932	0.00154049137837898	0.00350368068839117	0.00263027926070559	0.000877338237729328	0.00016199142957909	0.0024249456852207	0.00398641893637545	0.00160706921843247	0.000363254415043388	0.00482095669915755	0.000712643048504949	0.00294748532542046	9.18092277061531e-07	5.71627429142088e-05	0.00421765250679598	0.00198592799090976	0.00493178036200823	0.00312841102307744	0.000248957907246664	0.00954828992023701	0.00315664179726646	0.0080608722180822	0.00218374926264176	0.00151773775633352
C[C>A]A	0.00029327977119538	0.000191926915769112	0.0169049528624984	0.0712531459312004	0.00559188841647897	0.00184207172230629	0.000334983252008052	0.00089126408845711	4.39801083300252e-05	0.00935677383170989	0.030690160905004	0.00296654250129967	0.00247853848411957	0.000321336876179837	0.0128701924172422	0.00830093129218118	0.000537855292691888	0.00328888526650793	0.00125315808569136	0.015573772210772	0.043666009795463	0.00887107413684943	0.000200126950601405	0.000171773085976289	0.0636782616317094	0.00136137105506632	0.0331503324633399	1.44562921479673e-16	0.00118712390428443	0.00398506702537986	0.000168410842458759	0.0242767476595978	0.0108840296215208	0.000914740377409555	0.00469836542211921	0.00088813975566642	0.0522421210611982	0.000661743971632374	0.00917083238394576	0.00108449703607171	0.00130642110875147	0.00134524952564307	0.0268370995818204	0.0500870838765371	0.00199698244636227	0.36174257631139	0.00807061065904581	0.0105903694079072	0.00558870763809341	0.00641077532060593	0.0012125871243412	0.0108411704204639	0.00488783151875447	2.25854257643927e-05	0.234614655544376	0.0104219038738854	0.0181264083629171	0.000958629956190573	0.228111559384024	0.0164500243751392	0.00541534667506371	0.0582514967873184	0.30476678068738	4.12985039020126e-05	0.00408751024762846	0.00209427515245048	0.00420857181803301	0.00433628682268647	0.00272006210878883	0.000862140724182845	1.03498060772004e-18	0.00253892083013283	0.00544985718599716	0.00722006272858347	5.5612699122795e-19	0.019344587887659	0.000604784377822793	0.00738461983473227	0.0151250880889615	0.00387358239620272	0.0667953339899812	0.0531975894256036	0.00618247174778599	0.007094950201482	0.00122356480707621	0.0183506161618082	0.0717334434857081	0.00501993494704206	0.00456935499249128	0.00702286079267509	0.0053106749924258	0.0138953304509833	0.000502441515908147	0.0179040518950377	0.00133367809100277	0.0145479154329028	0.0098253252670394
C[C>A]C	0.000977296063195976	5.10737716528559e-05	0.0110407090842362	0.0408727480828544	0.00268400340254401	0.00240438211835621	0.000102628661034181	0.000703846950397431	0.000724159058417643	0.00120686608579361	0.0172477135876363	0.000689216425985124	9.14461846897098e-05	0.00113918605883298	0.00414672283503709	0.00715648409681602	0.000498423934065334	0.00150847545443108	0.000503266626075666	0.0109324484206399	0.00306410470288464	0.00447379036121108	0.000457074243912207	1.51322360313845e-05	0.00979626566065266	0.000459454994079833	0.0506455559669165	0.000983335954539415	0.00165795372408953	0.00192430132072373	0.000408110457387789	0.0193743533987604	0.00334025610387259	0.000568984630366548	0.00120029683645078	2.76985867641252e-05	0.0206582195306205	0.000194180305796321	0.00577468076092924	0.00249929133388873	0.000536781894763149	1.47116775024675e-05	0.0172037587088881	0.0105314441248677	0.000293215949308394	0.0383269681129485	0.00420492484611615	0.00484795819129255	0.00218880268544735	0.00513085721780404	0.000271954613685071	0.0178047982989946	3.51049921810117e-05	0.0139993421741648	0.0864569953195372	0.00279382995335761	0.00225544510202146	1.68362172120875e-05	0.0165471365686625	0.00122723272261252	0.00142848317072263	0.0111993754912706	0.0018814580898132	0.000975589652203009	0.00142447561856118	0.00327644988596129	0.00110702314936355	0.000745805391417708	0.00420120269721223	0.000107364623712758	0.00313710388308964	0.000105902902129873	0.00163117475173624	0.00296008874562311	3.23012241684151e-19	0.00661013689030569	0.000132298010254454	0.00239799136817274	0.00660901638138916	0.00166035309994259	0.0368880547814799	0.0199859590445667	0.00102807580213899	0.00297028198074451	0.00118329947194239	1.25047214039071e-06	0.0318307586758034	0.00486238130068291	0.00264389074429944	0.00279826211880046	0.0026724261652272	0.00606889110181061	0.000455744866341833	0.0204000161916452	0.000334214847315019	0.00387286284091922	0.00328486377152679
C[C>A]G	8.63902854157027e-05	2.02937786051859e-16	0.00185995794057686	0.0213350976562761	0.00256828854636651	0.00164708944093829	1.61820340147589e-16	0.000314601033657956	0.000760084622299856	5.41692010163336e-05	0.00257399189191667	0.00083507947540005	3.56657062874132e-05	5.0976584188589e-05	0.00175088043087888	0.000834444960630205	7.89435517769763e-06	0.00070021793951755	3.82281241746573e-06	0.00130041890829894	6.81914926938139e-05	0.00146382811681593	1.48518345409431e-16	1.3941810428922e-16	0.0101844771937083	0.000240055806885409	0.00646080936703498	0.00127158901137665	8.78127973307244e-05	0.000684003975068057	0.00014299862302772	0.0150825506615608	0.000928402151703883	0.000231624927578417	0.000243119128217372	9.58051626530868e-17	0.0140695847069517	0.000345876689802736	0.000278111438095251	1.43204358841485e-05	0.000177048072505691	0.000202760434145619	0.0019475345670862	0.00628561744087847	0.000456916414202398	0.0477576401037236	0.00452371184823199	0.00122948583434625	0.000612930517570869	0.00234578363633972	0.000131151931581305	0.00173290248819327	1.86100705204869e-05	0.00293419876905545	0.0660155107526487	0.00296505676250637	0.000196944905143317	0.10977102595273	0.50596103761273	3.73517382055949e-18	0.00329031331846141	0.0136123199259561	0.0609267282020497	0.00382245058695658	0.000413461418321659	5.59804303960396e-18	0.000510501707889995	0.0010103700202875	0.0009804590881749	0.00027310757394595	7.06376658978139e-05	9.23455660803916e-05	0.000486981352889761	0.016648458842174	5.48494158953041e-19	0.00254414525478416	0.000108682942659171	0.00206850911877653	0.0042476108820211	0.000886697260165207	0.00513092887813614	0.0132967137142016	0.000949193811904329	0.00126161510846416	0.0414090531303947	0.000997393651571725	0.0114653221292578	0.000425068879654933	0.000816254239681451	0.000506751201768413	0.000696321343341388	0.00298809934351531	0.000557257553215724	0.00757324746504855	0.000242935818456446	0.00152967877838565	0.00171471239485993
C[C>A]T	1.9588462816603e-16	0.00036307724107925	0.0108142567510331	0.0569408740852875	0.00456519055429557	0.00908136117482951	0.000255976511803631	0.00108875984332947	0.00509106625862383	7.05648477588682e-05	0.0236055033299226	0.00176756443738231	0.0126025719759161	0.00480188893622007	0.0309730148631845	0.0143864847626811	0.000122015201026659	0.000623859243596502	1.85735347708355e-16	0.232179611089243	0.0280216467937363	0.00198512021950113	8.68656510903828e-05	0.000107821050643213	0.0291951450452958	3.31754506260242e-05	0.207656301595607	0.0116241557473587	6.66952902997934e-05	0.00279277702365056	0.000604594514705576	0.0152755698037042	0.00866050217453288	0.00432933652855011	0.00268500481333942	8.30089623827392e-05	0.0467555751905347	0.000239182366793518	0.02234980287735	0.00218254132689783	0.00114415411561762	0.000399764735651479	0.0692090473127926	0.0507564746971934	0.00102597339905899	0.163281508884035	0.00450346583640226	0.00482899379687016	0.00600690759007851	0.0125166702681579	0.00126190436810243	0.0184308430189971	3.59604446843761e-18	0.0644590086695103	0.178741105522075	0.00518256893456621	0.000469683782587123	0.000641608978403736	0.0456196993311316	0.000785826241940121	0.00367640433497066	0.0178318982229585	0.00419595432328239	0.00337799307730922	1.73563528194857e-05	0.056275083729224	0.0037119590512392	0.00128537554621958	0.00230287252232663	3.69272506347723e-05	0.00545613595955193	0.000479049671667634	0.00276049052222775	0.00385262230467319	5.19778730477403e-19	0.0122631186418456	0.000484504910395515	0.00272975437597177	0.00955862025613087	0.00560578202585456	0.0311689531279837	0.0470118308895467	0.00162044025938868	0.00379801661672638	0.000784895043184809	0.0091330089709268	0.0551633984237376	0.00367734284175594	0.0022623313555745	0.00182829644936913	0.00630777577032051	0.055273751103252	0.000883216233290245	0.0561586127890303	0.0020030295038709	0.00962096674268309	0.00792566922623318
C[C>G]A	2.38888249062326e-05	2.17015956020868e-16	0.0152938042360426	0.007291536364257	0.00552466188669724	4.38496034593153e-05	1.73046116762982e-16	0.000377653372020331	8.76645038819082e-05	0.000898377269277426	0.00403600390887842	0.000582086597099795	3.75645159114466e-05	1.94503154435555e-05	8.58085941890249e-05	7.15015888719847e-05	0.000239576844853381	0.000857592881124073	0.00529623905377368	8.61208647709432e-05	9.20888889769518e-05	0.00319372873897553	0.000395672600986368	0.000129692745827487	0.00055634824094135	0.00192531855256287	7.1475018744609e-05	1.35299736106886e-05	0.000718391554763509	0.00236719905321061	0.000204676488762811	0.00263101968785226	0.00558453834931245	0.000249061463055928	0.00462303009353251	6.64549259512967e-06	0.00334459979246265	0.00115414198635847	0.00185312858149197	0.00106079461426645	0.000765486602325425	8.65849382801949e-05	0.00365408365321834	0.00117392428001748	0.000289112891394247	0.00169234243507237	0.0242719289489776	0.00326819194483231	0.00482360881553579	0.00567044496395785	0.00111770247302289	0.004199083823225	1.62473706411925e-05	4.49574337670747e-05	0.0014867601112276	0.000352305360009873	0.000742952999596242	8.51225179972262e-05	0.000226930083846114	5.0584055449983e-05	0.00233207503443376	0.00126300188774035	0.00261768142564108	0.000778922644649231	0.00202792957716107	0.000181693161710649	0.000453059670948811	0.000587593368769202	0.00267586440298169	3.62787961514343e-05	7.77211087837365e-06	0.000768593508767093	0.0199407643831836	0.00602051358391523	0.0027076476333599	0.0127564110615667	0.000182246313462706	6.3136285241005e-05	0.00207212409903055	0.00212370742053537	0.00810541312948139	0.00431283581942492	0.00165575859958936	0.00297821466836407	0.00751867523049998	0.0760888832134244	0.010861819546338	0.000632046329249173	0.00157199545013419	0.0078929423954067	0.00177428868181817	0.000118871795890726	0.00029712975718244	5.64205508387171e-05	0.000130297502668068	0.00312074130980535	0.0113646625574929
C[C>G]C	4.42164603071175e-05	0.000198404400652132	0.00648966580249985	0.00371585747951576	0.00418166039408408	2.30521690791575e-05	5.90819745621023e-05	0.000459774004164572	0.000558612536137737	0.000113056578886597	0.0025598775489818	0.00058304457773501	1.06466129893902e-16	8.38790384343711e-17	9.38810855389424e-05	6.34654883523487e-05	9.4367387536065e-05	0.000331206665141094	0.000355323897626608	4.59843255817446e-05	1.08766432813046e-05	0.0023723050749239	9.76616785996263e-05	1.80956414748416e-05	0.00119135100383851	0.00114354437536455	2.36454213111371e-06	0.00010889744674608	0.000309859630344299	0.00112327328716556	0.000174222538915607	0.00305632195773052	0.00207232382906068	0.000127969629545703	0.000715288153287929	2.02374899434808e-05	0.00374354051274113	0.00041857514525106	0.000976584138030983	0.000441474777454009	0.00012152758704137	4.98678745820333e-05	0.00346399100616538	0.000753327810801058	0.000118914366377098	0.000732853228078245	0.0184543253983996	0.00205847607988079	0.00482697198533398	0.00384848350888095	0.000374532113503247	0.00379007678340649	9.57436204905437e-05	1.21305663757225e-05	0.000483103087110118	0.000122776573576685	0.000106978750510987	6.07157489747793e-05	0.000156215518564113	0.000129435724512212	5.70325524681885e-05	0.000519102616518312	0.0033706238832282	0.000353526144120063	0.00114582060730206	0.000116395547329655	0.00085048995883053	0.000550188027327969	0.00129268277794147	6.35557565376197e-05	0.0021815323851534	7.66600572334009e-05	0.0322696869479246	0.001725870786668	0.000393167093819351	0.00510034166785331	2.4063569831672e-05	0.000111591176124816	0.00197904743290565	0.0011715522252594	0.00771761476705005	0.00228906206571813	0.000397381816226421	0.00181658588861225	0.00492334779320736	0.00831238036656233	0.00390874624782566	0.000822088157043911	0.00107529064681772	0.00193224111881629	0.000537507218683401	0.00027405437370682	0.00016635920727144	0.000165378173610838	9.40776272126482e-05	0.00206101610738258	0.00177928396163225
C[C>G]G	0.000306898904952918	4.16787040722467e-05	0.00104531661087153	0.00278441955403476	0.00173817802023812	7.909515207173e-05	5.29562420434412e-05	0.000573592350153002	9.80521046843559e-05	0.000790054765831015	7.45395662240669e-06	0.000250504903503607	1.45296815605084e-05	1.27000923072004e-16	0.000123409890674874	2.2319788567563e-05	9.02822231976256e-06	9.73692021074193e-05	0.000405157063643832	1.69189760997828e-05	4.8629870763323e-05	0.00115510353664034	0.000145981084822309	1.31113183904793e-16	0.00285737845322838	4.60345771172598e-05	0.000153738574867679	6.10029081714089e-06	0.000145125055247391	0.000344960480319084	1.92290630488967e-18	0.000837748897895217	0.000562056905008966	2.50888751196137e-05	0.000310292626663376	9.00981976049865e-17	0.00116222506372974	9.59038735025722e-05	0.000678903498327904	0.000435618134787365	0.000142715715432238	0.000121575775715718	0.000724283697716179	0.000348844016570621	0.000184649830529574	0.000842774976586658	0.00911623177087392	0.000664044912933484	0.000644652255666623	0.00185756614390816	0.000194224232914262	0.000407418826546481	0.00173684724100884	5.66495397520175e-18	0.00058791441399845	6.19651761508801e-05	0.000457906271295225	2.73377737488428e-05	0.000219894575181267	0.000962936191424992	0.00146080410304138	0.000534649119527411	0.0013710757779412	0.000263089936987242	0.000160143250720682	5.21757114683377e-05	0.000342345827084044	3.3270768322522e-05	0.000780635886327592	0.000228376277769935	2.11193290710889e-06	2.22003236122245e-05	0.00260839181669901	0.0672886721485822	5.15821212030892e-19	0.00303255925831748	7.28691133821504e-06	4.46530003576782e-05	0.00121077960359808	0.000428828030917816	0.00142835474015112	0.00121791942201571	0.00079218732820219	0.000683855724096552	0.0718811482463746	0.000476064097077773	0.00237344823875094	7.18126342179294e-05	0.000430647502614929	0.000557654011136259	0.000531247078481358	0.000525989271648068	5.59701521693338e-05	3.02895091131622e-05	6.8569008314503e-05	0.00156484838849734	0.00148732722678212
C[C>G]T	1.74662939794725e-16	4.89059924879167e-05	0.0139630807339162	0.00501833704575154	0.00597733398613353	1.21396033935672e-05	5.86795926769487e-05	0.000579877963926698	0.00142574283547272	1.19405065266641e-16	0.00350164455811327	0.00156061917723778	1.9549976959064e-05	1.14110758731806e-16	0.000146597035420408	0.000159608864062938	6.98926088065099e-06	0.000788894404777018	0.0047742244790744	0.000141732906956082	7.35488391926701e-05	0.00683853199339125	2.20464486378618e-05	0.000101950479157943	0.0027179637160865	0.00276759966735642	7.41766934034081e-06	9.38803934183959e-05	0.000173002497731043	0.00174115924140013	0.00021099022738452	0.00375165276555785	0.000120124018586439	0.000337911702887721	0.000206975492695304	8.09535351427662e-17	0.00537393647854149	0.000732442818272198	0.00244284555651927	0.000360792300811749	0.000266945217592519	4.23324961466271e-05	0.0121178157237238	0.00156344566856466	0.000300289072595865	0.00100490112766406	0.0267704718550237	0.00408542728894175	0.0118802061154764	0.00658862397038106	0.00213574276091502	0.00532744796260139	0.000524078862688001	5.72622783548669e-05	0.00156912111982538	0.000835138803855551	8.41280077557454e-05	0.000165874561318192	0.000158559073476905	0.000311959900068821	0.00168754848757269	0.00101489557611837	0.000386304247709094	0.000724412029044183	0.00180406304260525	0.000541194314414158	0.00115702392763918	0.000730944412119051	0.00351718314109941	8.88982696483004e-05	0.011478840921096	0.00024020038332118	0.0298770653879961	0.00675762375552166	0.00133718138111491	0.0103464080531158	0.000124367939001054	7.562033003273e-05	0.00364620796692133	0.00300630716125627	0.00595586353891921	0.00274175018283495	0.000852230264314568	0.00291659438176614	0.00570187043181892	0.0271501380384257	0.00680596084769335	0.000624122923473651	0.00168119119476043	0.0153934239459616	0.00223080658373443	8.42987005549834e-05	0.000360256455460564	8.02221133281027e-05	0.000360733686509005	0.00487759106320355	0.00326848353731815
C[C>T]A	0.00176801208750387	0.00374872450719247	0.0113758672730152	0.0105453603191673	0.0137308880344872	0.0129449782133293	0.0346185933302133	0.0786705810742659	0.00102831686240792	0.0216040569908784	0.00192173377385709	0.00420799343112928	2.69717933874139e-05	8.75844616397648e-05	0.00261134966987352	0.000708321850181483	0.00333118486311639	0.00376064227992907	1.62473134067785e-05	0.00245299137494661	0.0106100688557287	0.0057516072229161	0.000523786683456366	0.000272414491447561	0.00946831114883444	0.115418816689743	0.00878887083565159	0.000826693710229874	0.000738171924470742	0.00247460814257258	0.0652393166284882	0.00483577719020417	0.00988988502855653	0.00103108007255679	0.0151640513727666	0.000120142285076854	0.00689816109041315	0.0891350441930284	0.0332085086894211	0.0139001866145796	0.00208861982271411	0.00308169053632414	0.00430488755324737	0.00569800072097492	0.0021054879015654	0.00378588704812181	0.00684590039603379	0.0179603272716983	0.00752072202610723	0.0157744000989813	0.00331086320631869	0.0164356547933508	5.28192441564897e-06	0.00267063974085814	0.00198389709831491	0.0178430049268188	0.000598711183364489	1.3897282140665e-05	0.000440287589523023	0.0026402342270974	0.00235667928005868	0.00312083018019214	0.0125285613941165	0.00207131540936265	0.00445906695497998	0.000236660038490692	0.00677842768923032	0.00533832781724237	0.00329217649132972	0.00104440047785872	0.0175472902621958	0.00091660797796213	0.00296865619743698	0.00665167516613719	5.22999368317528e-19	0.00696398021727721	0.000295458750086253	0.0310427029351343	0.0280699279695621	0.00487773066706364	0.0107339108883779	0.0130637029024046	0.00298781435708598	0.3282695392474	0.00236231358643361	0.0284511165945747	0.0105007399587357	0.000835274893438235	0.0449379108342519	0.00544866628034772	0.00469531853265832	0.0107900137816321	0.00053418869772911	0.00291017599318353	0.000578070538197034	0.00703398481537822	0.0201500366259694
C[C>T]C	0.000152565278355013	9.42943114762097e-05	0.00912318706924137	0.00610368546049443	0.00859581547643954	0.00900452297957858	0.0244737841583976	0.0855335607074022	0.00144800000916639	0.00100854506634676	0.00184945882452038	0.00325444689076097	1.04472853122969e-16	3.12921139598858e-05	0.0029484671587361	0.00109876723324209	0.0659191217837853	9.26502219137182e-05	0.000726399645467726	0.000792590786657135	0.006970340606173	0.00145621325069464	0.000701416708652479	2.2443746203408e-05	0.00349679300865489	0.0570366579377983	0.00688980897565296	0.00201974737457026	0.00123560061597705	0.00171073440893999	0.126711903283247	0.00508468238022571	0.0026259001019143	0.00110364332759545	0.00397741353770972	5.52292660782038e-05	0.000950230647723999	0.0533494091136998	0.0844953078983418	0.0149309983516401	0.000445015079587136	0.00021315497660154	0.044890195363578	0.00360438984612871	0.000782891281668747	0.00269960091098979	0.00185411269443664	0.0134973994311975	0.00387557325874941	0.0109147096796383	0.000566593247734025	0.0270225953278766	1.92736094549841e-18	0.00136757083554994	3.00496080976475e-05	0.00534118822728915	0.00204193270515015	0.000146993987835516	0.000295204368241254	0.00186782744846607	0.00219195907054052	0.00111027437251243	0.00252314840489777	8.8789283763101e-05	0.0015725429923601	0.000269550735541947	0.00351855753611564	0.00418412795440457	0.000299889447734205	0.00082569148636215	0.0252725932615955	0.000132201673351046	0.00259277341231968	0.00408037466818033	3.34301058026064e-19	0.00544813188497824	9.44285774901027e-05	0.000146747035819934	0.0170374944564276	0.0014302042397814	0.00901546580839029	0.00904813422792802	0.000929576744771417	0.0217071826900445	0.000686723647168608	0.00787209341113162	0.00378769356822475	0.00252380462927547	0.031143322017602	0.00215737709449946	0.00259666658795434	0.0182239742488111	0.000249324380235752	0.00411193967588083	0.000269390933159622	0.00298830357471393	0.0123388607062398
C[C>T]G	0.188061964541574	0.00260897030536077	0.00171789331534625	0.00298315122431399	0.0134438778863457	0.126041002553885	0.00504256505120618	0.0176364207757929	0.00368200811777949	0.0017389173320163	0.00116401324075423	0.00410683367447904	1.77401170334403e-16	0.00232938407609363	0.00713763614867191	0.000501378546933233	0.000817300164247015	2.53298524577947e-05	0.00181822544855596	0.0113130843659808	0.0264445221336067	0.000601641707249737	0.00131569236016224	0.000351320356888363	0.0147565745198421	0.0165279474422471	0.0148491225354712	0.00413419293603337	0.000284672398539915	0.00120036535798137	0.0161657914284957	0.00619508589855995	0.00870768663248508	0.00221177945286277	0.00709441959886969	0.00113878636450114	0.0150532319803595	0.0147759258427534	0.00717390497598468	0.00999865419067697	0.00290411388823087	0.00665452150949895	0.00244620258684172	0.00488354926887664	0.00207005973229389	0.00339202847933721	0.00617444177003884	0.00514169121874946	0.00193290025724343	0.00620662483327966	0.00525259802862805	0.00183162311341532	7.31295814487614e-05	0.0125854424300473	0.0022136946582051	0.00566001210181474	0.00114323897988425	1.54985013396316e-05	0.00140316115185767	0.000805980224920011	0.0163929819237809	0.00246540885756468	0.0127602308653502	0.0188795817691021	4.39843133750875e-05	0.00685276739149679	0.00316018314075327	0.00572259622920413	0.00136956752861994	0.00302788400286781	1.05645016469817e-18	1.46467703910635e-05	0.00537981588923306	0.160960808655471	5.6766324614537e-19	0.00186787854069812	0.000104224528176177	0.00117474763901049	0.00900842379834973	0.00440829512836799	0.0160589730476487	0.00550418176167086	0.00461025249893123	0.0388688513198137	0.0539166739453917	0.000147561063701986	0.00216209829965212	0.00032645877436489	0.0341199142669885	0.00593729004122879	0.00409600343763346	0.0149132615957938	0.00269680013488225	0.00422713835289398	0.00245507541097925	0.00500112150448558	0.0132831073894025
C[C>T]T	0.000168974472107737	0.00122709199097639	0.0158487785966553	0.0129564794143061	0.01594476782341	0.0128100504070668	0.0382177542130344	0.0903459011245588	0.00762314480496805	8.16722175679863e-05	0.0101779264159522	0.00629171163901231	7.36278786850577e-05	0.000336570713797739	0.00666078232830767	0.00193384217298825	0.0519630448482713	0.00188106015846195	0.00119037119598517	0.00119173999066929	0.0149461159803321	0.0150986003595088	0.00108260435118009	7.90611199949319e-05	0.00524828772014073	0.244038692189761	0.00946068210644525	0.000194090275345022	0.000951950797756879	0.00266706500076261	0.159570625318993	0.00376054301922614	0.00917283171825591	0.00098174582921756	0.00607688936747107	0.00133217082183976	0.000594940208090409	0.0365096029396586	0.113980219361915	0.0343310449248625	0.00119817349179693	2.2344073296482e-05	0.0386900032450852	0.00473364736732158	0.0034468907843083	0.00357022077087704	0.00512269778577777	0.0204050852580595	0.00626666185926331	0.0245928469323904	0.003612035458715	0.0282000985375418	0.000503051301486982	0.00367694404627989	0.00246818270494351	0.00392138024733701	0.00202737638348147	0.000356895284561044	0.000474149998718276	0.00797934951921274	0.00288890577438855	0.00239202065453554	0.0133899098445667	0.00222381951812749	0.000431265140882033	0.000393443112975446	0.0141971766213725	0.0178256673910822	0.00270723409617649	0.00168192478182014	0.0400926531417685	0.00128342045176767	0.00192736798827304	0.00538729555368428	0.00206020262078856	0.00926676644938417	0.000172885234888145	0.00101037678534611	0.0338926537721556	0.00377532322787191	0.0191987740039202	0.0073093133508114	0.00419772896890395	0.142076589624781	0.000568352005682318	0.00879690193320604	0.0126755888170689	0.00191291242590877	0.0471408729653671	0.00291477882493472	0.00330327511335926	0.0242580039402972	0.000265387425364704	0.00312764472481167	0.00061406281250572	0.0103127208160969	0.0189358723421659
C[T>A]A	4.35881073701819e-05	0.000241839590621671	0.00643428834170116	0.0137132880945035	0.00287356839343107	7.2664098406874e-05	0.000140551068033104	0.000944426295201123	0.00151010988853309	0.00112055369730146	0.0156840051915635	0.00319295919839577	1.87451219964624e-16	4.71653984477164e-05	0.000536033270676007	0.00108841196424022	0.000172720295561297	0.000357347749429133	0.000201777731752797	0.000159729916513142	0.000392098877928666	0.00295322446004679	0.000317557556198442	6.39942154130208e-05	0.000503045286843313	0.000106839951957941	0.000136933985307154	4.34753597234161e-06	0.090038964942125	0.0807241622320903	0.000555753374368533	0.00136075307985705	0.0208608667811428	0.000660540395172312	0.330838002980996	6.60635328840357e-05	0.00202723807315624	0.000198879916411067	0.019043237332182	0.000306576814032841	0.00038932010182225	0.0176345817121291	0.0509212109483941	0.00121986208929499	0.00105018717583146	0.000918576795653394	0.00425755774958372	0.00204143611092586	0.00236115439373481	0.00424178685046869	0.00198926760179291	0.0127009831774589	0.0010814093467204	1.06360463277812e-05	0.000741070176386729	0.00302635832937154	0.0111263641654659	7.54896053780445e-05	7.95592935719015e-05	0.000152190984433135	0.00511282115630312	0.00133537598685904	0.00363158411360003	5.25075925697345e-18	5.21181067602216e-05	0.00108387104338641	0.00333399493952509	0.00187685074877646	9.25325834813573e-05	5.23024281203891e-05	0.00015243072325031	0.00635521651940038	0.00203556618210913	0.00760052402470107	5.99822243666407e-19	0.0266840531212188	0.0561573184440564	0.000308501769965487	0.00619629561522179	0.00683608288892751	0.0107558653622343	0.00311703651815762	0.00678601745818665	0.00253338399420245	0.001691997395605	0.0118785201357774	0.00367032438459258	0.0267363921728229	0.000535342381021682	0.00294946541331772	0.037952897082807	0.00133845451225481	0.000303142993829304	0.00189658230932531	0.00837124874447625	0.0114546403786776	0.00239106076824807
C[T>A]C	0.000562548874743473	0.000342848067303709	0.0203653014368918	0.0164032431790673	0.00594807504353186	0.000849231379742205	0.000292611397255969	0.00114052947086142	0.00823331303855758	7.99014720435989e-05	0.034031182294018	0.00294573047669311	2.64654374180766e-16	9.95565517047908e-05	0.00313838923851253	0.00077707765383569	0.000280965167853391	0.00517460131737796	0.000466169133782898	0.00429207847068363	0.000388146740817967	0.00740384180520383	0.0418387194690053	0.00216209033213134	0.00400977800060664	0.000632917393328434	0.00869990479178849	0.000682199785092856	0.0548877096530039	0.0211807159346409	7.58694397143339e-18	0.00272168393809185	0.0176939373413437	0.00143247157298223	0.0039653771244685	0.000899411904381038	0.00206957000814536	0.00101950406951572	0.0275389144707958	0.000865684096728984	0.00073092143185049	0.000429666163951736	0.0451042777709663	0.0019956467146029	0.00109550818355091	0.00292055475600803	0.0078362859478422	0.00778371549198364	0.00863680353691278	0.0158809974976316	0.00247494783981616	0.00244785697915687	1.35810950568817e-05	0.00393679376396271	0.00156117237355324	0.00335718908952686	0.000640696388486487	0.000126185437245347	7.79159973952402e-05	0.000595630620569832	0.00176034009852132	0.000356981566269699	0.00625277822172556	0.000728516685979928	1.09528636955125e-06	0.00125250747171151	0.00485445308038611	0.0238272428460356	0.00304619063949527	0.000571871704155923	1.57605587755888e-18	0.00102998821852741	0.000689294851266021	0.00630949352267252	0.00293201390715312	0.021145425287398	0.000275090984035796	0.000194817238072674	0.00488187421923548	0.00773117414686052	0.011183875395724	0.00889488083780448	0.0376112368284275	0.00557697445076602	0.00266904694924159	0.000163998684944648	0.0026295342121492	0.0458714142530684	0.0014176302560884	0.000799333659321232	0.0106308835129664	0.00686203846712209	0.00302133983859868	0.0032227424744866	0.00584702086763017	0.0203939990165936	0.00537742428915785
C[T>A]G	0.000426061412429252	0.000192334760669032	0.0138741120691298	0.0401433589389315	0.00527481510531363	0.000162829313697231	0.000115353570920592	0.000965743473485685	0.000542442567764263	0.00108327649041748	0.0295504233717596	0.00459096130830853	2.43130537612476e-16	1.91549704392272e-16	0.000929710167935632	0.00116526149680458	0.000371343828585565	0.00119692922940756	0.000282999789817322	0.000423706348017904	0.000119808563003373	0.00122907876351798	0.011768076715064	0.000635778129270561	0.00386424171009287	0.000424179553621615	0.000151706358218486	0.000113865705320644	0.153281124065579	0.0535146463195767	0.000205952331255207	0.00672550071030526	0.06471105613139	0.00103462569187754	0.00570415588056228	0.000493310058554747	0.00266984767775361	0.000707565531972616	0.0224215900618558	0.00172514510143771	0.000324230944812678	0.00112915653714018	0.0730780931232063	0.00268723250335422	0.00138815580217885	0.00236425657783957	0.00760140317604354	0.00617130659075039	0.00470999733952952	0.0126344487536272	0.00222377299634925	0.0194806883515244	0.000305276931826531	0.000647653084276194	0.00470253873318484	0.004018747802378	6.00035814578178e-05	0.000352314825260025	0.000323295842981667	0.000527756267625867	0.00707649530535028	0.00174622516065677	0.00421245207444458	0.00175545712135088	0.0146385691403956	0.00187836079873341	0.000872981223544251	0.000842202454693921	0.000237186389133308	3.89251223901539e-07	0.000181239608141025	0.000148746917661114	0.0032699557423083	0.00326625523571989	7.7798962632549e-19	0.0404474888833585	0.000263706733122374	0.00031055412951129	0.0116855040210571	0.00625759147932899	0.00904275115436639	0.0143229295149461	0.0220911434119195	0.00554381103816086	0.00539435104449537	0.00389711846591498	0.0104654808215791	0.102684384165448	0.00163713845895051	0.00436758014302915	0.00676507515962724	0.00215742732225441	0.000422876286077638	0.00138504991420082	0.0132229709740039	0.00964993341367302	0.0068604297939173
C[T>A]T	0.000337513533069614	2.84154759622272e-16	0.0131772628260833	0.0143880712791819	0.00446918351903883	0.000250194554527692	0.000377203919935416	0.000120922631014322	0.0271362266613399	0.00102481684639166	0.0441795330420282	0.00378950402137127	0.000404712114650022	0.000199309967712546	0.00341869134160169	0.00241687895412307	0.000194707595593655	0.00125698730695599	0.000646501739770022	0.00182085470372439	0.00151476958617934	0.00769212036168757	0.0677348723839609	0.0068188942800514	0.00268570307027519	0.000310491116745621	0.000124191378710661	1.99639726569256e-16	0.0546652582436268	0.024819657042519	0.000577581595095512	0.00633560458272375	0.0371705636716542	0.000575180081656531	0.00694910208344768	0.000622318154741403	0.0026355830267377	0.00072823207279762	0.0366924506071335	0.000800774913597571	0.000748389522157617	0.000255324689594736	0.0823042988138382	0.00242961616479339	0.00176431336247276	0.00309440176561837	0.0091260023701912	0.0100941245109792	0.00848634387801875	0.0133003227802631	0.00633943893226237	0.00977021502763499	0.000206675069287957	1.5155807426872e-05	0.00182420277293519	0.00332135284614207	7.73495868528871e-05	0.000406132172215834	0.000145816522224425	0.000211017930822819	0.00387855088643709	0.00119966184572072	0.0108496163955851	6.01009753390256e-05	0.0047235719576074	7.10356354024305e-06	0.00714807890462165	0.00125968798646562	0.00624939360892356	0.000133186419691669	1.42929627746049e-18	0.00867557125902563	0.00410278987322	0.0118752707171797	7.68004958187992e-19	0.0215996578627002	0.0708184592049358	0.000573107307857464	0.00726117167250537	0.0202404900186895	0.0166661549664479	0.00839760667629647	0.0251163125037766	0.00535136876396385	0.00208765414468801	0.0211797455391693	0.00223318476453877	0.013472873279847	0.00273602839471114	0.0122673717916784	0.0250305525685586	0.00352179998108357	0.000446734830784189	0.00273075655211429	0.00877447921739159	0.0293489725977927	0.00646451946761259
C[T>C]A	2.31985399329012e-16	0.000308449970505549	0.00734339598125021	0.00506250061774902	0.0110796535966407	0.00185972184612192	0.000367530712546386	0.00132402964397569	0.00338089069876476	0.00728556357254467	0.0020246848748145	0.00937205217054939	0.000105252279049238	0.000901159186145129	0.00978289882510191	0.00238737735305868	0.000315977070553196	0.0304937013091007	4.69656379642009e-05	0.00334193587369577	0.000867228381197641	0.010102560859179	0.00833511870121332	0.000453937276591772	0.000367664635051122	0.000515995227482354	0.0114180189004297	0.00828869606033061	0.00486560293396936	0.0065489405474315	8.46347853321556e-18	0.0024015273007002	0.00735056305068265	0.0373410712685452	0.00502619949055778	0.0006392401091665	0.001258949640375	0.00121125974707086	0.00773192057591243	0.000574072077110027	0.00808725813718265	0.000453585927785643	0.00132135876356831	0.00149034820948065	0.0343236283582725	0.00204933995348283	0.00649211040556487	0.00520187150592564	0.00964606780896612	0.0214932119522123	0.0058086882593702	0.00366206723615067	0.00221960833632191	0.0128551654531955	0.00121117265245164	0.0164904365849513	0.00155781104426525	0.000130388916174914	0.000133413984616586	0.000678970407142335	0.00358964832159243	0.00268471383529669	0.0102011077885768	0.0082470532583308	0.00302593655456491	0.00315004520365142	0.00642542059223457	0.00304453124546376	0.00297030789555827	0.000710869769454403	0.00260015351842845	0.00473457753651455	0.00126642747143845	0.00478341899083435	6.15571918437233e-19	0.00424369999455667	0.00269510841222036	0.000154303980453627	0.027765261709518	0.0195026049799313	0.0058230330437988	0.00363890507767411	0.00130829377257531	0.00332984993799067	0.00832982412577736	0.00898650678189055	0.00221254015051074	0.0193206006234419	0.0037378762840151	0.00200313881543616	0.0630906272223886	0.0398782402848785	0.00139927435711789	0.0052693103044033	0.018627843890244	0.00440012082954552	0.00299730872740841
C[T>C]C	0.00367251625563618	4.10960908573474e-05	0.0170253113183402	0.00325640280767972	0.0122320332593974	0.00162917631196033	0.000297993795488941	0.00102630513280104	0.00225740306299664	8.9664850468217e-05	0.00837237073523508	0.0147773432152047	5.01796539539366e-05	0.000119519561373051	0.0112874304505331	0.0029382195882749	0.000969754860713028	0.047130439208592	0.000170661170837243	0.00797339223423725	0.00350995197516398	0.00422569166801564	0.183411135456465	0.00639903632590922	0.00330818779919463	0.000131260451485651	0.00665491889775883	0.00286964617634522	0.00136988669922014	0.00131826325898109	7.7861561569038e-18	0.0033458040594409	0.0124121605988243	0.0316321587440889	0.00828381718242915	0.00179135754678212	0.00277162860538675	0.00185824637531059	0.0132737688459524	0.00126701544471905	0.0227604917359814	4.3574069322432e-05	0.00283342304669512	0.00263721224680383	0.0211285882600808	0.00344237561604588	0.00987772931917538	0.00593117918163498	0.00569476858876655	0.0189480320164013	0.0041801410808127	0.0045714946882911	0.120972769431171	0.00397800755751566	0.00442135888486377	0.0870731280445767	0.00723155947909391	0.000571316530734588	0.000277094278260875	0.0202233420494678	0.0862057126875321	0.00207760070588002	0.00580378347742822	0.0173633572630669	0.00508983567685734	0.00348402784378329	0.00344727527468418	0.0104171458353357	0.0109225539895594	0.00318563693769722	5.25667593801587e-06	0.00577736672242709	0.00411062531285364	0.00241818204296063	0.00150450024550496	0.00516597573722829	0.000171843511893143	0.000205814752895877	0.00511058127833762	0.00778395232791397	0.0194945628261127	0.0118202971593198	0.0559785595706716	0.00753505846116974	0.00390128368012184	2.16477630460221e-05	0.00127603491908313	0.0336642984816404	0.00537235020157628	0.00145584575891381	0.0200413151177845	0.0405542097159507	0.0155696650364098	0.00147384734936654	0.00345119202617587	0.00845503127015172	0.00504158997680583
C[T>C]G	0.000472168898865577	2.87098945352265e-16	0.0105881367280315	0.00677579019122175	0.0218423695699276	0.00751300287581289	0.000106835142583832	0.000796326542693757	0.00122167815541451	0.000841853009031044	0.00134552575974583	0.0132799591763588	0.00114189124001816	2.17728816893089e-05	0.0150681487498799	0.0038409889550673	0.000159080340349158	0.0316656044879055	2.77278850624288e-16	0.00595909624518544	0.00202604358913787	0.0114375489831147	0.0826351697126743	0.0034668835382504	0.00194509663921878	0.000716636326374158	0.0321075566525281	0.0130831622674741	0.00184732072563854	0.00275222152739044	0.000605352854307185	0.00562776550018406	0.0137498990709456	0.0712393667580927	0.00731849836248899	0.00152002755874315	0.00525853740219551	0.00152685983623446	0.00533367455444856	0.00224538708084285	0.02700512680356	0.000780649426037096	0.00195369041577559	0.00231702088971513	0.00861009917365687	0.00336492277924537	0.00866308844588634	0.00552442500006078	0.00747003343362479	0.0283212321924585	0.00395965992104688	0.00464231807380921	0.0095150513451057	0.0375148664416902	0.00214570280826428	0.0469807248962778	0.00318716936658283	3.63666285535019e-05	0.000150108062012488	0.00246868784659656	0.00317179515396926	0.00174167501341042	0.0108092496601713	0.176000200333152	0.000865987863535036	0.00056675326209088	0.00560222154083034	0.00580565135022158	0.0027911578183286	0.000591276723086741	0.00523966968085435	0.000697797178466571	0.000693527171797865	0.000984280170992394	7.75962415038151e-19	0.00885899920134214	0.000142468826613248	0.000189269482110382	0.0160669567972987	0.00197788160352013	0.00821402706812196	0.0192222968065347	0.00674344739961361	0.00385049209124742	0.0135761572450933	5.71685939341849e-05	0.00450705577696736	0.0268962813241652	0.0051571660865919	0.00116516559126022	0.00224938052662459	0.0739054136536742	0.00744369492983266	0.00711159347530407	0.0184282904854177	0.00323058280938684	0.003187072606737
C[T>C]T	5.37354957028638e-05	0.000230348473037631	0.0159326947410564	0.00303369036721653	0.0150506992553785	0.00172519991063399	0.00179839157721051	0.00601252252195192	0.0233404057653338	0.0343834401591606	0.00663571930002009	0.0272901489245256	2.55226249422822e-06	0.000674654037141589	0.0190731809080058	0.00528664558345709	9.86802085837436e-05	0.037382027311422	0.000134553930851323	0.00264164318650293	0.00245361248858966	0.0177449697887416	0.387877209450757	0.0155681938905795	0.00295665141935507	0.00054122795825082	0.00816488094007555	0.0189646118602293	0.000472247469776601	0.00214251445058852	7.04598249246665e-05	0.00465654778480299	0.00884375488043597	0.0483250468407275	0.00485069697729032	0.000215502640176587	0.00230272583085633	0.00474147239075063	0.0158746716636734	0.00127948111294959	0.00199369417244584	0.0014721978375506	0.00383082414291142	0.00260223236065816	0.0419517027224275	0.00544130638640547	0.00921252966022689	0.00699891075121461	0.0097502340227387	0.0247268413820384	0.00538160021953794	0.00406409608647765	0.00935050811694434	0.00823142583600439	0.000796481184047346	0.0858991113786223	0.00538981493750861	7.37769440188361e-05	0.000130265505758035	0.00135414057629016	0.00691416307289242	0.0031872181095628	0.00663775430740277	0.023596202839497	0.000600392926260087	0.000233480383814998	0.0157769290541112	0.0265570180626437	0.0199725929951004	0.00205928387209739	0.00127600048885916	0.0135155273268929	0.00214385082350063	0.0100297750459092	7.4640522515181e-19	0.00453960250292146	0.00435372000060758	0.000197762168539435	0.0149598117088337	0.0118869632311161	0.0180658620667571	0.00732493112021162	0.00232663821270892	0.00505634953993501	0.00465159797801561	0.0130328107146892	0.000903058809176305	0.0145864786477935	0.00517377234128607	0.00241274292385528	0.00762799153879878	0.0381317758436721	0.00286664189788491	0.0083343299210944	0.0748126505418314	0.0127255574630252	0.00461255132478157
C[T>G]A	3.58917628344819e-05	0.000151872198449185	0.00353206248707029	0.000826352488234523	0.00209693476592286	5.38663736082647e-05	6.67226460733511e-05	0.000301933180222024	0.00142370430640134	0.00102739017574433	0.00100445433781196	0.0172861438323267	0.000129961767059163	0.000150613627975938	0.00858859711499756	0.00566151062807317	2.07552250146541e-16	0.000582929962564931	3.98669372560964e-05	4.98279130062754e-05	0.000231499266830046	0.00363373764469584	0.000226235573626068	0.00139783444825391	0.000102753829670314	0.000792166416338844	0.000913359507436563	3.04725411313485e-06	0.00344483869775717	0.00506146154303729	8.21345722966189e-18	0.0014703074584038	7.91244662894404e-19	0.000991020061262664	9.97323836359641e-19	0.00687153351402932	0.00080981860928604	0.000183531060492368	0.00181637951799524	5.46690744553693e-05	0.000378936273635018	0.000786664753934519	0.00358223275639002	0.000461567211433843	0.00173463137668642	0.00100402297929749	0.00455592289664216	0.00126482338808748	0.00316749520051454	0.0024908280892766	0.00190187059252243	0.000874687324686696	0.00216511374144094	0.000200239964794044	0.000108166629651039	7.18683936430878e-19	0.000108595327205831	0.000117108413186415	0.000113587923161579	0.000703132200843529	0.00232023066362173	0.000876649620357258	0.00146259104302053	0.0030654279626875	0.00116085555212646	0.00528713733668807	7.28549413805811e-05	0.000379675666739011	0.00132528976804982	0.00253871722207995	0.000998926563737114	0.00239323630381341	0.00390302941924024	0.00772884464417337	5.98259283979527e-19	0.00582262591326566	0.00490909369485401	0.000735348406108346	0.000814322496624894	0.00597673739225184	0.00200312082958884	0.000355267069353368	0.00400547939716299	0.000701705764118121	0.00513246442639879	0.0315003649975238	0.000567839124076558	0.00359302166279757	0.000246508222866862	0.0102018374170094	0.0306406234085099	0.000802121676368156	0.0033064217687302	0.000646597665020253	0.00234680773193497	0.00299427150148864	0.000951106483054491
C[T>G]C	0.000311065966379005	0.000223249637687619	0.00825642280893529	0.000607794187314737	0.00541574794520356	0.00123862287644508	0.000197664737478801	0.000966527590536798	0.00351441039122332	5.01697589746351e-05	0.00232957764452161	0.00714850699155558	2.71286081943298e-16	0.00110715471141733	0.00264705164234674	0.00064096643156141	3.01161747361068e-16	0.00107979669901178	3.94034276399611e-06	0.00180459286841596	0.000256009276931597	0.00143798535585924	0.00110129830320707	0.0310673306416129	0.00267300835275744	0.00336462446781893	0.00220195221575152	5.52956129889651e-05	0.000898575878934727	0.00235890815256416	0.000257657222950654	0.0013128868818827	0.00331752092034901	0.00500257179073392	0.000551126276369004	0.0150926480008591	8.55968847887161e-06	0.000289171319133676	0.00191314891458556	0.000614337510301526	0.000716759714417921	2.39161866192267e-16	0.00072574158685361	0.000793040989219734	0.00230400346773459	0.0020896889931447	0.00921758846068958	0.00317414802764185	0.0106251285031545	0.0044663353869234	0.00191664163780594	0.00109850277783672	0.00835462935562185	0.00314143672959506	0.000432385957286473	0.00187708009861357	5.924468849888e-05	0.000117742931743387	4.14880682349741e-05	7.05276371883551e-05	0.00310026379382643	0.00122767847615002	0.00603913675129555	0.0192814093132809	0.00047572096180686	5.18142614869139e-07	0.000639568336820531	0.00113907090725576	0.00498842016593556	0.0047443591636287	0.00347160893118953	0.00230317511126208	0.000228234042910302	0.00142748332899562	0.00200365619634294	0.00394079430551308	3.67897936200486e-05	8.27464415176518e-05	0.000532990656591098	0.00592382871644728	0.00267759848200627	0.00112375016636812	0.00664976460576559	0.00105303106947517	0.00669241789807252	0.00730603338881692	0.000577644382979306	0.00458758509613965	0.0024433063213312	0.00671902203177163	0.0161813197043812	7.59248359931995e-05	0.0208408771658651	0.00483287866864456	0.00468526579729498	0.00363085537280787	0.00192543010064229
C[T>G]G	0.000172538982457527	0.000160104828221109	0.0115282529477261	0.00479863744515151	0.00661573996594354	0.00134108263806598	2.35279097606229e-16	0.00144623663642167	0.000688534432743454	2.38777176173678e-05	0.00515823244153312	0.0125847879647903	5.97911444592528e-05	0.000423648931374423	0.0072676251979607	0.00366111526902184	2.76668835611978e-16	0.000516003483095779	2.84969448698156e-16	0.000595996432986213	0.000407459028011825	0.00273992783422759	1.88703125649847e-06	0.012452464550333	0.0036155578617611	0.0019669913365987	0.00342623943612828	1.87693083279268e-05	0.00751005987822131	0.00599577477181425	0.000104211541596541	0.00416656935693219	0.0124439505409774	0.00517251345393676	0.000535539957311247	0.00972445577352007	0.000458889693345985	9.7011587807405e-05	0.00184359013958812	0.00136704072146968	0.000742423349423341	0.000431322946667407	0.0081859631176211	0.00114173010632222	0.00335280229006772	0.0021648117464768	0.0112638488614277	0.0023693730389022	0.00677521809842941	0.00612619864967214	0.00222104717733056	0.00761228069640769	0.0491590985108215	0.00395819954974697	0.000917425975773554	0.00153281844142842	0.00387785042842272	0.00012115765702695	0.00015998426074826	0.00383719021215835	0.006597414267334	0.00115839459386658	0.00389929148504336	0.0207123645824875	0.105975507363651	0.00538877979568592	0.00151917509430904	0.000703323449093987	0.00353324405508424	0.00744927820509454	0.00117051330255568	0.000956511610246429	0.00226027886602456	0.00237015454097254	0.00184070265120459	0.0101532675610469	9.01046544492585e-05	0.000554431600409637	0.00244426576018482	0.00218176564296942	0.00301227605096786	0.00163301663686157	0.0273974624582594	0.00255047948159678	0.0134591777328439	1.8786991037982e-05	0.00206912802269932	0.0235941072160035	0.00170741741655383	0.00275140690583927	0.00125524890627761	0.00069241444486276	0.022964807216194	0.00553367889024583	0.00402620002729098	0.00451854138119797	0.00524813276309424
C[T>G]T	0.000221720328430261	0.000258375392951421	0.00728566184129871	0.00146148332358677	0.00757835241505331	0.00181493385583966	2.68941821311961e-05	3.96959255703486e-06	0.00189230719544502	0.000138856070040009	0.000605967151637556	0.0481659363247952	0.00139763626713067	0.00444945235331338	0.0305631716838336	0.00678158994613491	0.000159664957979119	0.000287932079915765	6.85286688487601e-05	0.00126783659203797	0.00358796939021408	0.00298853826770874	0.00496890560228775	0.480874112570638	0.00491407846816129	0.00312973463852131	0.00621445753996818	0.00016616394565912	0.00107753964116967	0.0024218791844664	0.000379989512445354	0.00620954745425418	0.00867314049261693	0.00698000043135034	0.00184070237783199	0.0609521412775439	0.00101976214984312	0.000314961001209427	0.00112194972033495	0.0008155214294966	0.000128145425892983	6.23554873857561e-07	0.00335518038911899	0.00132482242310826	0.00351594790981433	0.00901042609817753	0.00544495391745152	0.00457259040163606	0.016620642661758	0.00988366902297281	0.0073791707276827	0.00448621135640096	6.36453395454509e-18	0.00042134040788997	0.000989901114103436	0.00184303980405251	0.000108753505194674	7.35832422429256e-05	0.000127699536191918	0.000474992888495175	0.00246139230933351	0.00120805982854409	0.00342351522955132	0.000798739692127211	0.00106449354343396	7.89915935075845e-18	0.00344308293831166	0.000457796801570456	0.0356690918420121	1.81325940233403e-05	1.42762605953368e-18	0.00144287898966957	0.0029760588078187	0.00358704704437852	7.67107498599472e-19	0.0045207094212977	0.00682594753871927	0.000152053698053018	0.000613163032726567	0.0314251102712145	0.00322421567050127	0.00153076318598914	0.00239881634082808	0.00199151452895499	0.00239513889250127	0.000823009581577849	0.000773096416855676	0.00653755018969135	0.00153238870372412	0.0051005524866284	0.0104136490303589	0.00693731899520109	0.0264721689166414	0.00623187940661717	0.00248029599946372	0.00800930578716268	0.00316065288420637
G[C>A]A	0.00149320236557367	7.99651856762703e-05	0.00538585456513686	0.0280511874805157	0.00771797765792202	0.000434506759029894	3.00323909883809e-05	0.000586372572431852	0.00042594477681482	0.000108993491040861	0.0186210349369712	0.00479689542185343	0.000948173001351868	0.000453287535937791	0.00624801551830998	0.00201813080495397	0.000144375900382268	0.00120794791250456	0.000854039017303483	0.00199803586807034	0.00240511715945978	0.00738379568449288	0.00121405301690785	0.000635990880488244	0.0943017254662731	0.000844035270401871	0.00957320811123693	0.00140097724995506	0.00146530706125086	0.00182450808691853	0.000377881256549651	0.0597696659036861	0.0099814916227393	0.000323514619212639	0.0100622759808888	6.86188234770017e-05	0.0940967034736897	0.000816909833551013	0.0112883359441542	0.00396567289083795	0.00214531832407874	0.00194898380851427	0.00890666700713745	0.0610961545842516	0.00127198533720077	0.0114548540934096	0.00552722522033884	0.00785450733932812	0.00243246000043198	0.00293018547699935	0.00158280762016554	0.00724446409489655	0.0068931752096738	6.14051539209741e-18	0.0074827081804702	0.00483602596080699	0.008223056735306	0.00061421535844507	0.00789172066038375	0.0104377295563977	0.00307327017640048	0.00840729120219445	0.000396313405867323	0.00341028076354438	0.00056218424681044	0.000184236746702182	0.000919202021647614	0.00193291920257843	0.126312062377544	0.000379770186889357	0.00281311671245417	0.000861816094328341	0.0043382427980881	0.00602500291308936	0.00483949837936981	0.00534632801251254	0.000497489231619309	0.00319474113081969	0.00732796672252261	0.00134372289413867	0.0116729219246046	0.0605735880260533	0.00406930931470656	0.00256682325441008	0.00104667968426485	7.39126676728519e-06	0.0408195224349291	0.00351814009333885	0.0143078255516075	0.00374209061129696	0.00250031090788423	0.00192860177831068	0.00141776822986186	0.0103608554726165	0.00443976946083457	0.0106888993880066	0.00880905166599321
G[C>A]C	0.000170080895701138	1.09822897655513e-16	0.00437105186695515	0.0163997705160451	0.00307297573879613	0.000493212537052031	5.42276090605195e-05	8.9715437474296e-05	0.000159794616973682	7.64725944280174e-17	0.0107024721170883	0.00220350380990154	0.000183457258607116	0.000839442091370385	0.00292944908839556	0.0110898225329612	0.000188130985474669	0.000135056003809819	0.000215467788458132	0.0114230541545686	0.00138833569071574	0.00193490588420306	0.000463470439299043	9.40565589851142e-07	0.00794572617933438	0.000149726945043961	0.0026587438740192	0.00245714606907765	0.000595187488331125	0.000865397480733229	0.00032204553714553	0.0652972307562807	0.00253957055903826	0.000230611434918968	0.0061332195030359	0.000238184620635487	0.0464555150566792	0.000227186896043264	0.00983538676832917	0.00168983098146235	0.000249990078150057	0.000172322560808726	0.0240489500575422	0.00919858009367573	0.000208207858933006	0.00318245540447246	0.0029641342674007	0.00451873979149606	0.00142900833651363	0.00247171705411737	0.000196608446370498	0.0133684491095584	0.000664993255909508	0.00198273574910912	0.00301481589755555	0.00106972398358024	0.00136862346772974	0.000150028087720671	0.00131853484416034	0.00295788453738432	0.00135822817111719	0.00396491875175777	0.00167535796139337	0.00318484206525986	6.70206330634984e-05	0.00330830950422173	0.000194160779444621	0.000404465466251597	0.0839830537428147	0.000337708593177655	0.00565050645826116	0.000160249783379762	0.00172598708426936	0.00210119722444827	2.96826032525817e-19	0.00252174068034861	0.000113188264166132	0.00282469564740405	0.00340528721247112	0.00054093002161656	0.0135823658519833	0.0222460704916141	0.0014799635156331	0.00124326018160415	0.00155426746020337	1.30052939086416e-05	0.0180862725996072	0.00192238286112565	0.00241504054010404	0.00178713152081448	0.00175411650432756	0.00155194672338973	0.00308933302313341	0.0307474457379385	0.000297243462267859	0.00328366428263733	0.00486515889562832
G[C>A]G	0.000515280416485234	1.19771215427665e-05	0.00100333287154415	0.012615357760812	0.00164461094055074	0.00033742813262042	2.92009363836375e-05	5.32379130573009e-05	8.36420268456091e-17	1.09691723233379e-05	0.00195831676396192	9.86923605169112e-05	7.64190701003346e-06	4.90733728840527e-05	0.000615120532460197	6.76485874939702e-05	1.12810995968084e-05	0.000253299904774877	0.000137088177815459	0.000990390804405597	0.000394118379088931	0.00108332650348711	6.71530672011194e-05	5.46972992233402e-05	0.0060751763179668	0.000197439231019083	0.00129263910016382	0.00102765651379758	0.000316814634405435	0.000322375697934223	0.000123941908774479	0.0588192970345382	0.000451888741559781	7.81527896724108e-05	0.00141060022707085	1.61403383698965e-05	0.0207027002898916	1.78663688562836e-16	0.000777980782812015	0.000716281548363224	0.000154533927550313	0.000146241593444376	0.000424962080301379	0.00404870642359163	0.000293053074511406	0.00121471082032895	0.00338034377231309	0.00254339883061502	0.000476991058929301	0.000889609834197613	0.000104673323157271	0.000925127294463336	0.000121858029095905	0.000449420384787526	0.00192398663351541	0.000249551446071547	0.000538785741757985	0.000560648579855493	0.00635345783020598	0.000166591279930853	0.00310093211944804	0.00382872480854066	0.0432874999010744	0.00344227762424346	4.71401038085768e-05	7.72199032782673e-06	2.96643758149478e-18	0.00178883328365627	0.0137827834271126	0.000266096347387882	0.000738033942565843	0.000201434390291015	0.000185596962469068	0.00653004503518541	0.000299676723596679	0.00123008421190516	5.85990910066518e-05	4.97564377879686e-05	0.00339268316491816	0.000164590412826977	0.00137708651890128	0.0133325571521901	0.000421086509691745	0.000392048606767604	0.0136434804870971	4.69119442374419e-05	0.00926369455024983	0.000165454660568419	0.00202254267686972	0.000197939340387478	0.000301264086695284	0.000240117417361946	0.000964243574101232	0.0087263227841733	0.000226942624092228	0.000875405313483625	0.00198257134921389
G[C>A]T	1.22883916358229e-16	2.76993259333583e-05	0.00440525115213856	0.0109750270570061	0.00300949256938937	0.00072992680122004	9.61998277132099e-17	6.73840602371684e-05	8.587700086049e-05	2.80024334683694e-05	0.0120710843936667	0.00310186082615927	0.00507260184851116	0.00101255792993797	0.00521930064578283	0.00481142269587287	1.13123072088755e-16	9.78282897348637e-06	3.22783548730987e-05	0.0705855764086558	0.0111475090433571	0.00290074858735022	1.86924475307234e-05	0.000198457108344765	0.0314330655819865	0.000165083661074974	0.00128717822410072	0.00339791701841897	0.00021008008996254	0.000837696253333833	2.0193781489361e-05	0.0304856109037459	0.00452747996565312	0.000310770405398436	0.00402620784211029	4.0530501841848e-05	0.0478113596569647	0.000435486883304229	0.00176388935172885	0.00167684783587222	0.000905001797074475	5.46291081043044e-06	0.0120514438932148	0.0363144820366802	0.000469080267045548	0.00506031711941653	0.00275955819780244	0.00285982962671175	0.00201058441382555	0.00307335770324384	0.0005825187522886	0.00991827209283389	0.000600836781831683	0.00527032821007846	0.00404012266221896	0.000940097557419869	0.000609165165850074	9.47378643329573e-06	0.00341085989859614	0.000874487233484102	0.00156938365371257	0.00250505078120289	0.000609909446211898	0.00257895286353432	0.000282991991992016	0.00777357793693086	0.000553081797053852	0.00014399140217663	0.356873007241423	5.69755664571199e-05	0.00617708509948392	0.000266343201475022	0.0043732709340392	0.000528081627204765	0.00112892696197022	0.0033271681132422	0.000119735339131909	0.000616879822363685	0.00313422342779923	0.00108363454934026	0.00555872278458207	0.0341479787671369	0.000509196971164809	0.00137939419635236	0.00141121610629447	1.01278875259404e-05	0.0175630265956982	0.00224533912137948	0.00406625547698616	0.000518540755089374	0.00246538524925887	0.00268349246094211	0.00945696407866982	0.0599282476573895	0.00169989271993204	0.00514543300152069	0.00295747688533122
G[C>G]A	8.14195387568518e-06	5.45125926145013e-05	0.00861974117669555	0.00421934710134843	0.00318181264444614	1.7727923307038e-05	1.3027028166428e-05	3.60990545069272e-05	6.63376658668686e-05	0.000114254547999506	0.00178374843359463	0.000759289228106563	1.05605160608744e-05	9.58332448978147e-06	0.000113447722548729	7.81833714392005e-05	3.67420952749741e-05	0.000309163132521668	0.00121290915884514	1.91525907001959e-16	0.000938021255020093	0.000809079341928072	0.00053806851421222	3.43006355175862e-05	0.000493619081116538	0.00122048652714157	0.00053282542774986	0.000228230975599101	0.000826565122114683	0.00110764561804885	4.34973470398376e-18	0.00234846828918135	0.0027702767585561	0.000231491123406968	0.00118873794004696	7.23262334003857e-05	0.00197654400046071	0.000400862321237762	0.00141688676326615	0.000692101291231607	0.000337002323587124	2.08236405258464e-05	0.00274056547072808	0.000718429624478794	0.000739522661278076	0.0010292359963405	0.0173242854916202	0.00185206572155746	0.00135008850548611	0.00300650572046986	0.000938912801858956	0.00202622900914625	0.00905734037485131	0.000157370085169725	0.000296538907213929	6.0350591663671e-05	0.00111826606410571	5.75051083553628e-05	0.000136777686539314	0.0176341424589739	0.00238992475673187	0.00126512477117791	0.00113752053573699	0.00129298177313142	0.000502767740060373	0.000142653904280992	0.0016562037563662	0.00134376818907548	0.00158670221912216	0.000107582998294235	0.0104257520856269	0.000858379429456754	0.00447456341483114	0.00199506212579547	5.02380809229638e-19	0.00461959109621396	0.000198667383295984	3.06218254850674e-05	0.00173002660770553	0.00190193286985781	0.0023509288743712	0.002740152432278	0.00131236502027861	0.000908028767979425	0.00354628458273061	0.0224345155737892	0.00833569685660308	0.000622998746575733	0.00145150116293583	0.00383055228877914	0.000505451536967929	0.000230733557479847	0.00040450730080032	8.14035033180655e-05	0.000167312351746185	0.00210290896629797	0.00613420815590456
G[C>G]C	7.39307341563776e-05	0.000115496083946173	0.00310953631637816	0.00243473551422535	0.00183352490607763	0.000332490604806077	1.171444494355e-05	0.000169470206748804	9.15261561551742e-05	6.87117847831404e-17	0.000877214963140353	0.000838782070052663	3.10591279041459e-05	4.0226719700522e-05	0.000137497085822026	0.000129390988685466	4.75810460460924e-05	8.41009519052991e-05	0.000205620755173882	1.98315564579421e-05	0.000304595877575094	0.00126402218453523	0.000271658686774699	1.68718489450894e-05	0.000552990534372704	0.000638036481021748	0.00120925944390257	0.000443430144131067	0.000287485623178576	0.000727130144158862	6.79282740493417e-05	0.00265392594850824	0.000842906496108302	0.000180140098236376	0.000599965274465177	4.6584806697628e-17	0.000758086346255321	0.000105784666927623	0.00308686996037786	0.000377487532205963	0.000180067147907995	6.38527409211265e-05	0.00921152608058167	0.000464909689593019	0.000278980952072217	0.000491758399953291	0.00816240321640225	0.0011375770516119	0.00113507357399228	0.00235214744793356	0.000657266700765818	0.000636443753523903	0.0053740252712702	0.000453962687972316	0.000477477432571868	0.000256310188634757	0.000805684295988546	8.45439519108511e-05	5.25482598330397e-05	0.0115704801745466	0.000424159301879681	0.000705694397591945	0.037064486853447	6.89547837095178e-05	0.000442233140930702	3.98176718500796e-05	0.000596213896582594	0.00050138256431665	0.00100613426245117	4.73022857124157e-05	0.00782160941798106	0.00144491743846997	0.0467243280399029	0.000484856071435968	0.000461689555983313	0.001726115079965	7.15676762914557e-05	8.18771132693281e-05	0.000845119881662868	0.00133346462168028	0.00276023962162407	0.000716552500225943	0.000525020321111821	0.000628808714840433	0.00129856897739187	0.00786565331923531	0.00285581922450511	0.000290158557784969	0.00122610490230831	0.00805028102620083	0.00167382098014599	0.00142769684287577	0.000886238675012006	0.000374167096976513	7.90237580110839e-05	0.00121509607993431	0.00260122596316026
G[C>G]G	0.00013084819292745	1.72543140604823e-16	0.00152468296729603	0.00244330255518453	0.000952970471887008	1.88314107050514e-16	2.78252816606747e-05	0.000220934665790497	6.09025459055683e-05	0.000294908445818827	0.000313189486505184	0.00027001011945704	1.45737894821915e-16	1.14819187034353e-16	2.03058506045757e-05	1.32902464876595e-05	2.36122200885667e-06	4.85370903416417e-05	0.000180895220286661	1.77787520929699e-16	8.84562170195605e-06	5.81702545959503e-05	1.34806320348087e-05	1.18537006041278e-16	0.000461097823337044	0.000516309347419665	0.000511609931396544	6.38857588040439e-05	0.000116556319659188	0.000243360010754155	1.71042430410637e-18	0.00251662931327363	0.000257772674230816	4.01429317176271e-05	7.77416116558979e-19	8.14561150583129e-17	5.56005528207479e-06	8.45369169403232e-05	0.000328453750582489	5.03161085592718e-05	1.88994164168461e-05	1.28480409503008e-16	0.00044482058377492	0.000129465485276488	0.000300073026355402	0.00081209638088758	0.00660685477183514	0.000416312939846159	0.00044900924292176	0.00105698793336001	6.66488412034244e-05	0.00017476518385094	0.00791307814689548	5.12158017663321e-18	0.000574507829301721	5.60215703790656e-19	0.000287317842508624	2.93454909784251e-05	3.06353604949648e-05	0.00171662249707479	0.000173706245970339	0.000859507271586865	0.00229548907281879	0.000871402916407202	0.00313695037695428	3.98050392288585e-06	0.000754503680155538	0.00100613999216255	0.00036719895410322	0.000123760104510619	0.00147364974030675	1.33806014811929e-05	0.0005707198015235	0.00385976961788166	0.000269096587917601	0.00136755287387352	1.97638855436721e-05	4.83078642054121e-05	0.000610815439762576	0.000455412186444686	0.000493448738757688	0.000680250559060674	0.00109126957700556	0.000421983223946612	0.0175191395676271	0.00179991818031269	0.00216074430346231	5.66990924145878e-05	0.000323619042200195	0.000456267225473045	0.000154379924456203	6.19030830389763e-05	9.9101817130733e-05	0.000102862144668355	1.6160951564892e-05	0.000354504033924485	0.00124360578488021
G[C>G]T	1.22807479555175e-16	7.2451399007976e-05	0.00647169072416812	0.00157279865773803	0.00296352058269518	0.000190374661380904	1.81070831425274e-05	0.000126896648655264	0.000302628303162847	0.000333500074197895	0.00217951611406435	0.00310355274622637	1.61661673004587e-05	4.08383726702631e-05	6.69141066805152e-05	0.000179934258628886	9.48547857047606e-05	0.000179204514457629	0.00141615461822048	4.4936580692389e-05	0.000276066116039478	0.00161441198533252	0.000312843724109473	8.2830471186637e-17	0.000620202763819481	0.00019338423102564	0.00156018491171293	7.89809400215162e-05	0.000173369983272067	0.000632663571971989	2.63858028061436e-18	0.00189296435142256	0.00085753166615284	0.000115943690243033	0.00247612582207868	5.69193420404379e-17	0.00181299023753737	0.000201451398666622	0.00168745924800157	0.000116845002500291	0.000263960020249809	1.08785846572909e-05	0.00459668611679657	0.000552268097288385	0.000461520505402242	0.000510167483341805	0.0151704700854583	0.00140878152230709	0.00266569745302032	0.00233550425720291	0.00106280839218709	0.00151693477075968	0.00777578387499415	0.000862304689307101	0.000538347832058721	0.000234878198433532	0.000958514420538342	3.10680123598761e-05	0.000121407212004473	0.00612617016075518	0.00129564114183093	0.000606546771130388	0.000306369082797346	0.00189184298593737	2.61305749823798e-05	8.66115812400228e-07	0.000123586421710013	0.000444040338909666	0.00161529326961365	2.75159900386502e-05	0.0461257631539838	0.00111157038615476	0.00650262083155927	0.00222432565916203	0.00225644980941699	0.00262644773329235	7.82399085859812e-05	8.34127685886537e-05	0.000729777303542376	0.0019817041236631	0.00180788302298444	0.00123678934454767	0.000506789520409646	0.0010153301198466	0.00204938975288624	0.005901988265199	0.00388341856587872	0.000388409940035913	0.00107609206283872	0.00876730822058412	0.00204471182445371	0.000139721426647445	0.000328769387683203	0.00031278093911473	0.000197798689729811	0.00185112440758441	0.00199193960824002
G[C>T]A	0.00376790499040198	1.85760651863714e-16	0.01112408088002	0.00326018847662964	0.0131813616827752	0.08552634334365	5.64596238811563e-05	0.000603471150194838	5.71897755736611e-05	0.000212637523674354	0.000190700992185641	0.00389451684422855	2.9691771347572e-05	0.000202124130078038	0.00240866019654269	0.000864854126917196	0.0154786169947257	0.00245423590532385	0.00580218043109003	0.014749970621669	0.0695062028841278	0.00500547255309123	0.00100442288012039	3.49660302274932e-05	0.00752010091852667	0.0567964439557075	0.0335893295365951	0.00547883639328361	0.00140428701649602	0.00163948911368918	0.0540698246649473	0.0257998278192579	0.006639216657584	0.00161064634202714	0.0118799876704958	0.00128368240328962	0.00904989779618131	0.0386610679845918	0.00526165922785014	0.0178444843776136	0.00233701832346155	0.000145115293097877	0.00590718799785454	0.00301455549432364	0.00142773454431217	0.00203147665663213	0.00579281174620078	0.0207169887012463	0.00608603898621275	0.0104401545505994	0.00276439020424465	0.0283495601881116	0.000509823719067916	0.0685823253726115	0.000889952603217037	0.00759944456697174	0.000705133276997975	0.000253032953838538	0.000165469762018757	0.00159730668139212	0.00313088548021556	0.00163081254013915	0.00756227844292612	0.000130987976460337	0.00383778853097053	7.23642359121942e-06	0.00224474714908094	0.00429485031058303	0.00268690673504162	0.00081791258943652	0.0833252471057382	0.000476800439274846	0.00364705749586127	0.0014332875086455	0.000289710488696631	0.00485152151169364	0.000205635052349371	0.00920301551868087	0.00944104602716898	0.00329027572681757	0.00421858535014314	0.0134624823322203	0.00298785469458668	0.00356270735139521	0.00113970437022683	0.056059295139533	0.00549728057255134	0.00376643160593573	0.027031416191625	0.00644174488640258	0.0024894935300505	0.0317272333915717	0.00712399621099775	0.019204291592027	0.00203518045970245	0.00986982752378758	0.0637845673174241
G[C>T]C	4.93165631803759e-05	6.73044215648128e-08	0.00569285465623905	0.00222668738581625	0.00919215456191593	0.0635260805333155	0.00487070600390397	0.011626553779213	2.16954328918903e-06	6.60435008756592e-05	0.000106026532860389	0.00228200370855792	0.0055089960554117	0.00526615238384332	0.00376956918586744	0.00261198188035809	0.0565937917815954	0.000624474329186716	0.00046615593592105	0.00440849361072323	0.0761992685293462	0.00255148135282197	8.51482904704537e-17	5.62703172871021e-05	0.00397535004721851	0.0231519101206976	0.0265219554989267	0.00721661388124199	0.000681577407924751	0.000724855901685546	0.0971194952287389	0.0236174001085101	0.00289005883381207	0.00199925837059055	0.0105324334593899	4.65089444556581e-05	0.0043383886548634	0.0297202403027419	0.00552489073172822	0.018743030163278	0.00140629509184475	8.66359141577046e-17	0.00903396192886848	0.00172569593418977	0.000810073238325283	0.00158913318505297	0.00203325290128794	0.0110440841067145	0.0022693003702811	0.00794406271839794	0.00248910709099251	0.0803259110940267	1.70878625100915e-18	0.0366132481490503	0.000520060258323859	0.00169992140552923	0.000712470041681337	3.39288858391318e-06	6.64640757070637e-05	0.000653183302854435	0.00135557370466521	0.00070008187363764	0.00613990985669459	0.00484121423573697	0.000558405288660943	0.000241616512711249	0.00189558211726737	0.00124978121422988	0.0016208232730457	0.000594911964042307	0.0653288816053523	0.00016307055248107	0.001700153593451	0.00124903373933014	3.1446175783288e-19	0.00378154863422012	9.32658454914585e-05	6.70123947795575e-05	0.00622908505366646	0.00172979011393675	0.00792617539635139	0.0167853741895758	0.000968845850510112	0.00169951840248979	0.00023118204472455	0.0299358568810741	0.00206996393310606	0.00246815303323205	0.0154156652701102	0.00431385181176315	0.00181770361607237	0.0422832497296415	0.018034266915663	0.0522391887580277	0.00101007460995296	0.00481817906282847	0.0332936272771367
G[C>T]G	0.202734693260352	2.03567465791263e-16	0.000392471940130426	0.000421037751296401	0.00915837199299189	0.178237345108581	4.01802631226693e-06	0.000136131455864278	1.36908856916161e-05	0.000100230888498473	0.00144621107216278	0.00291044734484049	0.0114894256708543	0.00768841191819112	0.00673731666753742	0.00168015133921345	0.00153264138993856	4.47790486174253e-05	0.000157630780779437	1.81409572475986e-05	0.286279653740472	0.000987352405540692	0.00108057075955264	0.000536161847531833	0.012599829496526	0.00327529829472087	0.017881230710206	2.79599993298038e-05	1.44520532850167e-16	0.0018186581600642	0.0135718925616348	0.0240178423267818	0.00763942734192566	0.00428744500659981	0.00859056817231799	9.30609169690285e-05	0.0174508305187302	0.00446687146833149	0.00167045433627289	0.00899877826335386	0.00279560500628793	0.0113979873322825	0.00224661403224587	0.00506185678725585	0.00265060870341695	0.00420819762316965	0.00433220535594837	0.00706430749736996	0.00127413878587957	0.00420572874411582	0.00861937168463634	0.00420700513367466	7.04418303289615e-06	0.0390341890037647	0.00147264689827885	0.000991418934859225	0.00125385845326226	0.000243531573590675	0.00102491669259402	0.00397823308868492	0.00328517198071991	0.00284135271369445	0.00540743657594266	0.0123499729783344	0.00769961921415831	0.00172104713580379	0.00403925626111145	0.00510917518291706	3.91182362235629e-18	0.00242872976683963	0.00944477059567659	6.85794550657014e-05	0.00702783177601322	0.0147819444675047	0.0034923000294179	0.00145830849448303	8.52978352852739e-05	0.00106304894085715	0.00479064360692732	0.00531574673390783	0.0140003332883923	0.00692351268047367	0.00667414436660121	0.00256382493058234	0.0130097406097236	0.00013542285401688	0.00130456657075048	0.000618713120522126	0.039047912122942	0.0155770885227422	0.00519679714811673	0.00217953934023708	0.105358748742866	0.103147752589727	0.00230344727632754	0.00573986798657978	0.0195598632930329
G[C>T]T	2.49495002496857e-05	3.21492037895163e-05	0.00586934384336508	0.00232560083035494	0.00967748069934598	0.0520580402122956	0.0081944113981948	0.00291319702563732	0.000211436263440614	0.0187810508584365	0.00243913256239435	0.00457164760404701	0.00727414563489793	0.0136016921153725	0.00529934241302947	0.0012896452328452	0.0418760768264547	0.0011200577114913	0.000785889148860284	0.00693545830356293	0.0557524801896191	0.0039627052749079	3.09494327411753e-05	9.77239028491905e-17	0.00397983653166843	0.0777156761022359	0.0201747287317128	0.00362375720743892	0.000791199808470511	0.00169367099250234	0.0825002515944936	0.0134132024453825	0.00499251243472671	0.00223350847093668	0.00486250685773153	3.08508151407121e-05	0.0034117020354077	0.010543420816735	0.00337737635644198	0.0321660713334583	0.00131459412675384	0.000246568824980016	0.00374163458023481	0.00225256785231801	0.000994686157011438	0.00210041083399835	0.00475628448071506	0.0123339333058874	0.00359757012552757	0.0118027119433766	0.00296218131130762	0.0558874097696549	0.000947971572690722	0.0366246835487122	0.0013561601644105	0.00184740502026058	0.00205796344382598	6.17789421965629e-05	0.000212100675304081	0.00823855940489246	0.00319129851726062	0.000715607636734038	0.00195552100692948	0.000112052197387205	0.00239174113851615	0.000484551357893847	0.00206672942460406	0.00243992913911209	0.00249600460749601	0.000451557680524466	0.129105800783313	0.00171522909645451	0.00439587262186792	0.000843649535787743	0.00133108653708788	0.00500092766170437	0.000179185688733345	9.37620626851376e-05	0.0094956700003004	0.00185927165848019	0.00487511338755598	0.00620893746946715	0.000800083489193804	0.00294781004660034	0.000324734904605659	0.0304450737718016	0.00467012834378342	0.0022467567842946	0.0188770799162135	0.00448170333576021	0.00163719711057357	0.018921664959711	0.0147986590013441	0.0323055946985037	0.000568444069846507	0.00735265955310382	0.0147051619175889
G[T>A]A	7.3533180237296e-05	1.98262802885177e-16	0.00511107775702433	0.00784400385841252	0.00266141195818917	4.97099812998318e-05	0.000284467357808698	0.000396244438160654	0.00067259370431958	1.47383728573361e-05	0.00943932898845715	0.00157808911300978	2.48564535883071e-06	1.31934389084558e-16	0.00135323530022979	0.00123639005623967	1.28960312276858e-06	0.000482953962979864	5.77894043166841e-06	5.30967153500837e-05	0.000514356295268045	0.000772586092437999	4.22219190999715e-05	5.94299649187565e-05	0.00132664839590142	0.000187819450076241	4.72119898342871e-05	0.000734083976291018	0.0335506503499005	0.0258257494046194	6.72311663042437e-18	0.00144588182330408	0.0256515102121714	0.000489459564211289	0.0982217897031227	4.89012356087828e-05	0.00318560568526657	0.000273150105207482	0.00156911544563077	0.00740750520791793	0.00037764244472374	0.0126298496960061	0.00062009722209522	0.000761115781455421	0.000687214738195861	0.000816963101321865	0.00381894209686151	0.00232547486667983	0.00327022739526656	0.00277387985093964	0.00114384767781994	0.010806269300276	0.00439003046269389	0.000889107646222391	0.000284955058963748	0.00392670844586104	0.0113598599414094	0.000101762585336078	4.83427119757441e-05	0.000515669741252601	0.0152502632567897	0.000512392934809402	0.00391252873560781	0.00146730858998731	0.00153130368510024	0.00034174935720184	0.00155215879623191	0.0013995106986232	0.000299702908110024	7.67360146889549e-05	0.00109562915653206	0.00989013795897579	0.00108113902698512	0.00764322751692451	5.35858754723916e-19	0.00438986229263336	0.0191548275773686	0.000237785896394707	0.00441839366822267	0.00331890885001238	0.00456547884335382	0.00442525777535517	0.00158262843477063	0.00277389350961997	0.00128338912694368	0.00723154769671526	0.00198404753290781	0.00534935133807347	0.000399853481850296	0.00150453128428256	0.0105143633888645	0.0035243133315335	9.71600139743426e-05	0.00312061024780999	0.0103277827708287	0.00504960783775112	0.000745597225716622
G[T>A]C	0.000172828229191584	0.000172282497689107	0.00800994632644026	0.00453032716496947	0.00312147063083539	0.000705408129342189	0.000235047615712886	0.000285258588080845	0.0013054279830093	0.000103008607362599	0.0147260121652002	0.00186741883645755	2.47705847653261e-16	0.000108124300320431	0.00724922581688467	0.00396544624694763	0.000465162657391403	0.00156539725540021	0.000165850561849248	0.00371762356041037	0.000876958305562779	0.000739167293194449	0.00328745174762447	0.000313481772851036	0.00239161165721378	0.000114416862887052	0.00321689327387709	0.00302550406053723	0.00944780560805852	0.00466746818458562	0.000222544810568637	0.00320126187883456	0.00613169336449132	0.00106334174519757	3.10516848182912e-05	7.35808776767021e-05	0.00108391515355475	0.000223510170451103	0.00355479464274105	0.0102464903611622	0.000249645836726952	0.00237946960869397	0.00711272163131754	0.000807267302825499	0.000684157180990609	0.00151561617436333	0.00400889163483681	0.00407828728388902	0.004499949941811	0.00393775334842321	0.00166290755009485	0.00245093941884904	0.00139749727300174	0.00267564540978008	0.000896386182008579	0.000952179979995604	0.000239446051788645	0.000143577920386035	0.000129252536683087	0.00109413202898293	0.00425724030533484	0.000577117686754492	0.00351140932635969	0.00837423976118629	0.000172443196748791	0.00285250875773553	0.00041161045355237	0.000626037379230159	0.00344219744792464	0.000114547051324439	9.67681934032315e-05	0.000852938604456344	0.000452758475006979	0.00408735014512692	0.00411637060100004	0.00281753096055324	0.000123139468258375	0.000408926320151628	0.00223699039125442	0.00371518611527519	0.00177613626926992	0.00466281464527424	0.00692822751305518	0.00230529723449391	0.00251759961549791	2.25974528348204e-05	0.000772162496972812	0.00913558668269484	0.0014801777890876	0.00187471067808871	0.00354337786746258	0.0215897250503617	0.00570576028074404	0.00289888601840682	0.00207685123124346	0.0064685091025035	0.00257385516047752
G[T>A]G	0.000288358720025705	7.34091250094387e-05	0.0108682289818234	0.0144235166839761	0.00385727721461239	0.000246115669643521	0.000266243497514869	0.000639549993769447	1.11690506556071e-16	0.00108632895445055	0.0148884245508599	0.000607302527294402	7.09458542099808e-05	1.70746181762024e-16	0.00177706765417233	0.000558337598949038	0.000129149176284151	0.00189929550210328	5.24643459895003e-05	0.000142974257554816	0.000243600410214919	0.0059034401645604	0.00058794707280997	0.00019048993365815	0.0019637214330573	0.00062504103566214	0.00234179491368569	0.000602499523983786	0.0306417663451427	0.00343455602353123	6.50481808481362e-18	0.00296773784746698	0.0350316603100945	0.000491871212966745	0.0018142951828433	3.91224827322688e-05	0.00439918156703693	0.000105962439628407	0.00616694621250524	0.0142872077591394	0.000498993146545748	0.00561759964049752	0.0012535792509256	0.00130962430201162	0.000835240588327143	0.00143261460284962	0.00664630393003404	0.00433552951967375	0.00511335062247528	0.0052934997913785	0.000908534419397221	0.00905541976576668	0.00413699139138797	0.00219220718184971	0.00126614857699756	0.00199941549539298	1.20391270801131e-05	0.000144868346726682	0.000136638871732921	0.000181428473887909	0.00415047163616591	0.00163250397806554	0.00450594273235452	0.00215160427040305	0.0101943168481262	0.00045913256251489	0.00148395227269136	0.0178496222336955	0.000768129993068769	0.000327995278223423	0.000435433843288664	0.0026136084118179	0.00340228714857125	0.00716553726917481	0.00200085090736498	0.00892934887556289	9.79439491483962e-05	0.000133813213230162	0.00609665030308166	0.00329912355767699	0.00231978738323802	0.00631954676086954	0.00711234687500654	0.00224251076492851	0.00404886911282436	0.000825023648636588	0.0048024251527876	0.0135280847122956	0.00145317543027071	0.00122318858993738	0.00245944392145446	0.00450170033536086	0.000469125751221363	0.0024445241206323	0.00841745017713301	0.00328306355328493	0.0021453664021263
G[T>A]T	0.000318791057931873	7.61689031859458e-05	0.0121477148018154	0.0064066003813703	0.00318554387423894	0.000329947529048807	0.000296136553578836	5.74626570716778e-05	0.0107667470421852	0.00743053857068548	0.0282695667248798	0.00207973204857994	0.000436451601708352	8.75593297586825e-05	0.0124363005687551	0.00749865839234432	0.000187620420657807	0.000729841631745792	0.00042122943463338	0.00107632851123357	0.00115346534227726	0.00108312323631125	0.00428038855816083	0.00131644195020659	0.00391375502523071	0.000383659981838678	0.00498340943902259	0.000802012569623283	0.00810590451640521	0.00404693514339005	8.46848709672003e-18	0.00164583399330979	0.0195270844940179	0.000711218160039865	1.21864935283018e-18	0.000186332526240354	0.0013556993583634	0.000216331506417872	0.000888914305615813	0.00708183009811138	0.00111941232248329	0.00678309479128075	0.00337433759135655	0.00132150082855303	0.00136957495675631	0.00229641514541024	0.00429602103408439	0.00500246342852672	0.00541203434211519	0.00607969835645695	0.0030271397081801	0.00399263522218935	0.00126949746267272	0.00332510343989492	0.000660855817010853	0.00105380862114091	3.17750495209986e-06	0.00024668238325868	0.000171530667596195	0.000755378659876712	0.000148895920039983	0.00108186706838171	0.00373026444227148	0.00158934739408785	0.00440156090457644	0.00596093604328087	0.00504250935201212	0.00255486095937546	0.00242107832303147	0.000611777505176892	0.000184693869882978	0.00912449376801078	0.00309258716836908	0.00771401388219408	0.0109674784678109	0.00399376549021131	0.0111504281747727	0.000862706047193437	0.00441341114058836	0.00407174473599303	0.00797136193160418	0.0033742478862913	0.00462892665269064	0.00644361087038617	0.00389810317298318	0.00125070820013872	0.00199511769534718	0.00342957336314921	0.000477753622150094	0.00147043021136006	0.00475877649748559	0.0113016559371612	0.000609689582603934	0.00311937641632019	0.00708360464880734	0.0108516145001549	0.00214833775205225
G[T>C]A	0.00107604820748486	2.24325903504026e-16	0.00817478873626451	0.00279153451747519	0.0115692010180455	0.00283584791514313	8.10680695935474e-05	0.000226724124723615	9.76475731830383e-17	0.000562811012101603	0.00216941524506441	0.00641447028575485	0.00186941529538477	0.009884494603917	0.0102536121235832	0.00219979535932262	0.000767608981739122	0.0470363489523818	0.000280074663963521	0.0114581209986189	0.0146916802909349	0.0019156873424364	9.09714750581475e-05	4.11194960446774e-05	0.000664212405475801	0.00107266841443747	0.00265291774978553	0.158308030181413	0.000509683139508874	0.00424086860403111	0.000265071986130846	0.00385543188138872	0.0140307407949682	0.0590581200131135	0.00482926714367712	0.00023419722695993	0.00113490545849615	0.000878323953304281	0.00423289665886316	0.00871500154143724	0.00643567209616669	8.19801754788868e-05	0.000552875810511306	0.00228992846063897	0.0207573199425959	0.00175969833018682	0.00650758964790295	0.00405321178713231	0.00834262144199232	0.00494651992794323	0.0033660700903046	0.00593001451316832	6.02678674442583e-18	0.0234152223584255	0.000702862498165969	0.0160964193979264	0.000334986136638788	0.000139053946096159	7.15194345850313e-05	0.00109996178030854	0.000998084622029288	0.00267747277053257	0.00558082744761241	0.008122851506895	0.00186094628561114	0.000672077660772617	0.00203571667318787	0.00166763359240965	0.000944163200277547	0.000606171502048913	1.12835758669845e-18	0.0140148822383625	0.00432134739121751	0.00276832712160622	6.06301321048115e-19	0.00431672085604892	0.00182430442693424	0.000168471816831798	0.0259646275857835	0.00740886803487052	0.00377633614807658	0.00272883869597028	0.0014634924619581	0.00312631875605009	0.00410663643713425	0.010289862412966	0.00303594646277566	0.0207317523409961	0.00735329620197088	0.00602076589873947	0.0299377673578819	0.00724666666208425	0.0125865628476437	0.00901951968033487	0.0430482318632377	0.0105060626319149	0.00362688246362957
G[T>C]C	0.00288015826318782	4.07704354385988e-05	0.0068335332986577	0.00168014691561886	0.00963662480918925	0.0018117281014952	8.79190904657711e-05	2.79964908575553e-16	0.000275236503041501	0.00241424277168442	0.00323363371035487	0.00974726805797761	0.00789337926151596	0.0053013263757239	0.00722630291856251	0.00366347595291418	0.00120700867637943	0.0297480025490187	0.000262714547105175	0.0100767095712695	0.0195415942991827	0.00163690940155113	0.0163006532459139	0.0015332482532198	0.00313619249214898	0.000617037803778118	0.00321324173421703	0.0696196491595356	0.00129954338461686	0.00130885761770025	0.000751801400438642	0.00562580205554276	0.00480305722842395	0.0259456797277985	0.00292906903797098	0.000414150546187171	0.00558021199999237	0.000771181747561182	0.0090808207571982	0.0108177482426933	0.00619547691496752	0.000718679914887788	0.0029382930519474	0.00202653570193558	0.0182022261590146	0.00330722033370073	0.00887848834468477	0.0036159066040637	0.00342654433470815	0.00526915330525974	0.00307285744133608	0.00498862648979596	0.026036437452306	0.00148803365438226	0.000906123810804513	0.062055419157151	0.0012952032256243	0.000169003125375672	0.000242562324908874	0.00634309233778611	0.00284008561487551	0.00335493301406644	0.00982952237713867	0.00466903990527117	0.00334328021978245	3.71848761274267e-05	0.00178642918834685	0.00088258989967918	0.00625512312951136	0.000748177155111418	0.00144529761727642	0.0111437256448212	0.00985813595178848	0.00529924480081737	0.00310499848614748	0.00207985059123766	7.60158711888297e-05	0.000196926586036272	0.00353140717142016	0.002702028806693	0.00153458941531564	0.0072808895189262	0.0145044006751721	0.00356232308840022	0.000855740888335143	6.05559170542584e-05	0.000381979826024983	0.0133957853100537	0.00792870081186662	0.00587984820500635	0.00758554826877336	0.0113221181878153	0.135061626444488	0.00205996315171179	0.00533705559642508	0.00738788765055736	0.00566172985428501
G[T>C]G	0.00150566902731133	0.000135167246411375	0.0112117508234224	0.0028647998957184	0.0154552652025654	0.00339482051731145	7.30270421795449e-05	0.000566203946679101	0.000128154240318346	0.00227042345638908	0.00294426251271538	0.0053389288430065	2.37933267503824e-16	0.0011652450774241	0.0128663699713841	0.00401406583536193	0.000668429257756835	0.0344756967491964	0.000238961048792284	0.0143884613362826	0.0085094145991452	0.00499806719909146	0.00331564223119279	0.000876442584355159	0.0046887607839974	0.00134558379072464	0.00490051358967615	0.104300140434308	0.000521200693958661	0.00145868118403202	7.14136612581543e-18	0.00349368339892387	0.0134911288081087	0.0632374120301225	0.00156048447107349	0.000437843077486521	0.00394555544810356	0.000590992196388286	0.00601946399360349	0.0115185362177101	0.137121436398271	0.000415562788287825	0.000234700101448942	0.00226112695596692	0.00834617271698856	0.00243070160629115	0.00627931674992366	0.00355213224770571	0.00533010139096661	0.00818761357175074	0.00244826635250007	0.00410713255037407	0.0012111540804025	0.0188400305076388	0.00122405457908093	0.0322858824293288	0.00312718749686575	5.1911510663833e-05	8.89923733248889e-05	0.00371341491902992	0.00484340911174762	0.00126986287696412	0.00319798646796317	0.108265479095359	0.0053810719635915	0.00190757443826209	0.00312588469641625	0.0106627198184692	0.00164651774001209	0.000500128635472668	0.000280419918559581	0.00526789013538954	0.00327020019539251	0.00457616867813104	0.00043933000758384	0.00779291848383445	5.37778897717224e-05	0.000178753760744124	0.0103362592670057	0.000169146477704699	0.00108415331046312	0.00922095611733833	0.00388674459236696	0.00357328835344019	0.00676804512315124	8.38534348499035e-07	0.00308584233576806	0.0181089192721657	0.00695789932990522	0.00387358130736576	0.000805426083861261	0.0314451945464656	0.033415896479634	0.00911537801595435	0.0255776758878702	0.00519735482708259	0.00263567420592911
G[T>C]T	8.54685801134433e-05	1.47107911854609e-05	0.0097745691138431	0.000850243388496307	0.0131509242987407	0.0011695786560508	0.000761551333810138	0.00683058516403261	0.00363844517742528	0.261728635429091	0.00614004341326138	0.00777234784682574	0.00525884322174651	0.00904662181547993	0.00995298466118377	0.00229325780395741	0.000263082689434846	0.0358340958265338	2.53463850929365e-16	0.0136486659091582	0.00780783920370572	0.0026110800751061	0.0045339971320119	0.00118841949488271	0.00345729174694837	0.00310442053051057	0.00104355172184002	0.110459017594318	0.000703816780985911	0.00170996935960389	0.00113659154094579	0.00486402376628876	0.0133193288025264	0.0456755390383819	0.00443237122652363	0.00047487673504161	0.00190554474124559	0.00048905149116384	0.00512700539094918	0.0143900540200287	0.0059924546596936	1.95420488388518e-16	0.000481962227449521	0.00303391549842123	0.0316405739181677	0.00369351973122602	0.00765404371969978	0.00810088514077642	0.00560507417619216	0.00669689715846534	0.0025278515031626	0.0028489324270271	0.000487077413265627	0.0112618298947554	0.00174766878498377	0.0517222193677086	0.002998011475048	0.000113979513925944	0.000222339150294003	0.00109102824858421	0.00396808727980202	0.00402551595351511	0.00813512714053254	0.00450974954501128	0.0105103054591614	0.00277886699896515	0.00330709174913428	0.00180778585428727	0.00185134300910117	0.000648591588695802	0.00483473461779975	0.0410755134273694	0.00971712089281388	0.00703888957968235	0.00941389265808176	0.00405955479689144	0.000861537438075754	0.000175394843016194	0.0131792140355391	0.00446954234430006	0.0114540805891089	0.00353586422042037	0.00332606722942499	0.00480704483902345	0.0052629720409453	0.00354626488167062	0.000880735014764617	0.00939009027945021	0.00963673352287637	0.00938837476145592	0.00034218482729415	0.00242823548781265	0.0105234648660224	0.00536626867016277	0.0338062421429217	0.0166082347939772	0.00411235277925993
G[T>G]A	2.21706449321972e-16	0.000204005218054696	0.00351298452619622	0.000558539545361933	0.00200628545263017	4.65488358750364e-05	7.05927338070144e-05	0.000267132408217691	0.00105853334553808	5.10680100101199e-05	0.00106059252824469	0.00542637606957828	0.000168198277447686	0.000313826732977077	0.000277293699166006	0.000345036292113913	8.80738554425737e-05	0.000264465596679751	8.30460828352509e-05	7.87001289519254e-05	0.000224328626068806	0.000813901423262007	0.000355231986312783	0.000188415111266056	0.000791956335499601	0.000693876886409854	2.06955337460606e-16	0.00019700295218794	0.00109061105409081	0.0020722900006133	7.38102691549669e-18	0.00108184015705645	0.00431761091336318	0.000940202973236657	9.80715922272162e-19	0.00053686609361511	4.57748256707251e-05	0.000171360135622306	0.000275626388784792	0.00106396422420879	0.000297384355963205	0.000266368713692735	0.0016710891865172	0.000175664916274283	0.00774145998267581	0.000506206488317679	0.00281482739992424	0.000856314386939067	0.00228748881836715	0.00116270056266137	0.000970132449487047	0.00112705624689311	0.0476503836166783	6.46090956880311e-18	0.000458831695312693	7.06716067382583e-19	0.0171483299474377	6.56216513460941e-06	6.96062243494885e-05	0.00670541441510083	0.00179737016720325	0.0012130984848722	0.00422783227972445	0.000117533099035703	0.00392269380706224	6.00427673225862e-18	0.000716417260104225	0.00598998290679218	0.00158708991891327	0.02179555629543	2.06926693019509e-05	0.00484953442136163	0.00131532081269273	0.00314880042583951	5.88296783908702e-19	0.0105847174945979	0.00343148652781135	9.60841428078971e-05	0.000474807710088343	0.00235814240559966	0.00113065907229131	0.000258203496537458	0.00373424946709852	0.000801655269120489	0.00382417703866519	0.0204693914480911	0.000202290827996941	0.00128868947100656	0.000847146296057787	0.00425981395095402	0.0073072958190104	0.000237672709321985	0.0060658726118829	0.000402422952502962	0.0024893848436744	0.00153188541900018	0.000750779875528828
G[T>G]C	3.09046791396872e-16	0.000180964395664388	0.00259248133910803	0.000329396849285639	0.00189772905142587	0.00031789490963918	0.000131361304188759	0.000370061827732609	0.000987659091029122	2.12225767241758e-05	0.000740332329593754	0.00533130521783198	0.000957375074432946	0.00085672610686987	0.000675290008518647	0.00192465523828318	2.84498765160374e-16	0.00019058892140993	2.93034291642308e-16	0.00295865300960226	0.000893435942566699	0.00113327760373134	0.000204071812818394	0.00584164049883975	4.69185064535388e-05	0.00106911953666545	8.64154139508769e-05	0.000511775148376949	0.000226159187810858	0.00043525056390511	0.000142990643537014	0.00215633660220032	1.0845853483846e-18	0.00115752983659267	6.94468978544771e-05	0.0012451193086498	0.000130315359357594	0.00044850913123105	0.00110207228480828	0.000954348107744938	0.000454492794518698	2.2592927621573e-16	0.0067102822196028	0.00041429024012828	0.0062735141138802	0.00131464603315173	0.00683410157128971	0.00116523061265933	0.0029301495300744	0.000889218686426877	0.000713720228295414	9.71362426984701e-05	0.0821850649235474	2.14599864991934e-05	0.000755875543357147	9.85123949804547e-05	0.0112999985417614	0.000161722881125381	6.41466479437598e-05	0.0103388215694345	0.00606338485541534	0.000839511776329589	0.00234120157284784	0.00147451397507763	0.00308600892089195	1.14459765272818e-06	0.000121977624846567	0.00278323732955231	0.00296774230919809	0.0310282486010095	0.00187631845913188	0.000702430468928588	0.000902999094784683	0.00154109174308753	0.00141959690762636	0.0014685633480781	3.47542506547493e-05	0.00184975385154178	0.000353753864161041	0.0023769038796294	0.000779988542757973	0.00056361541201527	0.00329888885801865	0.000111553258594897	0.00240223124231438	5.51259051086773e-06	0.000203890988140435	0.00140667791863392	0.00057530268797786	0.00344835291504073	0.00410138317088641	6.04927559721949e-05	0.0368181461546999	0.00117891066984525	0.00171547240302696	0.00141622781804714	0.00115399690546376
G[T>G]G	0.000422035275974161	4.41646822325979e-05	0.0105657206728099	0.00276807533368968	0.00514620083702045	0.000357788597474573	0.000308699992423092	0.00243085825423585	0.00313898285505642	0.00316361026989222	0.0039200040898126	0.00316549070319678	2.24223360187645e-16	0.00137660688086747	0.000585055865329415	0.000214175834832912	0.000145969165280504	0.000388304402439889	0.000491958496676145	0.000962716444284099	0.000467667762607749	0.000742827657396383	0.000730821570164994	0.00121029024310839	0.00647245758967373	0.000678600186653678	9.89148707429864e-05	0.000178938723135929	0.000380422825455581	0.0010579305616505	0.00022590809329396	0.00385959967262145	0.00824496757815441	0.0019669246191083	0.00566706685038715	0.00176673263209101	0.000957532427919668	0.00153408294545651	0.00281972177663503	0.00339636501303376	0.00338345177514052	5.03084283706476e-05	0.00467828812255521	0.00177183837780365	0.00786525949457468	0.00264587634036344	0.00795872546954977	0.00173655561368924	0.00261562079493792	0.00289373015237677	0.000788784649837152	0.00049435971096307	0.229224436008218	0.000105705591102246	0.000227652018629296	0.00103429610551728	0.025857511213669	6.94521993319007e-05	0.000188916160787416	0.0331079523333055	0.0762723216950099	0.00179372891400736	0.00556831033109058	6.2807960618083e-18	0.252284842527647	7.32283718932012e-18	0.000537353318391585	0.0211829560657828	0.00360371641766969	0.62401570241739	0.000284082840150564	0.00149522564970342	0.000522476098684891	0.00352298482139928	0.00207007728606361	0.0490449224897897	0.000151999318885135	8.52568569404231e-05	0.00162454871503382	0.00066596912920814	0.00212882782983397	0.000499584594780266	0.0184314584029737	0.00259091729473038	0.00777938918562723	3.29436648861064e-05	0.000697523057387986	0.00409684050778846	0.000407219769643861	0.00052118925134432	0.000558133362511476	0.000233769141134476	0.0292528409724583	0.000737294361916763	0.00210708786299521	0.00179337220033438	0.00270662468100043
G[T>G]T	1.64928421659638e-05	2.47318480024512e-16	0.00526491885347235	0.000267437675276144	0.00212583341410804	0.000957417274535896	0.000738907683620781	0.00171966649675287	0.00327360198243094	0.00530525038430403	0.00118668711152301	0.0144112854171055	0.00207039195522223	0.00382528682586398	0.00663193744516587	0.000945347064458249	0.000161097412555252	0.00012034445366162	3.10947153167992e-06	0.00258392879948741	0.0017453147391892	0.00245037481204957	0.00590356334832935	0.0868526331178067	0.00221342567813567	0.000422715772924881	0.00377260871107619	0.00202709887317092	1.55984990502567e-05	0.000851775629254008	7.74353878007431e-18	0.00307881308458028	0.0024484966124134	0.00471764886594823	0.00256187756477034	0.0108328878694853	0.0013323281363718	0.000165707187065615	0.00289482967494403	0.000825217257260691	0.000262293513562372	0.000345776540318852	0.0036141057604557	0.000527584308974339	0.0127469466478383	0.00381164789859001	0.0057050983697147	0.00180776635233912	0.00607800534981707	0.00161589534445877	0.00212499138658607	0.00103346954652514	0.0661048323396999	0.00267713093693157	0.00058769380984603	0.000481798450619466	0.0782925794123461	1.12233064208371e-05	0.00012212523315566	0.0320751408241564	0.00194898620445174	0.00105390251162946	0.00222642890843619	9.50373449374771e-06	0.0011319650221382	0.000115711848730958	0.00164548359924156	0.0142530537282226	0.0109224969671793	0.0416261620733606	0.00166707177265967	0.00209535128034986	0.00236473104569652	0.00249532321208293	0.0088714565490804	0.00355288404211643	0.00176601005820009	5.84069615377865e-05	0.000195613150959821	0.00440474875831361	0.00213105571680974	0.000472734078851349	0.00101723898868724	0.000881878085343177	0.0033237776910207	2.64792034936936e-05	0.000215367740949928	0.00223482901134479	0.00127655268756229	0.00279588081563703	0.00116853257872619	0.00587574158723293	0.132489299335358	0.00324451460775041	0.00780376953069244	0.00229893704850977	0.0018054405284307
T[C>A]A	3.95352795097807e-05	0.000376947676078751	0.00403957218351609	0.0224657820739339	0.00378181417812619	0.000230352453615327	0.00018356269298613	0.00144946383888502	0.000650038337619209	0.00470295619265867	0.0145807214064694	0.00671685819022843	0.0468386505396171	0.000175859426333216	0.0284064245753728	0.137381192968959	0.000100151321643865	0.00135000896961391	0.0452077574368534	0.00021195473071358	0.0114869204422487	0.00588944790701021	8.24034712990841e-05	5.02511400180877e-06	0.0405997907104291	0.00090989165457192	0.000963837988277893	0.000607776955084711	0.000328857653763987	0.00225844419385824	0.00151872599022	0.0182087861664036	0.00326283722237659	0.000389035741972312	0.00419449773927598	0.00399971756216323	0.027852738962182	0.000383394718568973	0.00101916812705825	0.00544035858549727	0.00368107326906982	0.00188323295579602	0.00302400841363456	0.0809130584535823	0.00079296915743097	0.010743749412368	0.00305488036545269	0.0135455909936107	0.00966857076033245	0.00549399079287655	0.00107813196307693	0.00304716752511397	0.00296928056018664	0.00043378735658679	0.0403335185065461	0.00525334028303374	0.00796106738537699	0.0644019119982936	0.0209515259523829	0.0088806670382821	0.0177070815066447	0.301037873528196	0.00155754435500497	0.000279526744836809	0.000727504881220082	0.118231760558295	0.00442241495356617	0.00330601604678251	1.84904326091885e-05	0.000943529743789766	0.00137862774462034	0.000740114126700945	0.00487728953103184	0.00216052205955462	3.55534647974369e-19	0.00789001082500511	0.000657792628237097	0.192436470707565	0.00773995932945782	0.00376906512673427	0.0134849097216407	0.0348234204559154	0.00336849291019843	0.0023371737416326	0.00174061582096174	0.00846431097926088	0.0300542394604644	0.00309457108667062	0.00580854669386726	0.00971845097604425	0.0076549652803067	0.00127537467533922	0.000296054801836701	0.00398071860217837	0.00276603190699468	0.00803878877538915	0.011343922330745
T[C>A]C	0.00447833364405848	0.000295385797863653	0.0237688747601927	0.0779778491641946	0.0129959165159826	0.000949144456981352	0.000881733111499643	0.00518217446329503	0.0107891358891803	0.00942947982613227	0.0361739895472626	0.00286294057984272	0.0146329411268118	0.00441340835457659	0.0118768374024996	0.0225113271932651	0.00153726188627363	0.00329086281303035	0.0495556455815753	0.0437200209931111	0.0114290795144372	0.00942863561943595	3.30823805342457e-05	2.66188343846534e-16	0.070650275619255	0.00219456658269888	0.00559497155146683	0.000289376724223925	0.00214589744729077	0.0061186867103011	0.0013945302259834	0.0934097116729322	0.0141252474834161	0.000769638786262406	0.0109414354111035	0.000372384319357388	0.0745986956316744	0.000394278410729486	0.0151389485938448	0.0152999615447219	0.00465594972476235	0.0015848792997128	0.0390430969874656	0.130489852346631	0.00185687828890603	0.0205608172119899	0.0118270238938463	0.0425951062795923	0.0155701750682335	0.011022992683379	0.00165018430082543	0.0950341874256131	7.45336174851871e-06	0.00332537585970327	0.119173885903394	0.00893199986333529	0.000112549379356402	0.00579797346030111	0.00958518698376998	0.00121979154994414	0.00417834925467466	0.0894352961067653	0.00625446807715334	4.98356535675828e-05	1.01951549458243e-17	0.0209905548024923	0.000645847319062602	0.000566832272887646	0.0463973522310104	0.000224260337072712	1.76574629831926e-05	0.000189959538923202	0.00662554515956925	0.00663948314332321	0.0024171481114546	0.0247826584168599	0.000754306653112	0.0767999465480475	0.0197015589928137	0.00453181928645388	0.0319524155165907	0.0713432925633688	0.00373216122520333	0.00753697814751547	0.00922268237504602	5.32692888430959e-05	0.091502988134499	0.0111982956654523	0.0148465141254189	0.0103977576707383	0.01606374371815	0.00349438108819675	0.00140346303170741	0.0360404247752864	0.00421988852786664	0.0208093407894052	0.0242917507567203
T[C>A]G	2.88319900720071e-16	0.000108274913758682	0.0014573681532584	0.0132396281636885	0.00238131206552347	0.000278473999567316	3.48182909060925e-05	0.000322657324735645	1.23215603090924e-16	1.9710452946465e-16	0.00200044737907824	0.000378345037746609	0.00124378493325473	0.000486178815520081	0.00269889407963435	0.00878721734881531	2.65418240892477e-16	0.000421560078478668	0.0148998566908624	9.30181155775496e-06	0.000110489067368239	0.00174842893759747	2.07157595986217e-16	8.29307489121564e-05	0.0150342569533533	0.000404357633177289	2.69136700951248e-16	6.11847851076057e-05	2.03649196649074e-16	0.000797286621069325	0.00013999403344241	0.0128723625937472	1.01184528904272e-18	0.000109775098693776	0.00184852649136944	7.76412536680056e-05	0.02307222967247	9.79274684445664e-05	0.00112602274598801	0.00286353459849637	0.000911924466185379	2.107768412474e-16	0.000116972369673308	0.0181521334292466	0.000955553868445978	0.00310863978454134	0.00330879810757728	0.00575946026292848	0.00131675044694688	0.00193891480375741	0.000145085903038997	0.00116226624804554	3.11291447719528e-18	3.44619056613968e-07	0.0248169310303062	0.00229763621004452	2.42309839792036e-05	0.792381174279883	0.0554990604441945	4.21420677015212e-05	0.00484557651842058	0.187076308621255	0.000561109824630835	0.000744454608882683	8.91431645916559e-05	0.00634298340260453	0.000148402006388803	0.00263518449022852	0.00106385467071993	0.000206048025554549	1.42380661408409e-18	3.26813296364352e-09	0.00132082884700901	0.00368202823804054	0.000441462858120774	0.0021033008457376	5.40389695957608e-05	0.394911625930063	0.00268434400861345	0.000143254989269551	0.00299799996377516	0.0147660512706572	0.000184059889566088	0.000682523578693049	0.0264131218896172	1.83674168564278e-05	0.00979838859424908	0.000256445217139181	0.00201270193995441	0.000597245143278647	0.00107041142507517	0.000443565057953244	0.000119490907889199	0.00204755610913843	0.000638607926148477	0.00198510723741564	0.00294447230101231
T[C>A]T	7.33179265315067e-06	0.000538650930801381	0.00993821755040981	0.0483796190471788	0.0126810531611728	0.00100308527756342	0.00059876230853459	0.00146252254854582	0.00199673806852904	0.000163521229501819	0.0323912238355774	0.0223848316123031	0.692827714427849	0.0667720392116852	0.184930080700662	0.376372578914716	5.46536568025002e-05	0.00189190451416422	0.042158792431397	0.19141018155357	0.0111569373159088	0.0104680671621529	0.000259213580407032	0.00216123276391885	0.139283988568217	0.00188826789913676	0.00105742681210956	1.91795671398596e-16	0.000346190880078299	0.005323486257648	0.000355127604177635	0.0289116917036304	0.0240018661519003	0.00120500391408698	0.0120611764866648	0.000323312683224822	0.0525587738195162	0.000760207495829243	0.00510567589664426	0.0111857638994524	0.00821696389703416	2.93010367582827e-05	0.0182195524370881	0.247706137622757	0.00200765987926819	0.0350188062129307	0.0069439764793167	0.0243412949614961	0.0145606056826109	0.0130336275528887	0.00398813509435814	0.033850316984348	6.37587069906025e-18	0.0175190263571358	0.0810870967079468	0.0026590444949028	0.000187698394003726	0.00020155408795225	0.0115638309938731	0.0017944756786849	0.000380850094064887	0.0821309644409681	0.0010544381498275	0.00624314635740488	0.00352278894869681	0.450391331639359	0.00397272047230481	0.0136844943631857	0.00619804274920479	0.000393554180340893	0.00165295435265174	0.00162527954145846	0.0107376049961915	0.00462727629684609	0.00766354671689887	0.0194675505997255	0.000979533702145898	0.0914884848838838	0.0142642622517445	0.00691880777973616	0.00903963102748744	0.0677963589771244	0.00850284980167981	0.00831959189288555	0.00299106833193846	0.00368364747114047	0.0686316626869929	0.00693043128400932	0.0195366193311918	0.0142621020200147	0.0197397920288451	0.00787204396199649	0.00332963853574692	0.0534446361430366	0.00903042928796622	0.0229544751853155	0.0193975744350186
T[C>G]A	1.46221268228133e-16	1.4355542358865e-16	0.00697168562518774	0.00220530302064244	0.00410086466305351	3.50758477069311e-05	1.1446950283182e-16	0.000138544638334686	0.000546118485706678	0.00168377671745945	0.000784922831503691	0.00115988877351795	3.01774485519473e-05	9.55292512530073e-17	0.000133275281236097	6.99953884503319e-05	9.45884953379479e-06	0.00041023051558922	0.197966588234367	1.31261218689737e-05	0.000155968182337628	0.00149372702613794	0.00177488399730141	7.07556493331385e-05	0.00128477767118441	0.00125920193973891	7.93494959677355e-05	0.000297109011210959	0.00162962772210122	0.00238812716793752	0.000164183208005908	0.0025005919352825	0.0050281566037464	0.000592931607943277	0.00185556176661542	3.51024630963444e-05	7.19550520611317e-05	7.63458560185315e-05	0.000236796391021971	2.87425796235566e-18	0.00438851494168301	2.97573545183129e-07	0.00415176408316797	0.00249246643817258	0.000774508194054806	0.00176202085949477	0.0193450221043079	0.00441502671155425	0.00383019461790417	0.00324705931293119	0.00707365373774841	0.000364489541997218	2.27293496603776e-06	0.000373498975887041	0.00226958730554745	0.0013050742362459	7.09429884227005e-05	7.76505025343709e-05	3.33365056216933e-05	0.000475394976724875	0.00110963290179323	0.00140189377199886	0.00238093486813272	0.00213853644188451	0.00322135243836975	0.000665756204979387	0.000769493849725626	0.00104271066261486	2.00084456467351e-06	0.000269653967970466	7.22082687677915e-19	0.000393793728298109	0.0262503412942654	0.000376458227391162	3.8799729146687e-19	0.0122928961564559	0.000230151327057612	3.06943687961621e-05	0.0110648627697257	0.00532755724682715	0.00355241225692959	0.00324802480204701	0.000720815221051987	0.00120096875277247	0.00284992485095148	0.0230203543598412	0.00576120355071718	0.00123867890454652	0.00080071369807591	0.0257060403513165	0.00248294937293101	0.000138618905403987	0.000395710876983958	0.000154173029706425	0.000343714185642715	0.00151408693237809	0.00980476783065453
T[C>G]C	0.000392137765380994	0.000187150862145115	0.0313431130071539	0.0107959812342728	0.0117543314497066	0.000235032753293811	7.69595737025715e-05	0.00260274155062105	0.00382248666249212	0.000779740947577137	0.00210753255755445	0.00254011836547152	3.57153027282498e-16	2.81381999441838e-16	0.000600302280098818	0.000111521669043501	0.000400626540096903	0.00193283944550498	0.116806310038718	0.000294518411944057	0.000131353078039555	0.00916767568476846	0.00100794470622535	8.05043614528681e-05	0.00820525457958481	0.00661259033153813	5.10698900165303e-05	0.000844359337243915	0.00204573834601433	0.0073331438841316	0.000609661573502111	0.0109598755492464	0.00494185945495578	0.000993229739665481	0.00592262065999844	0.000122275760985576	0.0135287248500931	0.00174590324351489	0.00514307069725193	0.00197703349423799	0.00249578867859656	0.000198477259375243	0.0103845439563259	0.00444552717356172	0.00141467287588003	0.00425349344649975	0.0602650826607886	0.0124876586547442	0.0230718252209228	0.0156754589860075	0.0148675362960143	0.00359148905853138	0.00156046723629653	1.53621659815353e-05	0.00407182381563366	0.00329494647553986	0.0018019313160024	0.000584321914201812	0.000313196429250369	0.000740705350540105	0.00575562732224675	0.00300311707608246	0.00935699402022657	0.000694375961792374	0.00440826043699302	0.000510203873854339	0.00278348056494948	0.00259547350191903	0.00523883749850953	0.000522504431439029	0.000242345254498873	0.00228731556762495	0.0867729668264403	0.00492618330735209	1.14284841782981e-18	0.0267333313369685	0.000338956077495817	0.000284153754128589	0.00684885940926005	0.00865090877955449	0.00918615965247368	0.00674034679255358	0.00171792506586872	0.00632717106796009	0.0159149526111516	0.0436148101622502	0.014212223047657	0.00242959937574549	0.00412225470552518	0.0259436710476785	0.00392494199309334	0.000444214102544296	0.00111003211469245	0.000451393029170025	0.000731495740380585	0.00740615883178855	0.00659015613081202
T[C>G]G	9.74044104209762e-05	5.6770853843835e-05	0.000583449001261323	0.00241295798812191	0.00192191413823248	2.94577699737734e-06	6.97705468620776e-06	0.000424982333951426	5.27193661967037e-06	0.000841280072686545	8.93814260795123e-05	0.000372870780231278	2.59542131089196e-16	2.04479531759669e-16	1.14661087535791e-05	2.42879642065273e-05	2.88124481553664e-16	0.000193923897471689	0.0184469753351111	2.60996548344565e-05	9.10867506776834e-05	0.000559211057841975	0.00038497784244669	1.46729069477205e-05	0.00115528020545101	0.000679217478255006	0.000163264070289924	6.09732958479793e-05	0.000379082507216107	0.000536704405906432	4.26116262342278e-18	0.00192689807859671	0.00226236915799564	9.11544180367841e-05	1.77214349039515e-05	1.6074637955461e-05	0.00129116548958212	0.000136396079726863	0.000532459003412747	0.00130217663995421	5.80702773868759e-05	2.2880856983951e-16	0.000207760543680525	0.000404823828365668	0.000796498648938818	0.00155967996653964	0.0114796408564585	0.0010818782040119	0.0015185005278588	0.00275318791757326	0.00146845804141137	0.00028890609636825	0.00161840906025037	9.12093477960463e-18	0.000262039898532002	9.97678591481868e-05	1.10058235135717e-18	3.41938964875103e-05	9.41013849684932e-05	0.000112457503197536	0.00250260736397937	0.000880521070025789	0.00254818519249475	0.00120050110406213	0.000223657109251753	0.000105827631386754	0.000960805175040388	0.000660143859878373	0.000737729781411442	7.18718430033041e-05	1.11438604656268e-06	0.000151153244537236	0.00616897221718835	0.0329067895331772	0.000479229523538192	0.00426204057037051	4.69295555455974e-05	3.47353803748221e-05	0.000363339684774122	0.000623261599852655	0.00130131747672883	0.000802232193037308	0.000595884053821224	0.000300395833952556	0.0712969117574862	4.61083115306541e-06	0.00241433344119021	0.000364397902181977	0.000297557006076044	0.0034896405828959	0.00067933172973423	2.38971334413034e-05	8.13506741013342e-05	4.74773659065456e-05	0.000120525057225112	0.000991064705304073	0.00221869414808828
T[C>G]T	0.00193525049112862	0.00143694140505717	0.023301496916015	0.00393850740430847	0.0124154999483276	0.000170973575091068	0.000273024893016972	0.000736689060526982	0.0065496798868764	7.26538083914644e-05	0.000251500446208198	0.00459200375977979	5.60551906178545e-05	3.53266882073926e-05	0.000338231236353429	0.000184770818155233	0.000212486922924358	0.00244249598382714	0.435901936883188	0.000404758294937458	0.00023988344622618	0.0320827969588886	0.000253370056933887	0.00125476451969651	0.00361136308005429	0.00219135624690311	0.00130317449810374	0.000590370931699964	0.000337407834957653	0.00558204168064536	0.000685902579892671	0.00513376132512532	0.0159168221725844	0.00189214953223114	0.00260497124772198	8.25670610563299e-05	0.000427410297652055	0.000123948419089452	0.00479595774900775	0.000798725262551466	0.0128351248395694	0.00195745259887758	0.0251122004430771	0.0089912040652798	0.00208709944439166	0.00494944266330053	0.0534659770080553	0.0166560269167189	0.0222315348604244	0.0110616791450221	0.0299885438510841	0.000469924256399161	0.000244209009463532	0.00271896869612492	0.00428014657805864	0.00432019212909277	0.000898531453195502	0.000158677427542676	0.00071514620600746	0.000406210053641918	0.00340956990787613	0.00324111946151424	0.00450378148899259	0.000268246064549369	0.00182114999682544	0.000458045487528324	0.00823549525920064	0.0167607173671952	0.00244681964237309	0.000733779358628272	0.00676579194087206	0.00490642749321826	0.130344170463642	0.014064240254372	0.00296454422624572	0.0269872029646175	0.000964000941163164	0.000317947575878172	0.0247374936334872	0.0202384003165925	0.0139086417002214	0.00453681992758342	0.00346090395784667	0.00517424772127825	0.00360791888710665	0.01619925384009	0.0128057548983237	0.00350520805644127	0.00251452597977265	0.150404889755272	0.0360777667184189	0.000178580239080594	0.00201973647866179	0.0010819787286523	0.00150484648473801	0.00872533640932724	0.0114916447405827
T[C>T]A	0.000724116367568026	0.343237499807376	0.00300338687924991	0.00229170921515355	0.0106028616291371	0.00842895644520049	0.121603626441198	0.00358641218645911	0.00484433193046519	9.27012074655217e-05	0.00267696471759376	0.00183144790369818	0.000197973232967966	0.00116853744234821	0.00123141398407134	0.000767068766856415	0.00590708610441601	0.00232458728602329	0.00430495414813883	0.00234729042988936	0.0192119063095084	0.00376493362873392	0.000250468301037326	4.75082719993014e-05	0.00680803344632214	0.0314213136544273	0.0049377711144793	0.00162683462036974	0.00072399954057005	0.00324380459568102	0.0118424241499287	0.00159193547417093	0.00566511003300619	0.00148126205725326	0.0120907715706338	0.00146956240414366	0.00427444445122627	0.0586019459544878	0.0044492206241249	0.0150527472390121	0.00493621668996453	0.000890509500444921	0.00184379849672386	0.00666549928424144	0.00173022160497006	0.004250027544585	0.00215166202611445	0.0225655321237728	0.0129315538982778	0.0107706959488827	0.00413693998421724	0.00312624188861396	1.90287522468402e-05	0.000772868202536969	0.00164190040674353	0.0085773186533959	0.00370230834266124	0.000120653464625471	0.00012927393274663	0.00984335419865825	0.000915328765230536	0.00103530879802598	0.00362855027256651	3.37855400209423e-18	2.64104581869389e-11	0.00011721127939732	0.00273273327817189	0.00208902735829892	0.000136288165218245	2.06279912939673e-05	5.08537310397501e-05	0.00157993449827159	0.00531185145818214	5.10587565326905e-06	3.85950248850749e-19	0.00515294300971336	0.000747048276036893	0.0228082209446354	0.00967867312142485	0.00354278045356215	0.00549945554673323	0.00592557217627889	0.00329654361098171	0.0361405091793589	0.000268007305805737	0.000826928189825561	0.0033113576068699	0.00332640431832222	0.0289731432547949	0.0017344639465237	0.00143328644372612	0.00396610229556251	0.000702075051137287	0.00314013246385756	0.000831657941409422	0.00779871434319656	0.0424566430365914
T[C>T]C	7.44203238509552e-05	0.19059749440769	0.021213622471359	0.0131020561245549	0.036747626906478	0.0225608938829732	0.517335131928752	0.350199566610322	0.0117349907713442	0.0077399529355558	0.000409437300622658	0.00961712054158385	0.00456677200221902	0.0635032700179174	0.0141338951801605	0.00631347454417997	0.291921401113687	0.00340083179368962	0.00851310000658499	0.00027788043746075	0.0212010248199572	0.00666380669604024	0.000130463508244173	0.000812747224042294	0.0208255312902038	0.0547361479245405	0.0172007462459466	0.000111560187923124	0.00183525906052994	0.00657432935605468	0.103230987566781	0.0247541696861795	0.0100697678422568	0.00348442319262495	0.015718724502181	0.00383589875492311	7.38578770133981e-18	0.245112337163821	0.0447601808404355	0.0718537526704561	0.00325619592725767	0.000423250376460304	0.0240085937234558	0.0130721620579097	0.00329147160297229	0.0145728573151151	0.00895675455139001	0.0750359881798303	0.0177190806523933	0.0319870591050729	0.00699796975973265	0.0648780412631144	7.91757703656584e-18	0.00379956805748548	0.00422728377546511	0.0178700089690756	0.0580339760531947	0.000546714554710168	0.00123074138374786	0.161416944396512	0.00291525026257473	0.00329623618677746	0.0111770897341317	0.00091711135532515	0.00570627022996277	0.00032986115146939	0.01776615163171	0.0227904401747086	0.000725042325292911	0.00148591413284424	0.0591244195424883	0.00378956137508113	0.0153638471745298	0.0110607309326774	1.18060803421072e-18	0.0175511386247398	0.00106714045748602	0.000256244372135216	0.0300650811354782	0.00990400948235588	0.0350331705849916	0.0183523938030965	0.00402982745324917	0.0195878623182675	0.00143132984037816	0.00589617789388393	0.0125881881911202	0.0112063673798588	0.097205086844432	0.0119726416995056	0.0106824178894203	0.0281009109597994	0.00241564136278302	0.0155900787848851	0.00171660678792952	0.0138488684260686	0.0614818671435336
T[C>T]G	0.160362729597173	0.0632524741543432	0.00115241922802871	0.000384786642548138	0.018558783026258	0.0816246281120578	0.0846083231068224	0.0695978693286779	2.90331781855845e-05	0.0017513735344136	4.94983877008522e-05	0.00312470847388981	0.00337252715479473	0.418010017749248	0.00983698336919779	0.00683887316188474	3.96267987033881e-07	8.32757360583089e-05	0.00165199109389045	0.00788316316137074	0.0343467580867488	0.00399514402884249	0.000186225435032577	6.13456152411715e-05	0.0157479542918698	0.00690985280404946	0.00360982999559602	0.000320129217609631	3.89386992576127e-05	0.00156478048025684	0.00496428095653333	0.00398741717633972	0.0160816196963952	0.00264616509746563	0.00662555789713627	0.00118063905474387	0.0215261653136169	0.0196439411388253	0.0111790176363055	0.0133605894399624	0.00288910190139013	0.000320976026463462	0.00106489971436668	0.00541531548191975	0.00329909782993497	0.00510959848488559	0.00602287666430354	0.00844235006376146	0.00234612625757323	0.00775834548640276	0.00388761982709224	0.000527596687732704	3.5093853240172e-18	9.47226461279306e-18	0.00267546288645685	0.00383360046178785	0.00221697634024677	0.000506497863237422	0.00144291710735886	0.00450149917756659	0.00780904944770917	0.00344684740962125	0.0144345749954007	1.20599876185592e-13	0.00487872663950273	0.000201690236754019	0.00345108791411629	0.00363461723642002	8.59269273395555e-18	0.00196031082894419	1.1107618799163e-05	0.000145859615285129	0.0189203165642932	0.0779295598205682	0.0079630247707323	0.00296798750061799	0.000231444123267016	0.0028627967989774	0.00455185860916777	0.00894873704047091	0.0065914393801622	0.00401913490376913	0.00431711715109536	0.0153626949832698	0.0297077280339612	3.36484694314384e-05	0.00103938598459992	0.000519629606749929	0.0278570376819231	0.0098754509193397	0.00418898747729168	0.0052706547463116	0.00211522742208481	0.00311055300986179	0.00113242887056888	0.00361734449407062	0.0163736306021094
T[C>T]T	2.87246545404021e-16	0.379396074356709	0.00841303056162368	0.00873708799798794	0.0216614730338656	0.00969641902524314	0.107967981999194	0.109295063441284	0.00128297269553859	0.0442208530516853	0.00552795358707867	0.00462488508567953	0.0243558001463039	0.108201068621274	0.0129528940229749	0.00922697085246302	0.141945960593762	0.00508979005039688	0.0017420680768266	0.000470110572588485	0.00249123960494208	0.0258365247566589	0.000323565518537186	0.000777514862156851	0.00442272239318708	0.0889103048469509	6.03907118733197e-05	6.52409545866201e-05	2.00209673286812e-16	0.00424752521887004	0.0402018998671578	0.00616987952755438	0.0124982346141714	0.00189390076744567	0.0151141853723054	0.00119326628654711	0.0056541097227739	0.0619993160493801	0.0229064906576099	0.0803120134426649	0.00599496909090664	0.000763974189730652	0.00989052780057676	0.0102479155163079	0.00496398201493072	0.00856247863533995	0.00463259558104294	0.0354440078968576	0.0106818270704114	0.0278624931647586	0.00803031922958106	0.019341676672797	0.000844710213472825	0.00329250066008778	0.00398564992874676	0.00402878535132895	0.0817003953560662	6.51007737217457e-06	0.000425956981957487	0.0819664854506515	0.0450853718545007	0.00229497612645201	0.00964216368273689	0.000211397571946054	0.0281453997522322	9.49252538619151e-05	0.0246636544599544	0.172139893785252	0.00349397069316523	0.0039153640537277	0.0238871713884334	0.031540351301506	0.0158581132642669	0.0126598288317557	7.62207050660313e-19	0.0101900008681182	0.00193767673212444	0.000172714257134283	0.0274710502225012	0.00853894242703557	0.0148067892835173	0.00501026558268803	0.0101209035730775	0.0398829722296572	0.000682041955123991	4.00291472984901e-05	0.0124809693017901	0.00417994281781999	0.0666982166970377	0.00606818839954122	0.00478859851348515	0.00666260130089242	0.00205864019203903	0.00139778322123715	0.000689232534446014	0.0205561521852924	0.052568435929835
T[T>A]A	0.0127218043026247	0.000784216794208509	0.00985062395873839	0.0157904603946632	0.00956423764383221	0.000925427419823323	0.000527853298577655	0.00510149775309161	0.0125141819994318	0.0217033070374552	0.0177257220071123	0.0323618965744639	0.00320221091846534	0.0038009776789096	0.0148129258720541	0.0149164263150404	0.000326017994601081	0.004582811492438	0.00053360637775072	0.00038484676959652	0.00229321521341422	0.0211299891882333	0.000162585612661121	0.00151909392677059	0.0187169262250113	0.0010260796597409	0.0213075058604547	0.000337029644877004	0.0931694165885005	0.157714372824089	1.74418396914139e-17	0.00793058717765715	0.0322876048562713	0.00147641507044855	0.0985426055431622	0.000165650951740633	0.0014830855177664	0.000489360715017477	0.0115651457410462	0.000901837170257615	0.00399534800645738	0.377910045032386	0.0077729196354171	0.00444711185768527	0.00306010138177732	0.00466568916375322	0.0107662008231646	0.0147520292728051	0.0173099860460513	0.0143966913796997	0.0827032099349657	0.015998837358687	0.000113262429894091	0.0111501460282785	0.000808023936137905	0.00605461168826705	0.231500837682478	3.84282382582728e-05	0.000842581831628657	0.00248841077333032	0.0314064027093898	0.0021460305145294	0.00569684152893528	0.00204019772111489	0.00475485458143308	0.0160208029361845	0.00294221051416777	0.0168161973535451	0.00513418585896116	0.00166274599053026	0.0136943918607422	0.0721623778301586	0.00703886617093266	0.0140688939076017	0.0239126913511979	0.0111955529064094	0.366799300290906	0.004164368806747	0.013429264147671	0.0248063081403037	0.0173536324077073	0.00813279519387554	0.0157319794308814	0.00867291118872478	0.00266108939233972	0.0189031438201361	0.00327356395412441	0.0223822797390031	0.0100444867966511	0.0222680154733532	0.0255177441067675	0.00858890387311935	0.00646861092431856	0.0131849544014072	0.0416631765119979	0.0308251374091098	0.00731445971645471
T[T>A]C	5.07039351697814e-16	0.000428608384295105	0.0190856339856085	0.00920647952928671	0.00753799533497295	0.000279143614143573	0.000692864040470054	0.0042367741451515	0.0333843081113403	0.00192021142826312	0.0361056559580647	0.00276609291509954	0.000678823600876148	0.000992270973125113	0.00441994240135928	0.00152843419027508	0.000425319171700184	0.00946880115933959	0.000502402930101396	0.00399887819406221	0.000396783595027406	0.00963708196845087	0.00935501838426791	0.000371096598688732	0.00568339692754409	0.00118517382696184	0.000678286954276564	0.00125238165645493	0.037962304030274	0.0205737616105863	1.42107307472288e-17	0.00756119433892957	0.00606692029006262	0.00197758376352366	0.00010563977639493	0.00132306533908676	0.00450054059836926	0.00050237853423745	0.00777574715407579	0.00518392379810127	0.000254018487029975	3.70672134223425e-16	0.0115086950129815	0.00221501926019646	0.00169544072862368	0.00213161347687317	0.00713341128748295	0.0169978496617917	0.0273952543349586	0.0195468667488703	0.017626166906727	0.00510989990965409	0.00167298208035385	3.98259484895851e-05	0.000624834048376723	0.00694987127467247	2.19303371155802e-05	1.50075740501095e-05	0.000137272901395969	0.00117446005870058	0.00484257564902068	0.00115147302675181	0.00785881312944722	0.000283027667776675	0.000109942661054585	0.00164461323118671	0.0108019721283653	0.00152437451779437	0.00548874203192361	3.93999691740122e-16	0.00216464442390604	0.011228044831512	0.00369127303400305	0.00759847217577934	1.3454259938365e-18	0.00600321963023972	0.00108310508062899	0.000488950542874512	0.00561613372786132	0.0149554383108549	0.00845915542271258	0.00691362833696754	0.0332221732005635	0.00614150814304389	0.00856488363193243	9.1452029710107e-05	0.00233564484202786	0.0214151172012727	0.00170377441688956	0.00144522187787071	0.0127577249174827	0.00649711695677989	0.00319576168250809	0.00214939020677535	0.0109794400475806	0.0282535506947558	0.00388458471946656
T[T>A]G	8.50795477920246e-05	0.000149456196608208	0.0162993442388919	0.0272329728729988	0.0116552441310531	9.64795482458783e-05	5.30458306942229e-16	0.00429701129183339	0.0159149923603803	0.0116832142655977	0.0319198385762859	0.0333689048324644	0.00174629683839107	0.000140782787068534	0.00135050901761702	0.0101460710004318	0.000565573101616932	0.00543432247614072	0.000544067275800478	0.00110278495012368	0.000503233892033493	0.0142852810921003	0.00401375796086858	4.57022222860881e-16	0.00497999290901776	0.00124373562252195	0.000501683515413837	0.000207374976935462	0.155581742474353	0.103540857618958	0.00066708333481814	0.00614930629557161	0.024251820759863	0.000583096245721494	2.99734617520147e-18	0.000454052788973488	0.00287944942297795	0.000529294941268328	0.00906126673415979	0.00497663203059725	0.00103247585475189	0.0173302749916812	0.0040046045787668	0.00253060507676894	0.00256651856410371	0.0024680106323282	0.0141056745624864	0.0140151895345326	0.0208320523815887	0.0186535752109081	0.0153026938908297	0.0161050317249495	0.000122486808146012	1.29071345522992e-05	0.00208435654043692	0.00107996243020859	0.00107679030108547	2.18409135925942e-05	0.000242345673923519	0.000178225789915589	0.0101086249709294	0.00255264682556991	0.00472016732836528	0.000695185321390868	0.0200448726416181	0.0173642256755903	0.00688151994993028	0.00188061696929071	0.00178643997308298	0.000100112248038323	0.00262350671144462	0.0129616001922812	0.00401163909710692	0.0132742237697861	0.0072625576954498	0.0255088868798616	0.000990354246783298	0.00216206928932815	0.0177975288374867	0.0198817639920058	0.011571862148891	0.0118492719952155	0.0166277515911968	0.00909596612115004	0.0122071626518512	0.0448791269678526	0.00910307460854975	0.0495354594316263	0.00403008910440206	0.0122002387735168	0.013168441714857	0.00180162310319959	0.000410521415059716	0.00498575304241391	0.0350195119234293	0.0171944214256757	0.0103305817978684
T[T>A]T	0.00846251356725639	0.000756859876127369	0.0390808208041235	0.0198543534181642	0.026349150892089	0.00172517853226774	0.00235073575118666	6.94636696583898e-16	0.450426086794594	0.070487103374362	0.11606008725279	0.0420384903082524	0.0164973092762739	0.0037510698865447	0.0142713420954692	0.023140700175587	0.00234706935603266	0.0127466966666731	0.000222063733132017	0.00695771474086173	0.00198540870477822	0.0244368250112372	0.00537449923108924	0.00332235949275962	0.0244459387262192	0.00277719735224651	0.0236707206296978	0.000199061003472824	0.0788832502146548	0.0988902217314776	3.2645244452417e-17	0.00837509499716956	0.042666292413265	0.00340046861442765	0.0071562427946387	0.0100131397728163	0.00462798224408629	0.00241677246404745	0.0304527728830237	0.00248808512414691	0.00526595639779019	0.126974040380621	0.0194290035115945	0.00969715097125791	0.00483884746835384	0.00949737453577694	0.0342103635289353	0.0561489711832323	0.10719348561702	0.0571725950258412	0.10906330914369	0.013162842892594	2.5864167383568e-17	0.044240870012469	0.00548254268907294	0.00908845937792094	0.0128249246085117	0.00138473686861832	0.00131925347636332	0.00862968531122716	0.0198052520197194	0.00544112819608436	0.0185470043808888	1.94788091309587e-17	0.00549524312094758	0.00251387550698337	0.0559373931115721	0.040989373168812	0.0145926471304048	0.00154939025676223	0.0292363420336676	0.14960450777008	0.00843307139355113	0.0177596614877276	0.165635724266432	0.0199234571976803	0.332054403771329	0.00183385471927021	0.0197184196923962	0.0739036536017399	0.0579251279373872	0.0159932926616552	0.100939620679364	0.0189129036436415	0.014217541268513	0.0201373584832335	0.00537192584828652	0.0228303413478832	0.0105351328443701	0.0167419949146237	0.0577466010988262	0.00862453205926128	0.00427507794362401	0.0270498240533928	0.0931816641759524	0.0904824378762842	0.0106668132769494
T[T>C]A	0.00056959126672712	4.88945473171922e-16	0.0271375451280704	0.00505641954451487	0.0321912437787832	0.00355952660674671	0.0037613705077166	0.0111467485183677	0.0289556236531615	0.124511567192571	0.00378280259902437	0.0205604625923955	0.00135203249353932	0.0129852964145397	0.0298213686561409	0.0111373750803112	0.00023369602205397	0.124150411772748	4.7009418263103e-05	0.0142353872750117	0.00848963012877481	0.0263500685752938	0.00336919215049419	0.00159656931047369	0.0036806746168877	0.00303892402895633	0.028911769180141	0.130284028295417	0.00708882392329354	0.0370969788267743	2.0579580557053e-17	0.0033159276021196	0.0253391219496936	0.0652100489079168	0.00378758930676136	0.00136192239561071	0.00593221497181804	0.00111384172889695	0.00934831214767269	0.00186420868444592	0.0126475893750438	0.0022950489452842	0.000784888515227965	0.00633495597016097	0.0702962712182489	0.00476050037408539	0.0112789065402474	0.0134584553151767	0.0285607211281744	0.0263294913353119	0.0769996336519117	0.0151460057310161	0.000240003764309225	0.0376156531152349	0.00299835938479981	0.0147638953486955	0.00239879312344472	0.00116793791224648	0.000409500429771227	0.00189367855929051	0.00822245043551971	0.00667990967165065	0.0154165182422748	0.00734591354871618	0.00758392587320888	0.00113979207716639	0.00563257689191193	0.00551890735297276	0.00594187344560086	0.000416681036897057	0.00106476671630105	0.0183411890190813	0.00324790311136852	0.0195857269528128	0.0053378819136465	0.0140057142398297	0.0122622636871628	0.000682829365948274	0.066913717168542	0.133629734503187	0.0176416867239366	0.00728069521556645	0.00301468996505462	0.00644616906305539	0.0353149307036671	0.0652892413685976	0.00433285083282862	0.0464798185132514	0.0100881589159726	0.00688103113286323	0.100957546976848	0.0370944099708643	0.000579349141628185	0.00459634655797017	0.0476771336662328	0.0228906266394399	0.00695146627611
T[T>C]C	0.00909615754776283	0.000114572225067359	0.0192806280932004	0.00126773460583044	0.0208602246667949	0.00314913901541836	0.00125253090439784	0.00386080212302621	0.0240717022148371	0.0263405121045977	0.00576751498149686	0.0239926529415029	0.0115024170638131	0.000142607959816309	0.0353192047119964	0.0153464923104224	0.00116017615654942	0.0801974433387418	6.36248064497514e-05	0.0078546847326103	0.0176530208602932	0.00893591543931747	0.0296282130758861	0.00199025818542167	0.0151802182663616	0.00162801255284853	0.0417770919548268	0.101857771309597	4.20703919709642e-16	0.00363111687280567	0.000604888802900541	0.00818479951607748	0.0155552254009001	0.0581484741001741	0.00923196984081306	0.00256017287747585	0.00412707990272145	0.000703435590099153	0.0251995194970496	0.00304576634576143	0.0172647228881704	0.0122880482648995	0.00210603860440798	0.00584193158377579	0.0798408174983636	0.00593538373331949	0.0146892947541409	0.00673897880705067	0.0105256663573988	0.014588548277898	0.0389763226260568	0.00808334124487304	0.0755487364806105	0.0238418174496901	0.00309528745471664	0.103550538820331	0.0368082156718228	0.000936871951126394	0.000240962820477686	0.0605218359404713	0.00870348959903877	0.00631512216408043	0.0131014448930255	0.0152792877665384	0.00182951110328851	0.00318189657488069	0.0368686153496711	0.0392568691536447	0.00779923565631185	0.00227328011030665	0.00159081530579062	0.0396414461982171	0.00507438531726278	0.0172413153839845	0.00366408413305983	0.00572265301688585	0.000650187136737776	0.000457853774095996	0.010124768936944	0.0226120978122236	0.0115867811779068	0.0131404820444042	0.0483956102877443	0.0144301063656226	0.00908409395438702	0.000322783049598879	0.0010056141019029	0.0192301236973471	0.0125634053119324	0.0135583005967071	0.017485234267627	0.0349896240157693	0.117714055669656	0.00756858563561361	0.00422287339542239	0.0178975462364815	0.00764917636220537
T[T>C]G	0.00139713210507356	0.000385720703732886	0.0186028976799522	0.00548903238333144	0.0341498947360287	0.00770248548323472	0.000839109332409863	0.0106424668850817	0.0185967080599206	0.0525664808672687	6.07073455919686e-16	0.0205577178364677	0.0010108596683686	0.00147202512136841	0.0398701389065598	0.0147293774476368	0.000481975993051346	0.086721222913902	0.000319185777099924	0.0147129375767546	0.00492671156321763	0.0220341894603759	0.00569597103331332	0.00274023486053724	0.0100228900972967	0.00397962708377237	0.0378004727578311	0.0642108711098797	0.00286554469467323	0.0126666488371142	0.00120341255513488	0.00693216167867309	0.0128485105548705	0.0702323436519266	0.00380760977667755	0.00220404407903385	0.00130520029784151	0.000624943321568389	0.0122796302114658	0.00528091673727817	0.553204146738477	0.00271129581227861	0.00140460693725623	0.00442574608619032	0.0221581896231021	0.00651315963620597	0.0142177299825444	0.0101899424699479	0.0146908984838591	0.0264094995523955	0.0373169201633217	0.0113864526367889	7.32100574141835e-05	0.0542836823931646	0.00436732712198085	0.0565700733777619	0.00415958093576732	0.000862068867544885	0.00022442405624523	0.00266440339633338	0.00684673828790068	0.00387967140513415	0.015387890592556	0.20642264575801	0.00972048777561519	0.00558174148986014	0.00511591246266158	0.00541500870717397	0.00588333515571273	0.000284537043573424	8.28316213148331e-05	0.00813371647176606	0.00587671425110849	0.00515865156629717	1.98696357193053e-18	0.0243460251576813	0.000252563247007795	0.000484055882876578	0.0376823136108432	0.0233320511599372	0.00627123689449345	0.0215751582305785	0.00877976908697541	0.0076616575744094	0.0296915449940325	0.000697017589958433	0.00790651002415592	0.0717003903638651	0.0119232348552935	0.00727171241237048	0.00948527034132464	0.0567251962507599	0.00956167457329691	0.00438263689117014	0.0267515191141944	0.00760026918073816	0.00605027323345412
T[T>C]T	0.0152531800138966	0.00012379054118147	0.0391372804777425	0.00210441744136331	0.0521778101097094	0.00659976962730245	0.00224033223554376	0.00870166202498547	0.133214275587539	0.104226897081039	0.0131073642996527	0.0889375048210874	0.00949284221355545	5.80158706099627e-05	0.0551144970072235	0.0234930816377649	0.000345722385865838	0.135758869820518	0.00178121843364466	0.0104552285372879	0.00528500396267882	0.0268194099127887	0.053388495863055	0.00237536702156371	0.0108676048717841	0.00568151706919659	0.0637678469206787	0.0993167184515141	5.44988485599943e-16	0.0099386774679659	3.05756324818949e-17	0.0131452016296464	0.0468512663676666	0.139551628990738	0.00531342533422164	0.00337751308566324	0.00296918654758829	0.0014369213727355	0.0388646499981058	0.00224185465658515	0.0165370782743324	0.0183039954230573	0.00356545380165513	0.00941876709518669	0.142702357336327	0.0108878073801409	0.0283881963756484	0.0228290603684858	0.030191813661143	0.0332453428803929	0.0880199946032658	0.00826560373161407	0.00508352273429319	0.110595717630502	0.00201334746591286	0.0913818071549065	0.0317554946958473	0.00161966363827764	0.000776461465449907	0.0140006873385664	0.0619291101884408	0.0076062322626116	0.0074887574800343	0.0306156567448093	0.00217393652936857	0.000901926884192595	0.353504151371414	0.0841441453186082	0.011930504841522	0.0036142204285409	0.0380909545580617	0.209860870953023	0.0114848432499739	0.0208294999096355	0.200833564993142	0.0199508876031984	0.0076473918739157	0.00430345103980879	0.0436544498655045	0.0314521602974225	0.0525089683474884	0.0193392088312685	0.0264045719570385	0.0196224487750257	0.0255283750191915	0.0479252707071637	0.00309502254770126	0.026819986868133	0.0237884427505956	0.0349387933169701	0.00877905310748415	0.0339079967699521	0.00705955434461657	0.0221598840772212	0.100698134275722	0.0623434097518239	0.0132784417904139
T[T>G]A	4.66451931271766e-16	3.42947437573336e-05	0.0121232902951614	0.0007408380216718	0.00874361960562518	0.000236525116494222	0.000209735899962736	0.00166171173258385	0.0173316062787236	0.000303034790621213	3.78160690186445e-16	0.0903703034842894	0.00466629193118384	0.0155114400803578	0.014345581127167	0.0367468009236368	0.000164797137039672	0.00220134563718705	0.000366561684777384	0.000210852243965907	0.000537068074497704	0.0185666170267528	3.35145303824185e-16	1.7211835109275e-05	0.00133296897937355	0.00381032106865461	4.35416818684004e-16	0.000673887524237073	0.00725603196725338	0.0176296370183902	0.000461694535920442	0.000261644717841629	0.00340441493797638	0.00206474122167019	0.00245435269459893	0.0411885754054686	0.00100181848446629	0.000226287970160812	0.00429198832770671	4.39956384401023e-05	0.000503984035921925	3.4100061917914e-16	0.00856984014252508	0.00157423152977221	0.0252592537981072	0.00247235923994296	0.0149210047464042	0.00953163560482508	0.0217255693773252	0.00701057995060379	0.0475117567393694	0.00239203253365182	0.000334722509001871	1.35932164145744e-17	0.000625280108814723	0.00104081028246888	0.00395225349790683	0.000452022759456879	0.000332546962403867	0.000532087644115581	0.00440313501305741	0.0032298502509043	0.00264007078733219	4.71208721602382e-05	0.0088206885731228	0.0177796932925756	0.00346674937001721	0.0012461875605378	0.00434355066249441	0.00261802225078022	0.00432062124895828	0.00941693166430068	0.0141509655777898	0.0154062593346809	0.0378531777809681	0.0119808732240946	0.021099301724861	0.0119479653266698	0.00400756463384933	0.0712052339641461	0.00757353678847876	7.57851844901522e-06	0.00941926956868316	0.00491525399361464	0.0230824852337048	0.0920387295815234	0.000863727399624892	0.00442578770083132	0.00169555505097639	0.0850767264476158	0.0638420452761003	0.000360408212534676	0.00628712856911104	0.00139920972801338	0.0101709186638231	0.00557088371841636	0.00388095265925461
T[T>G]C	0.000119893011517306	0.00015039174136818	0.0109240175389676	0.000355690419142086	0.0114304895077447	0.00067252399085618	0.000197724375624937	0.00280559211497946	0.016254401521825	0.000171809036404768	0.00201999815165838	0.0123341122714916	4.0237499569014e-16	0.00792513859247994	0.00162747186135297	0.00141840945680936	0.000135615772487802	0.00158751989763674	4.60088459518772e-16	0.00265447552106343	0.000711059372137358	0.0108814253725429	0.000182194199370214	0.0128406144496328	0.00418379262749005	0.00482330961211176	4.52944966851557e-16	0.000571365261685958	0.00115761430241965	0.00342160917266091	1.35994666901433e-17	0.0058418719787063	0.000985820123510033	0.00258343917125681	0.00060074277072946	0.0361613696533954	0.000221563600045769	0.000192341955755539	0.00472273169079449	0.000453572572837569	0.00018371957946121	3.5472794692974e-16	0.00403141528763698	0.00154616425035146	0.0279991136914444	0.00198496881356367	0.00939809883606663	0.0114470457203105	0.0371680994471658	0.00753688134072204	0.0182834861728849	0.000592871715028765	0.014081469151487	1.41404252066197e-17	0.000308107355210861	0.00154672737433022	3.83908900765917e-05	0.000417555470944702	0.000318259076835443	0.00110870742786052	0.00623292080267326	0.00263150778345623	0.00921083367767164	0.00106828028882436	0.00855497200301075	1.95551086767158e-06	0.00443508486720404	0.00258296187251221	0.0065799284169506	0.0179305462895976	0.00176819857104509	0.00882838869537503	0.00488624627687594	0.00487815939642613	0.0267466396614456	0.00531712937263739	0.000218214043874453	0.000299402092601202	0.000567410300016046	0.0183214405672376	0.00239040730074558	0.000883537633552497	0.0100148075806952	0.00253218037482999	0.0135295364331484	1.88946768315222e-05	0.000335452244539012	0.00212220581374878	0.00160947657934952	0.0197525378938729	0.0328115190777937	0.000126132703237805	0.0120593116019033	0.0010563726955212	0.00799012570237883	0.00485241587156298	0.00201886710664338
T[T>G]G	0.0016955784339217	0.000272351669381008	0.0187132383075038	0.00633782226994471	0.0161603513400776	0.0010146172708211	5.07641035783992e-16	0.00326555297235427	0.00953773904062962	0.000249568906922748	0.00731703097997567	0.0208428658029245	5.20847052972791e-05	0.00526687813292911	0.00253172784480134	0.00808198646573858	0.000271969854276049	0.00164277968104416	0.000101644706874888	0.000337001955218384	0.000478356220978258	0.0138291610819646	0.00193104912606604	0.00937423888749347	0.00386054866963965	0.00660533006882632	0.00761072262678505	0.000263922849080565	0.0113294341291027	0.0141223467748475	0.000628036571248135	0.00898984060011501	0.0214566228460342	0.00570057434131263	0.00673795871877209	0.0189511252432697	0.000536802753268233	0.00216740937534255	0.0141873200066636	0.00221351019627232	0.00143568652245401	0.00324439301367532	0.0133854526490776	0.00250506848762398	0.0579491341796022	0.00558148554191441	0.0179985733831655	0.00997603851549623	0.0279475071814149	0.0133654249363141	0.0305815413739117	0.00847241936871242	0.052006687169742	0.00225689204026711	0.00215939964136607	0.00186031556317859	0.00351090568065856	0.000879749769505505	0.000345183982179779	0.0197252333725578	0.00662523979879982	0.00464706146897105	0.0173627268350961	0.0155502405866474	0.160867222756888	0.000263891826030125	0.00808222427833965	0.0146322491397927	0.00739693372869152	0.0540276278141329	3.20223984927284e-18	0.00628179923548934	0.00554344057214768	0.00521046143850004	1.72066220302368e-18	0.0122202756679603	0.000461726863877756	0.00175240648133198	0.00439668135767345	0.0234317368391898	0.00788250009018862	0.00130118669862537	0.053930018611353	0.00564446467804596	0.0338775079174614	0.000647200002310191	0.0038534790162985	0.0207234072829963	0.00558558439439565	0.025311736056584	0.0137304442354331	0.00317080374074962	0.0137850306445112	0.00375362910334007	0.014156310296819	0.011724092193014	0.0158031064238946
T[T>G]T	6.80151958894013e-16	6.67751714554577e-16	0.0256018222226315	0.00162753029514887	0.0329726316192691	0.0033174678237833	0.000198179365096297	0.00449081224574933	0.0284145186347558	0.000347630314079866	0.0024737987268084	0.128162299539407	0.0478057900932028	0.181943524168733	0.0601717703248876	0.0391227244024854	0.000156813669307073	0.00435203054938791	5.49046325713897e-05	0.00187590953768384	0.0203069270171209	0.0437371101450191	0.010083226070496	0.250955323697616	0.0144098435801007	0.0141577064379311	0.0043204295265532	4.69144947235924e-16	0.00126472640565381	0.0110290071166717	2.64777552484384e-17	0.0122829338904291	0.018782476351272	0.0198957598275689	0.000421032698693532	0.680097193048186	0.00290281663145203	0.0248588182624973	0.0203047638296598	0.0018023157524326	0.00353306964527213	0.000519404544246931	0.0105444298919068	0.00527254431958925	0.0585681460966293	0.0162997328270853	0.0282658238249194	0.0372980086317584	0.1035080481416	0.0262682960663923	0.145336603171175	0.00527736925496441	0.00315810706776477	0.0232333927427789	0.00231615159634865	0.00216806646393078	0.00865636230952508	8.43201559915652e-07	0.00117669273912971	0.00379624488123637	0.00732679257648787	0.00833231723500404	0.0208766306708938	0.00105837639361153	0.0874432187965963	0.0794749409748936	0.186815360242806	0.0494127904044462	5.14854186711195e-17	0.0754003906614808	0.0221785143008872	0.0245562135687958	0.0141325587974795	0.0171151127948015	0.184331180533401	0.0144780602453779	0.0137912644665253	0.00295113150597205	0.00474791695245946	0.106303296461577	0.00904055035086821	0.000845718731514426	0.0294880437343858	0.00545462893720432	0.0370833981943234	0.0276463897132622	0.000531097855929557	0.0120324925679328	0.00942573594292869	0.0795792029537252	0.0762237433924664	0.000698609417988491	0.0500901886720087	0.000464612524128751	0.0555701946685004	0.0239273855511258	0.0149397605851882
