Type	SBS1	SBS2	SBS3	SBS4	SBS5	SBS6	SBS7a	SBS7b	SBS7c	SBS7d	SBS8	SBS9	SBS10a	SBS10b	SBS10c	SBS10d	SBS11	SBS12	SBS13	SBS14	SBS15	SBS16	SBS17a	SBS17b	SBS18	SBS19	SBS20	SBS21	SBS22a	SBS22b	SBS23	SBS24	SBS25	SBS26	SBS27	SBS28	SBS29	SBS30	SBS31	SBS32	SBS33	SBS34	SBS35	SBS36	SBS37	SBS38	SBS39	SBS40a	SBS40b	SBS40c	SBS41	SBS42	SBS43	SBS44	SBS45	SBS46	SBS47	SBS48	SBS49	SBS50	SBS51	SBS52	SBS53	SBS54	SBS55	SBS56	SBS57	SBS58	SBS59	SBS60	SBS84	SBS85	SBS86	SBS87	SBS88	SBS89	SBS90	SBS91	SBS92	SBS93	SBS94	SBS95	SBS96	SBS97	SBS98	SBS99	SBS100	SBS101	SBS102	SBS103	SBS104	SBS105	SBS106	SBS107	SBS108	SBS109	SBS110
A[C>A]A	0.000426185917421767	5.50459178051454e-07	0.0190988770206303	0.0341956821754766	0.0109568563356591	0.00024710307106828	5.50966653922817e-05	0.00180490858327713	0.00577299400958527	4.52455273123593e-05	0.0412897364847913	0.000607957946391063	0.00211799750748597	0.000122107215615459	0.00422945769592608	0.0100435269301795	0.000119656416063809	0.00503187649964067	0.00173543705912885	0.000951742301905849	0.000573298212667847	0.0192099492364828	0.00191193250501505	0.00064101571768953	0.0423520280272849	0.00104107762008786	0.000505781150448145	0.000157253735496199	0.00632100742847258	0.00701040122808707	0.000637765701347699	0.0267987367878324	0.00911993964993591	0.000915682196751861	0.00565136997720701	0.00102144450487246	0.0475068866508169	0.00147220935220584	0.00807343237497466	0.0185772983436145	0.00302461418928337	0.00673367927246504	0.00744146280063311	0.0218398581127949	0.00439684816060181	0.0101970247567393	0.0100054849137124	0.0329082800802312	0.0143511992077931	0.00347954200898496	0.0024077323005805	0.00096902250546051	0.0259360890985537	6.5175472013285e-18	0.0069343079099145	0.00412055408240665	0.0769384284356555	0.000432411930738502	0.0131356092619566	0.104668863988133	0.135799051374808	0.0125958828122033	0.00394635310064888	0.00187419750894626	0.0053800432621481	0.012529968278527	0.0132350145459436	0.0587395938283479	0.00287920551194901	0.0054536583619081	0.00288090592566137	0.00784260433893169	0.00248451397856301	0.00518194416545756	1.33681976783993e-18	0.0292362764675839	0.003047946837906	0.00214047759077493	0.0107951558183161	0.0123244519315596	0.0131541666875761	0.0310231716355855	0.0112299589345182	0.0067774897003457	0.00526247600750229	3.61853846749888e-06	0.0598775046158959	0.00804276994699559	0.00965195893184045	0.00799238885628164	0.0108124446724526	0.00178311489593472	0.000277971441413747	0.00393144331710361	0.00587817396496587	0.0183133489467596	0.00703555393691597
A[C>A]C	0.00136866603878888	0.000175294245931481	0.018907127013469	0.0336744205129499	0.0107565697919375	0.000380204590144398	0.000183815435757081	0.000445653942658168	0.00171533530433421	0.00106902135624213	0.0558506853564519	0.00556108505812368	0.00213624757433342	0.00547577786422391	0.0180715646863737	0.0228594244835551	0.000564571529698776	0.00156988220245286	0.000857965140310783	0.013892157815924	0.000376670631955029	0.0043451147275862	0.00105813747503107	0.000169727257721108	0.0162151559878336	0.000655744185807758	0.00141737260171348	0.00294991391151266	0.000123291942582471	0.00546561850132428	0.000380316141790929	0.0243475858364892	0.00804733112678685	0.000691132364585941	0.00641640039584804	0.00411354655113576	0.0480293308940744	0.00051646915386819	0.0195379335590419	0.0195448631116413	0.00270652167009147	0.0120096365458709	0.0485888507490604	0.00899849044580346	0.00201423219972388	0.0100411161534718	0.0076305428541791	0.0189258121371005	0.00603476367347982	0.00726057147987753	0.00173733193722664	0.0214753514728924	0.00647338696487647	0.000158899055337192	0.00270723970104029	0.0054928518286064	0.0420597942906709	0.000530792110692372	0.0045912287943577	0.139402753669193	0.00203124024081135	0.0067633186124663	0.00179418358595092	0.000861929599656555	0.00234077356622439	0.0194839118413661	0.00192022592118092	0.00840071958723419	0.00237204896619168	0.000862079557743901	0.00518503225155036	0.00141640363379325	0.00396135105868043	0.00329560167643819	1.66828383929457e-18	0.0200679449490646	0.00122356267054127	0.0480773819973611	0.0115875387451738	0.0107596747249497	0.0260741996878543	0.0175227768715428	0.00952726254624484	0.00778801560221743	0.00504900494031239	8.22765654799225e-06	0.0450471800345628	0.00822395535532862	0.00829922462970409	0.00557095483329418	0.0135988701181782	0.00431296104874113	0.000338152985840681	0.0249290740839538	0.00235108135542885	0.0166570826008279	0.0141796959409084
A[C>A]G	0.000166284566658617	9.69422310301952e-05	0.00313831607340819	0.0246886649194649	0.00329906329129975	5.90158577972864e-05	0.000114352247200479	0.000281401537043262	0.000880055134952518	0.000546742050961967	0.00844811205107255	0.000906490501642417	0.000283326905172235	7.01043680548187e-05	0.0012531622930736	0.00140907880659853	0.000150567054646434	0.0011740854790667	0.000491648765608449	0.000685433225958932	5.46676990507985e-05	0.00239177747051928	8.58555957958807e-05	0.000119848411816859	0.00390290087895861	0.000393847576235905	3.47731611315187e-05	0.000575124050367992	0.0016137864040974	0.00220455089719813	1.46992055370927e-07	0.0212808437175203	0.00260878850994616	0.000233532870834021	0.00165879201756033	0.000898229551305856	0.0281873943996708	0.000145867659936648	0.00274367095885138	0.00725649182286228	0.000786364847574055	0.00014048305684878	0.002287845525237	0.00379150399589623	0.00230443575240931	0.00295618234387904	0.00445941327740344	0.00661865728270756	0.00228048288671375	0.00365149099283586	0.000136825987073176	5.44806402196638e-05	0.00107490799802597	1.51821275755379e-06	0.00246778284088156	0.000548704339177539	0.00305848861290788	0.000254838526459718	0.00726708640499502	0.0099119827749232	0.009028863832721	0.00670038203118784	0.0545824221603438	0.00277919765859264	8.02205709835397e-05	0.000400093256765663	0.00699806261237896	0.00160688034305743	0.000222423359209934	3.86047447142061e-16	0.000733531946125663	0.000770885017001238	0.000633160797326001	0.00700297044820263	2.61088087316084e-18	0.01716582168494	0.000374653665765776	0.000289908993183604	0.00874015837642932	0.00366178786924141	0.00259596468113463	0.0131882848106348	0.0038321656260255	0.0022301645099552	0.0384764844015106	9.5092693216323e-05	0.0246024555421691	0.00131066405480788	0.00142785802081	0.000698034052002245	0.00338380623967774	0.000459185223210089	4.52021241211535e-05	0.00232152259876275	0.000966579758861635	0.00312769780083805	0.00153992577846733
A[C>A]T	0.000585685485777348	8.82927482832228e-05	0.0106559799162307	0.0227389232039388	0.00574110166434154	9.95523556089307e-05	0.000194121259070102	0.000523174725466786	0.00222843083293653	0.00431391580541246	0.0418591531683773	0.00316102560297181	0.0156393731849443	1.04028841045443e-05	0.0121935696555115	0.0134103350801721	0.000207373804506076	0.00129193451721497	0.000315650259210893	0.066768317589021	0.00064124031140979	0.0121060135609912	5.42906433012383e-05	0.000457319241935586	0.0167405538118941	0.00044525053052167	0.000963791546816925	0.000591672054727994	0.00172007075327707	0.00390700253325709	4.07337757300163e-18	0.0154072340182552	0.00435514103919647	0.000617604519705128	0.00280655788324051	0.0049201505639953	0.0254553189149486	0.000432574139619187	0.00505543449855378	0.0115696341416026	0.0017577304813373	0.00161777320886299	0.0173157125076683	0.0147567719891234	0.00195886795001751	0.00670649895471485	0.00601967516247459	0.0132754710845299	0.00482717461837179	0.00720130830653519	0.00144366542141164	0.00633320198130234	0.00173117883970736	0.0046671302644642	0.00697992587741226	0.0030288022270857	0.0128454592505041	1.87039166048991e-05	0.00396756368505249	0.0696118105073788	0.0194223840792805	0.00728359955193075	1.19238247472635e-05	0.000341705056204831	0.00101831764142628	0.0217568643290418	0.00884345793578727	0.00529345066403395	0.0110620412082721	0.000374528047515005	0.00733723926511225	0.00333396977354513	0.00289910582591735	0.00272349265286313	0.00220132706813822	0.0179334663209645	0.00231134686514441	9.04527457346121e-05	0.00703172725957981	0.00853014660960213	0.00889575422835278	0.0178977755490505	0.0110362268384223	0.00541918565319921	0.00213672888138433	2.76628717419251e-05	0.0396968340900391	0.00895101853963488	0.00381451473687308	0.0043519867594786	0.0117592912904192	0.00362322926798759	0.000331209819754994	0.0362600142041206	0.00319058519800727	0.0141202528252585	0.00497590233502467
A[C>G]A	0.000894702008512383	2.116420632853e-16	0.0180888404007363	0.00558313370599682	0.00922202074917972	0.000273848217484333	5.33697549844639e-05	6.63265661974978e-06	0.00133866510437675	0.00132132506901334	0.0040540716016067	0.00527332371743675	2.15651499276032e-16	0.000204630913332934	0.00033944805511344	0.000127999229058369	0.000139325806956783	0.00135816159250852	0.00369018769755187	1.88566086168491e-16	6.86256300966717e-05	0.00208908165069522	0.000932875882521988	0.000153928206595658	0.00142269886567328	0.00261498966783558	0.00716591996278223	1.69280676838269e-05	0.001745902286022	0.00481370884510445	4.3814175381598e-18	0.00245900529249145	0.00739728460794434	0.000447876927952994	0.00143182483764133	0.000200640442789276	0.00236031030596119	0.000875146365985616	0.00704098057485996	0.00165779463622741	0.00137128752996438	0.00105360637397224	0.00301703700075553	0.00159465663413462	0.0381802237147405	0.00214296873246149	0.0404495253352808	0.00742650516806858	0.00763623756616692	0.00823492966870333	0.0060820920813674	0.000339157709874586	0.000317387365761678	0.00269935589105058	0.00236725575683138	0.00112378747701998	0.0011688289456195	0.00010013730820407	0.000150719420425982	0.0033863457186164	0.00381393032985786	0.00143361012771737	0.00515666549758081	0.00134491033783586	0.00260767380142326	0.000415676294577348	0.016570669580296	0.0205438989258419	0.00235790132864205	0.000334313689147436	0.00560754874199707	0.00933195256089567	0.0441650219110708	0.00454313839553241	1.33681976783993e-18	0.0134664060258694	0.000703372240717339	0.000176875538506593	0.00291177463638301	0.00943169712188622	0.00591348210497695	0.00292128395061091	0.00913144220564169	0.00194950825785044	0.00412245905440202	0.000422504151058346	0.013772578911034	0.00084833512359912	0.00303008392155734	0.0232423806568063	0.00458761291598086	0.000345162080830209	0.00052519558503858	0.000120584220744733	0.000991505511283203	0.00753943396982112	0.0032425663997892
A[C>G]C	0.0007323565629144	0.000157528417379759	0.0134068717364962	0.00287193228571692	0.00649496269216559	0.00020969278062772	2.21667154936093e-05	0.000182708069721667	0.000475819236234638	0.00356340312318015	0.00344685212220542	0.0026649691153026	2.93258748087311e-05	0.000112194740698157	0.000396192767069223	0.000361982218966121	0.000296604674601716	0.000891915257187267	0.00113165745761214	6.12682583360261e-06	0.000203872507860607	0.00301161369075168	0.000655860925189022	5.71060227852828e-05	0.00265805438027133	0.00183117358122851	0.00153973579934296	0.00089872354390585	0.00025205961302752	0.00389846680447212	3.88651185599813e-05	0.00337191083948032	0.00188537495109226	0.000494788165917271	0.00239599793330274	0.000364203481408163	0.00246713116649222	0.000476662307360368	0.00333729059606847	0.00211042914336969	0.00157779243399303	0.00194983990528162	0.00478526624169252	0.00180618790655955	0.0155582036003075	0.00157078871769197	0.0240121961139152	0.00634193763637994	0.0130592850321372	0.00499443247124611	0.00449997296196277	0.000527501307188732	3.43345397991573e-05	0.000246823171048779	0.00183332354068427	0.00175303781764031	0.000873768003472785	7.19501933897757e-05	8.81669611278833e-05	0.00120742594233069	0.00545670600344586	0.00157190313841782	0.00499808199711778	0.000537081488568199	0.0001918290122331	0.000206008474979486	0.00420301362378752	0.00216551867198718	0.00244210942502821	0.000650709711332238	0.0111957022349417	0.00410682638995368	0.0821981638188946	0.0028353450271395	0.00673859547846437	0.0066726466354417	0.000478784115860408	0.000113009836256986	0.00200942645141729	0.00720041099870817	0.00420421551733376	0.00282904881441752	0.00310444256242919	0.00230302780858321	0.00243556118765287	0.0143902185878208	0.00635752657482506	0.00064038809383612	0.00270785589534673	0.0242248196159538	0.00621210772922795	0.000339279929532861	0.000511246400378068	0.000159162606486894	0.000686420648776678	0.00650704244731794	0.00269720657202778
A[C>G]G	0.000108037862617714	2.81744151368828e-05	0.000453710479519899	0.00202573701460679	0.00306723722218129	2.51952315980723e-16	8.15884010924768e-05	0.000764020359140102	5.18184769355045e-16	0.00198139037544303	0.000522977590058615	0.00289395759934961	4.21178971371756e-16	2.90900368377005e-16	8.08595152550282e-05	5.21712235439456e-05	9.54230696645006e-05	0.000163263384773324	0.000491648765608449	6.48636775045236e-05	3.64056043570394e-05	0.00198611185431464	0.000274194996161621	4.5921298685841e-16	0.00308377254320405	0.000986220728357098	0.000748444440381761	4.34298025013781e-16	0.000487299535692486	0.00191046440992861	4.26366408073887e-18	0.00132286374759739	1.79944371364258e-18	0.000139896461675792	2.11939614239484e-18	5.6496105868394e-16	0.00131541120042917	0.000209258581550018	0.00495844266741003	0.00183852819727229	0.000480557034084897	5.99754588854406e-16	0.00056949163039676	0.000846318596937772	0.0116308732918733	0.00098954325061382	0.0227146152973234	0.00264359870029728	0.00327245707398673	0.00551216314335968	0.00269665524500166	2.88714770026362e-05	0.00760677314156628	5.204353775894e-05	0.000401386813553218	1.82901446392569e-18	0.000726944470644848	7.92726985434993e-05	0.000208506919645316	0.00142066050437437	0.00370559618233351	0.00132389247634695	0.00359584933879446	0.00288087576635188	0.000911366432462325	0.000831260133694853	0.00582121139351202	0.00329167249246649	0.00130008176534463	0.000478008103821971	7.45456001029122e-05	0.00106357399414692	0.00815542281284513	0.0345851066719264	2.61088087316084e-18	0.0107398046937497	0.000124915198233191	6.71532584602718e-05	0.00168845470096979	0.00339337573882549	0.000907511092146739	0.00126524696803586	0.00311711066467887	0.000942363567528442	0.109363952417689	3.58910165057717e-05	0.00459263061305757	0.000117620765557567	0.000862445566786237	0.00390334188479504	0.00130168780055368	0.000112474638104626	0.00018008753982138	6.80168305881351e-05	0.000210199465795655	0.00250301387244764	0.00232902222046497
A[C>G]T	0.000521626057140078	8.23343419573612e-05	0.0151978731240967	0.00273637857784392	0.00877233385928126	0.000140479048201823	7.48602902672599e-05	0.000210006802712256	0.00219432165831061	0.00309962830671404	0.00508544154001142	0.00664333547977209	2.05135837400081e-16	1.41683452221401e-16	0.000479564810437044	0.000100677724659729	0.000417086197672518	0.00152490647162119	0.00362816064599965	0.000164900280746433	0.000187750723745694	0.0131338828309221	1.72183917266063e-05	0.000319922576214921	0.00319165659390533	0.00166871546832637	0.00343545078932662	5.89794051375454e-05	6.19559337087721e-05	0.00417078048941899	4.07337757300163e-18	0.00199593700212417	0.00300566019874523	0.000726357999218653	0.00136200577350878	0.000103248892052645	0.0017804422736472	0.000568726196613233	0.00304292117546275	0.00138677102561543	0.0012026571623947	0.00266998462415181	0.00759967441980266	0.00157460497524225	0.0199063322459286	0.00184902338751205	0.0353045821716608	0.0071900839333389	0.0211416999320341	0.00633743743198249	0.0089767760652514	0.000342485802638839	0.0002960570152886	0.00265654921193809	0.00103540370725432	0.00195981320576132	0.00185665431314702	0.000330023155775993	8.76151355551269e-05	0.0016482608165958	0.000824535493047122	0.00134793872196072	0.00212117381147103	0.00427543484871988	0.00110535321083679	0.000116351543113418	0.00518939006588164	0.00192575349745864	0.00292190454827668	0.000210883080547885	0.0233585485137702	0.0159746163838099	0.0736632044092846	0.0053400782289244	0.00513642982565597	0.00942387152801557	0.00121649841938576	5.59408847177872e-05	0.00373060468639732	0.0140821808985531	0.00572131424538874	0.00108891169928924	0.00595880895425944	0.00236365142420656	0.00106421863938122	4.93786765947066e-05	0.0089174474462583	0.00089506261432045	0.00137410366246434	0.0773396682293258	0.0240468484406769	8.34958983882836e-06	0.00104198778703183	0.000530076983712229	0.00146696107177611	0.00693237342542696	0.00316368105281743
A[C>T]A	0.0120255672834547	5.79880272050756e-05	0.0130386563834183	0.00704982071365532	0.0297661272917947	0.0372689678351827	0.000100390236036183	0.00109224125213097	0.00158966525962355	0.0037288238981608	0.00637603430560154	0.00882519135632745	0.00100580729604709	0.000368335107255484	0.00475245927399828	0.0013583745271611	0.021144754797659	0.00613399141702083	0.00684639417470792	0.0105371467926155	0.00306690335610265	0.00211309433194351	0.00112683960801278	0.000602007005726903	0.00756579869007147	0.0229528917526882	0.0402827661457422	0.0021735017876331	0.00185107726108381	0.00471264295619302	0.0172616805862071	0.00868750261741635	0.0193453264743277	0.00279005056964665	0.0148606078643316	0.00101232466243038	0.00382610835636524	0.0866967529667259	0.0149790093795431	0.0719766188400481	0.00516421162277212	0.00486705283738925	0.0018624722440131	0.00516529959287623	0.00694590635342925	0.00274841680094667	0.00820962864714866	0.0258943252785026	0.0171812087124279	0.0229814278956723	0.0112741223800229	0.0187121635644344	2.54910548361988e-05	0.0763119769111093	0.00101236338460851	0.0142346413755867	0.004845532223699	0.000145148752256166	0.000300915333386994	0.00309608731311942	0.0344794759514758	0.00222913968191373	0.0052960348749773	0.00128417211019198	0.00467551249137914	0.00735886967466337	0.0350781699017883	0.0802807683258771	0.00314386843818937	0.00244749608260858	0.0447119940257111	0.00177325784677863	0.00733698098880426	0.00544327668627369	0.0138850295793031	0.0453492959586736	0.000980175900904916	0.0114588727373352	0.0226457725331395	0.00952137216956563	0.00635800610448029	0.0102833777411954	0.0220931843102414	0.00551815622841172	0.00194549651693587	0.0218349706116611	0.010458195547688	0.0047343012888176	0.0353324767172326	0.00580687798003281	0.0053374907953137	0.0120823084882808	0.000668202200498902	0.00958288642589343	0.0060111133488311	0.0185673248173241	0.0450601608749708
A[C>T]C	0.00379384643390429	0.00163450360230369	0.0142089921306798	0.00422699928367064	0.0203964629273732	0.0166158246612326	0.0181761915338718	0.0368316638511206	0.0114554524779725	0.00195637771939963	0.00329495665875247	0.00736945642358964	0.00100657143096066	0.00439569395401145	0.00639677106887004	0.00243318584413026	0.150347898755	0.00294526619208494	2.64184070789561e-16	0.0107107473215889	0.00523701567877963	0.00558871740752531	0.00197104030427291	9.25012304563451e-05	0.00477218205191817	0.0144243281582167	0.0132560096791101	0.00489985747167335	0.000284375148750476	0.00396347342440674	0.0771116920900454	0.0102903001621396	0.015060005969314	0.00332476743553317	0.00733689769513151	0.00549556780476199	0.00404309428257797	0.0922704163023468	0.00980064967398937	0.127873306439805	0.00258515264804391	0.00640168641730772	0.00419630989480444	0.00354748196639606	0.00425072405407037	0.00213746502438202	0.00431152299992898	0.0231451602394527	0.00845715319663309	0.0239218206739304	0.00478478238663213	0.0414912124833103	0.000140439237280074	0.0179026286664219	0.000570895053213308	0.0104013577179994	0.00133118567368551	0.000276441345506395	0.00019788665828405	0.00197578690776199	0.00679083468557111	0.00217170822889829	0.00179418358595092	0.000572815322111294	0.000266049277255954	0.00121867566907162	0.0173223225558864	0.00841316548324988	0.00286247317941135	0.00148290962299772	0.0436013168701031	0.00237979607761989	0.0021509569065594	0.00256262143416164	1.66828383929457e-18	0.0153362286963708	0.000505384769098652	0.00110215207349104	0.016763499796721	0.00673940590253603	0.0150569701757002	0.0101537652323334	0.00467724973439705	0.00406666820619367	0.00117904356408109	0.0171992717502417	0.00450631444917228	0.00476436658181665	0.0343410014749735	0.00393453563144925	0.00464178615451953	0.0184308524457414	0.000430016417466315	0.0178166496040974	0.00177886754115505	0.0135478697011948	0.061603957353705
A[C>T]G	0.342904051035568	6.06120641431622e-05	0.00460884131923375	0.00123918106462818	0.011020654670396	0.136265142662508	3.58153807945321e-16	0.000821511012012574	0.0021639536018204	0.00264622697707066	0.00590636540275499	0.00932024564142862	0.010520848614508	0.000542482013990298	0.024829947089322	0.0013632980730759	0.012132949003635	0.000256558300319699	0.000564280136011451	0.04398062575642	0.0883647798069379	0.00766775497727046	7.12457149986825e-05	0.000590963869814449	0.0195948079786403	0.00248156329141541	0.0212245358324224	0.0144759219985914	0.00286895564911615	0.00717608235712187	0.0130078427936796	0.000739077652379552	0.035443547457101	0.0109187242486731	0.014215190492913	0.017939160143868	0.0295086785809622	0.0230024272860524	0.0125448596343478	0.0595487959070927	0.0135999324705966	0.000318653395294293	0.000954641052688956	0.0119669334817972	0.0137613886676814	0.00805948886171583	0.0100211538076427	0.0232490816096636	0.0125256741429649	0.0139890264832119	0.00764423614040596	0.000717865623895548	0.00209486664782808	0.0237073629214547	0.00804259506981236	0.00841346653405817	0.00675970510161964	0.00119517463308545	0.00205440830677772	0.0238780879271646	0.0106277241172893	0.00660327553792097	0.00995663644289533	0.00058125956696407	0.00950679872193394	0.00295214155212426	0.0369867516927701	0.0168089519508917	0.00400988904680935	0.00729136988535898	0.00411730420544055	0.0011179345491003	0.0395690694112581	0.13729368971704	0.0331444773536776	0.0108375473638135	0.000249830396466354	0.00316250817132878	0.0182110065509285	0.0366834473323247	0.0380907408422459	0.00622830092713614	0.0310547216723335	0.00569953336365109	0.0327740659017441	7.56671430456733e-05	0.00351055011881012	0.000668052335437916	0.0480124307427425	0.0155901113043109	0.0287326669871193	0.022181103194202	0.00127470427009149	0.0407648381748779	0.0108823305375155	0.0181022978359363	0.0297329948265494
A[C>T]T	0.00438349120151646	0.00167923598788546	0.0105686358328697	0.00327594631503142	0.0191080548196315	0.0117803443919262	0.00580798438371853	0.00795814965318052	0.00850441892052935	0.035043908417912	0.0111327535496033	0.00672624724952168	0.00275068944098883	0.00506096418582212	0.00571812669299902	0.00236882412776703	0.0849764335798959	0.00252033113242616	0.000288438764100281	0.01301416382382	0.00102829489430919	0.00685246065710849	0.00064752836800705	0.000147425275341287	0.00623468282221782	0.0286956626460835	0.0101042663419353	3.97324910215774e-05	0.000616024964882233	0.0033104694457598	0.0254291435552054	0.00640800838051522	0.00502111811877345	0.00278370858701141	0.00462256592533737	0.00627102287472325	0.00130851763468555	0.0227957368404044	0.00813055591940311	0.120450980969824	0.00284012174254922	0.00509006666870218	0.00072148808798033	0.003553167098676	0.00598248774576118	0.00184902338751205	0.0104124110918479	0.0193606827753489	0.0129037897526824	0.0204266689908773	0.00689268776791871	0.0279709807645352	0.000761049376330564	0.0244660974176213	0.000883351394323068	0.00605760445417148	0.00268783190743861	0.000113054838236314	0.00020659206900899	0.00578982856541793	0.00293168063303067	0.00138735233315157	0.00135364418548657	0.00411861423781764	0.000675397376122265	0.00268649965249744	0.0157626457133185	0.00693461070308911	0.00258622909299951	0.000251372530833774	0.0428948929313698	0.00559929539111165	0.00365996090046894	0.00587933820484098	1.27163336888196e-18	0.0256213987802754	0.00085154849850427	0.00160852032687665	0.0149119309490084	0.0065935307486622	0.0132599295431853	0.00352875418738461	0.0185037940077022	0.00257662304825777	0.000931858893489875	0.0114767893486339	0.00713328152416237	0.00330845437492376	0.0386944609522494	0.00136067139287677	0.0026324863722258	0.0058919836621466	0.000422357531421885	0.0114472128927937	0.00143999450344384	0.0172865282984452	0.0374669964745737
A[T>A]A	0.000213692794428295	5.05417318353289e-05	0.00279931161693387	0.00423881145585509	0.00374192838333319	3.17204316583418e-05	0.000886479315133519	0.00107110748197426	0.00823019335389044	5.52879437526681e-05	0.0101384723337501	0.00768382045994128	2.72263840533194e-05	0.000678073714958759	0.0021798057121425	0.00104992958674949	0.000189781332979532	0.00319607129636294	1.17555765065073e-16	0.000289265082736184	0.000687975939810584	0.0154011294523955	0.000518033986973161	3.66525185604326e-05	0.00113710535846912	0.000357796912439732	0.000231860943635825	0.00192446862329757	0.0369817150599349	0.0532503397600487	3.51391837240842e-18	0.000645958342256097	0.0104356932195515	0.000885336508751743	0.0861363460888043	0.000124440328646994	0.000258383463392742	0.000164868800137014	0.00369374375046469	0.000329838809715753	0.000468773898210274	0.0790851812438838	0.00228844682533316	0.00117428470764604	0.00139078896065205	0.000880340952853243	0.00252162884935502	0.00502495298886387	0.00498552623598773	0.00486645559652742	0.00472714579065728	0.00616967079619002	0.00746978834524603	0.00225317676082223	0.000221910976550446	0.00140410987764956	0.0869615141587978	0.000185357304012088	3.74885781283873e-05	0.00261800034519649	0.0604352682915708	0.000814502766251963	0.00239918255335321	0.000460631551443259	0.00216447402421809	2.78927944144994e-06	0.00195987145492679	0.013568008743372	0.000890723010431556	0.00195495919882102	0.000719879237575112	0.0801203080260905	0.000862884266107938	0.00317407197614417	0.0355538617397414	0.00581208834154208	0.0471665418020246	8.6895955671884e-05	0.00532936792567691	0.00615808317350142	0.00493463012418726	0.00136841782767329	0.00602287863490282	0.00202603690227052	0.000769327413617655	0.00438590829757441	0.000964421227478717	0.00674140794990243	0.000741471261199892	0.00386482972427413	0.00126171243247428	0.00327128482752376	8.38179926591866e-05	0.00204608942157514	0.0170345184787355	0.020493837823463	0.00140257303789155
A[T>A]C	0.000970523855599022	0.000753945268624231	0.00598984486262385	0.00258803016300076	0.00572497731993369	0.00028722180213492	0.00049881902066585	0.000327304550647518	0.00369841665412553	0.00109417579009257	0.0180434239700113	0.00277986706517728	0.000169753501628544	0.00020456737433824	0.0120524847446128	0.00286306842125888	0.000327007165870315	0.00272958519587748	5.62522605906548e-05	0.000286008948393735	0.000462104741558975	0.00840781218024181	0.000833169400017527	0.000275675837289993	0.000653276733391334	0.000189127870374314	0.00383685612084116	0.00512017228666761	0.00665979861286579	0.007833514908093	3.83984201396189e-18	0.00149875696735262	0.0074095924494924	0.00334048119638278	0.00143286351672775	0.000563459042720364	0.00136020781679589	0.000290820517893688	0.00464765983977376	0.000668554692368773	0.00100311347366996	0.0555446558675901	0.00561191707462652	0.00112129829957843	0.00167181477064976	0.00139830198479712	0.00222833520587692	0.00450086120025066	0.00618570208815736	0.0041816750076651	0.00443945934137073	0.00303079215900787	0.00300683791219806	0.00199683504791779	0.000342276181858955	0.00152514544466878	0.00735127134213258	0.00012171655656376	3.68605722953687e-05	0.00313546947989479	0.00117637842331051	0.000884713906221271	0.00171889474868222	0.00250430952786485	0.000511602214212718	0.00385986930755897	0.00625988181534467	0.00131735966908982	0.00181406992912387	0.000178917621351469	0.000298387290815479	0.0152309289485586	0.00289131094138274	0.000362911822872658	0.0286150145082567	0.00252250265571358	0.000443541581444191	0.00011130644671464	0.00309336174019569	0.00557753645530177	0.00428446737314667	0.00210565790823582	0.0256287937278057	0.000845677688144557	0.000982198268431989	1.33699641861443e-05	0.000603700620120998	0.00595264357816827	0.00192979034756072	0.00172004445024163	0.00187842401963989	0.0133737266356654	0.00504258001217594	0.00101536409161755	0.00497767328168835	0.0203895192777305	0.00337419971882482
A[T>A]G	0.000488195563517823	2.15457150332602e-05	0.00788034381615909	0.00894548958333832	0.00741349786639403	1.14849144461969e-16	0.000430025306267095	0.00107583958524633	0.000224522868221966	0.00368852681574045	0.0190047421609461	0.00267714440708542	1.91988886226865e-16	1.39770836308817e-05	0.00106933043412091	0.000583886045757673	2.87067933868506e-05	0.0030922157682741	0.000500856194871402	0.000267810498279237	0.00029196199450028	0.00941685185214226	0.000164458127942596	6.16714383918551e-05	0.00190354817808178	0.000694768408348369	0.000220413861196945	0.000221143895536442	0.0562449723772285	0.03441882688084	0.000240714298406151	0.0013108907086216	0.00511758375191522	0.000583624908371593	0.00118780400070413	0.000176306004918106	0.00165964303666028	0.000464559557498361	0.00378967044584337	0.000528057696275637	0.000602618164778485	0.0425915266151746	0.000997867120477063	0.00195206089155611	0.00246755758696013	0.000765968373116916	0.00528366586059618	0.00750568852675227	0.00758767160895306	0.00750607609150809	0.00307816645557664	0.00372595204832887	0.00111928858198746	8.15962740436646e-07	0.00144340404879931	0.000416866075576158	0.00752650835229786	0.000209367156993995	0.000112283950473385	0.000448692217154437	0.0315536101070965	0.00087792166080483	0.00187421368154559	0.00326757427781189	0.00659807186163257	0.000454171654366929	0.0055561114453725	0.00416401324027529	0.0015636731264208	0.000277893949062051	5.23006216320678e-05	0.0242378321914614	0.00149299118619891	0.001976121366224	0.000686748737469672	0.0086337123433943	0.000436437574270777	0.000103675913641516	0.00594802926566541	0.0050412681867906	0.00302843685965584	0.00446635432702303	0.0230074753596149	0.00266291917575458	0.00218349619612006	8.09589135283966e-07	0.00343062433746267	0.013004188382913	0.00163037491130968	0.00248515751441892	0.00267305309513192	0.00187088294196132	0.000166440353333589	0.00142097170509806	0.0131491372525302	0.0139005266182124	0.00336503268270926
A[T>A]T	5.07550903306001e-05	1.22029868669162e-16	0.00323481816397481	0.00196700340683873	0.0032640782969667	0.000556495221619755	0.00176023480143015	0.0037026951275039	0.0349402569739409	0.0265358836759411	0.013496081462891	0.0118731252811644	0.0037138103052698	0.00110250361130627	0.0404109366951234	0.0126903285261007	1.60438254542562e-06	0.00181010909644263	0.000333176223066173	0.000906436345116367	0.00334057513129566	0.00761488027044476	0.000777533658708235	0.000384798583947688	0.003717467468992	0.000309115981017483	0.0120608102735793	0.000924026579673241	0.00150964150883329	0.0128203066173175	7.09030868689099e-05	0.000764099101806267	0.00791420304050136	0.0018566629239033	0.00158859741831602	0.00127706143699147	0.000849492704384039	0.000231077234565966	0.00202986571174663	0.000405400671108064	0.00284303170913305	0.251927013869635	0.00358120538462659	0.00153409346969192	0.00177782180924911	0.00124938595378002	0.00301764319278018	0.00583007352323434	0.00697208844203213	0.012750719121094	0.0457930110885558	0.00329936773597702	0.00216965343495805	0.0150746727494579	0.000265524210095088	0.00107993370271843	0.0442307671153681	0.000196833574215505	0.000106817996436237	0.00122222687825644	0.0163818821874456	0.000568586199140326	0.00195820767857107	0.000150588712248699	0.00206803854491182	0.0166280597678608	0.00391482941847521	0.00504288900251198	0.00129479349052699	0.000372227124391191	0.00509658201210929	0.0522740623331334	0.00351958840023086	0.00140064635378346	0.0329132046125505	0.00233111099748176	0.0187292518182581	0.000156696430190616	0.00504417101374597	0.00815184949101502	0.00774544711557633	0.00151393000533443	0.012999253206717	0.00209894568185067	0.000158038146064943	2.04816648693438e-06	0.000769059621320511	0.00565736579445284	0.00407715342655521	0.0013930177794768	0.00426660398873855	0.0313268865438592	0.00164443202600883	0.00694911896037083	0.0525976947047359	0.0332633928158125	0.00284853904091413
A[T>C]A	0.000291156305550987	3.2517464590613e-05	0.00841323163280854	0.00357734086401731	0.0234250811375811	0.000713536427757219	0.000223904456300325	0.00043876680109341	0.0001911527443065	0.00271111801844002	0.00507963450031552	0.0122820120740204	0.000400103259368795	0.00348350961260879	0.00988085112253106	0.00287565042051701	0.000518826718011778	0.0454992025052252	0.00101135872337844	0.00594574505593633	0.00131187592549885	0.161345170931868	4.94890545979431e-05	5.69694897113432e-05	0.000922471010032216	0.00117899943625182	0.00485501443055151	0.00928861851369927	0.0144685897355804	0.0373509581729745	0.000375787925530804	0.00261653952043841	0.010589159552126	0.0493924719257467	0.00304187793289512	0.000397196909887308	0.000818144253920337	0.00027750631255457	0.00958681549992393	0.000433000271955007	0.0067507805298797	0.00354731538497363	0.000954689487505458	0.00252663787081832	0.0453088159207095	0.00123424721937503	0.00531869015219886	0.00848077333383978	0.00982518068529073	0.0128856002031053	0.0091247858260112	0.00538106609792458	4.33448159629888e-06	0.00909755536231449	0.00057908164673696	0.0096207528653767	0.00178334138738222	0.000308928933583792	0.000178144003992883	0.00128457858226228	0.00138519767782589	0.00172564168016495	0.00460284602598649	0.0140695031522651	0.0022102022270408	0.00690277675421781	0.015894078192919	0.0445805999193502	0.00443134655359237	0.000635238636314264	4.60770189808443e-19	0.0211777755699211	0.00168626041616432	0.00295534970371638	0.0826734373157999	0.00796510106479574	0.00439116307958683	0.00012103672331599	0.0471916695746736	0.0203688298635952	0.00639236014819841	0.000820908152753193	0.0173886857376541	0.00394943579391039	0.00731450023146427	0.0195746850158696	0.00351793021499011	0.0332419274018079	0.00473379618154294	0.00365491184502636	0.00515003267292316	0.00843463301617265	0.00424844886251134	0.00534912800324254	0.0335093035597143	0.0112852705141669	0.00289296829268583
A[T>C]C	0.00132304560866288	1.84616876232711e-05	0.00644676777770059	0.00052420466423012	0.0110699425415921	0.000594434025926807	0.000169002579052626	0.000319595093673882	0.000576390959413082	0.00398158519463394	0.00424401686256411	0.0103505691323847	0.00316756630481831	0.000309583017376757	0.00802142459584041	0.00290019921551712	0.000695539239269264	0.0405912513537405	0.000122507415495518	0.00484370494015025	0.00107696257334589	0.0140130199381972	0.0106130906396081	0.000240382118166884	0.00155506685813495	0.000440556572795508	0.00336371788065136	0.00906225185887021	0.000854088580292808	0.00139558357113949	0.000123006852688603	0.00145212947887331	0.00791801264021492	0.0247689075122944	0.00181561395674555	0.000519844614012552	0.0015574383004335	0.000338921031057364	0.00566601048715221	0.000528361967009109	0.00329971611457956	0.00153873700027822	0.000626002997206667	0.00132517086028695	0.0386733138722093	0.00118207021716095	0.00436382356279141	0.00255257403499953	0.00433315342449123	0.00930577299008198	0.00597778308219839	0.0026528876943804	0.0248978954035344	0.00248836350972117	0.000287869961773614	0.0405010845862044	0.00582146810354635	8.6482479525786e-05	3.85640133770545e-05	0.00738506501337511	0.0168178601778553	0.00140954452005549	0.00245556373719375	0.00608413775716029	2.78099560238481e-06	0.00554237604935203	0.00940442565994258	0.00444834459275669	0.00189388894211816	0.000222243180414768	0.000242586770634292	0.0238192208290254	0.0015707836355185	0.00162976736081715	0.0551362476441298	0.00283967436535093	0.000231413543601154	9.78827982151857e-05	0.00399789083497452	0.00317157394625901	0.00393706123812077	0.00291967011509939	0.0352210262694484	0.00242686027078555	0.00451624421252464	1.00274731396082e-05	0.000540808302298911	0.00748786486300017	0.00333499138154488	0.00214104833285924	0.00201345815756701	0.00665923324777989	0.0205294537086312	0.0011846722416702	0.0056915091720885	0.00637060100400502	0.00326159849174272
A[T>C]G	4.53937157175536e-05	1.1153076017217e-05	0.0100547950821154	0.00360705219316299	0.0310521527769972	0.00219471852085025	0.00013699245521049	0.00103446127231807	0.00113857432093772	0.00916150288079855	0.00581811839619106	0.0138707114651582	0.00184254747390405	0.000317168101214168	0.0147287501265156	0.00756401938925509	0.000233483862476546	0.0698721814150095	0.000363332850493851	0.0093809460333674	0.000129760586136634	0.0683015688840563	0.000309181280532034	2.09326191193055e-16	0.00152283839613479	0.0016858347112029	0.013530346621057	0.00345983703442284	0.0071930447886252	0.0129478499690721	0.000319591923298439	0.00115358403325234	0.0163204993521949	0.0733033441384742	0.00549480003991349	0.000469761504636174	0.00184033030123391	0.000201697532648772	0.00611771792511117	0.00080840270680305	0.0635520027489765	2.40140066201837e-05	0.000690254094720379	0.00296281226383991	0.0166485813692966	0.00153902905255449	0.00733927079354678	0.00655701517586913	0.0127985700284593	0.0243119818087133	0.00816780734688825	0.00636609797400464	0.000458673513773186	0.0205553805287468	0.00140274458889139	0.0274297877729132	0.00211146308872651	0.0001283216752529	9.3181338431493e-05	0.000884856311701356	0.00338686838993768	0.00193290218499014	0.00538754857137972	0.156040203309082	0.00327459842251165	0.00845485902889814	0.00986688718710074	0.00599298253199137	0.00251330094486336	2.77771634847879e-06	8.49515746848559e-06	0.00582304904767917	0.00263678744924862	0.000500390660257456	0.00755423611216725	0.0118862109301211	0.000132828934124856	0.000395161845025968	0.0340268776076688	0.00596596988355778	0.00212631779415708	0.00229514626289979	0.0358249841102681	0.00469549130849984	0.00863096508195102	1.86374165518496e-05	0.00436749719622768	0.046099331544131	0.00517521042372078	0.00370918987452593	0.0018851636161956	0.021609367760951	0.00685702721187787	0.00948611664661426	0.032531170073439	0.00537226048319284	0.00338216748358832
A[T>C]T	0.00159199478063895	8.48211558887391e-05	0.00915914153549256	0.000728866020301629	0.0201635815005303	0.000168289454238374	0.00029179070645894	0.000960289147222863	0.00182626605744203	0.0329277392874521	0.00804366453028847	0.0182180232073878	0.00187363412332643	5.80265465791284e-05	0.00719468414230221	0.0032530120621971	0.000562333722785568	0.0409521223943767	0.000527254522097675	0.00292509381360613	0.000325303370161015	0.0941476062726909	0.00414862309954851	0.000330695753613485	0.00201046740036327	0.000822418691122757	4.85258321232052e-05	0.0147844235421413	0.000454095451514445	0.00392650840964689	0.000114941948690244	0.00103577847126353	0.00770174122104142	0.0224976735111447	0.00161986961224587	0.000446971578077374	0.00049842710496404	0.000257014364482508	0.00413292362751271	0.000293002715833092	0.00516456093515717	0.00186553572995245	0.000986410490112623	0.00255848821001311	0.0308070235837403	0.00160307221928748	0.00670587332349834	0.00962831234439771	0.0113566863113436	0.0120360904363996	0.0116456361230243	0.00130048056933583	0.00446097008670392	0.000130679955003974	0.000640769273371716	0.0165229856515923	0.000850591398426175	0.000323682227333965	0.00014544115974746	0.00249516793133181	0.00103844450932206	0.002350792465553	0.00303670249144331	0.00391730536415415	0.00722758333758866	0.00710992908724678	0.0111054588560247	0.00469212942073497	0.00499420227377168	1.85520713634142e-05	0.00448866228599692	0.0440528680426982	0.0021668665091435	0.00185665077593369	0.130763274754465	0.00618980975779465	0.0022858533169618	9.85860313169438e-05	0.016244069065725	0.00655560223626435	0.0111665432435424	0.00129596213198131	0.0182638376210407	0.00317237755466905	0.00609234073660621	0.00119003770814864	0.00154201820771965	0.0128348381891402	0.0049986218902808	0.00989830185276637	0.00241594691857373	0.00281703183855116	0.00186570857873521	0.00364183067218133	0.0329319196537736	0.0156041105741608	0.00359963068209927
A[T>G]A	4.59440763243008e-05	0.000125435724389258	0.00201407680725131	0.000472479058458062	0.0019571603739385	8.2931342178981e-06	0.000216136357421417	3.63153792640274e-05	0.00789833072935724	0.00230071977877184	0.000852671661202283	0.027286637977937	0.00103113834543584	1.29282863275973e-05	0.00136601139163538	0.00382271809174499	9.92139800925302e-05	0.00124257304651606	3.25131710585383e-05	0.000100039459344496	0.000157829689142716	0.00746721488624248	0.000436481666235129	0.000825503129008139	0.000329258215139707	0.00106064451436043	4.76208528418815e-06	0.000218032480103792	0.00134847251528646	0.00693734813106012	3.51391837240842e-18	0.00131235823348787	0.00270100315559586	0.00170077871963071	0.000686681623635677	0.00714085709298016	0.000169890327284105	1.77163004092853e-05	0.00172938618718554	0.000178566051930384	0.0005287210786722	0.00216524508424187	0.00142735440148276	0.000524578184177374	0.0134133877301554	0.000508739815565226	0.00184254604136891	0.00270822825345032	0.0068140156662548	0.00229407365261381	0.00477150276110712	0.000556662058107774	0.00128402232459924	1.13101559959882e-08	4.94543809747057e-05	5.20040695425768e-05	0.000107756402261051	0.000145196615625824	5.69596376675811e-05	0.000362905809255918	0.000386678775106393	0.000796096012492908	0.00186965159100907	1.86438235530686e-05	0.000133120138970175	6.68189841007168e-05	0.00421850370405104	0.00747625008886121	0.000797197187908833	0.0123108259150447	5.85814003918335e-05	0.0170744465465521	0.00223279581510686	0.00255125857678437	0.00599703716144288	0.00264345199634706	0.00417811528729273	0.000964024172223997	0.00109510988559963	0.0150699005834481	0.00174397036058823	0.000142917030393331	0.00746143523021261	0.000331780225788313	0.00214006786491893	8.31115355085437e-06	0.000352579670586498	0.00195679738106512	0.000549147020562672	0.0180317015751739	0.00256202917036091	4.66907121907205e-05	0.00162315518618587	0.00055151332740765	0.00542511492572398	0.002417165123855	0.000917141956091031
A[T>G]C	9.00890906778723e-05	6.40577626370243e-05	0.00215999923490797	0.000116571475061498	0.00214789913879185	0.000107313790575045	0.000183892710177387	0.000653206999453874	0.00113547867401107	0.00269491530913438	0.000565868858532306	0.00683137548935479	0.00108502248978465	3.23549045304236e-05	0.000864790728894738	0.000551333041077019	3.46534535009857e-05	0.000668798752921489	1.91533770722782e-16	0.00228346132852331	0.000228030380024426	0.00479049765021476	0.00058497311164226	0.0042734553207056	0.000638395821114596	0.00140177131818868	1.57394263501893e-05	0.000396019948839266	4.83350884638213e-05	0.00108143822584348	3.75006153521818e-18	0.000932559757623361	8.33604179533392e-19	0.00240097074129107	0.000941174766568874	0.0203929798089033	0.000555645103622405	8.13998436310632e-05	0.00189887894183052	0.000323348357585412	0.00026573714292077	0.000577965337557185	0.0007365639396582	0.000488509513676625	0.0106754457178819	0.000771228488631711	0.00229797092281897	0.00380711649306052	0.0140051989663414	0.00256168749007795	0.00169318886565953	0.000306102397211405	0.00323752137453076	2.50308950777943e-05	0.000402191631006361	0.000677842419852712	0.00176594758320514	1.87505309834276e-05	3.9226462686599e-05	0.000483052985352419	0.0035639920180513	0.00039662141285728	0.00192463100140947	0.00124037939272833	0.000761608752803579	7.19033050830827e-18	0.000768125672274556	0.000711012838377153	0.00113197945572764	0.008424379242999	0.000954149256369127	0.00400858235327923	5.56211411336988e-05	0.000351881179554988	0.00628134411715042	0.00106916928881653	5.78677902203688e-05	8.65447150951132e-05	0.000309469800280893	0.00230566280526711	0.000700794431435677	0.000151314185825695	0.005682973399129	0.000402041938702138	0.00116583140411729	1.01988829368665e-06	0.000114936507791213	0.000889944828305136	0.000583778376970545	0.00270445345526994	0.00115990178978944	7.41441025840029e-08	0.00519049308735075	0.00159162920937225	0.00519726158365272	0.00132316041161829	0.000476460279019763
A[T>G]G	0.000114769000940016	1.73210650267386e-06	0.00515001697334845	0.00102440272185243	0.00645429529157544	5.5385741247531e-05	0.000202192374386516	0.00101377211585394	0.000642709451669261	0.0105671301230009	0.0039759918456564	0.00516999286967562	0.000275521270469716	0.000312389611083977	0.00090301143280527	0.000830769633433017	0.000130604980927903	0.000800804675168159	7.00380628246268e-05	0.000536377948482895	0.000100024156778048	0.00493823580098031	0.000591227894915034	0.000929231816592448	0.00145694645919265	0.00129174366018044	1.95591226011759e-05	0.000166749674057771	0.00273799786787355	0.00396162601147071	3.85988790912759e-18	0.00135021737746388	0.00585569635926938	0.00213840280709119	6.54048897283596e-05	0.0089080702286657	0.000281068929533887	0.000298541129897019	0.00302872277567736	0.000941900401504526	0.000411270038443016	0.000242500827775705	0.00336123772239634	0.000722185547192679	0.0166485813692966	0.00146810598934794	0.00583182748054416	0.00422900743145086	0.012155262174842	0.0058472578436713	0.00274291986978468	0.000473739213596112	0.02731690651485	5.64374228802014e-06	0.000666812295758542	0.00133397144184372	0.0037177919990473	0.000158038216889725	5.8704168715904e-05	0.00308525006730982	0.0238366943214264	0.00087792166080483	0.00330436314988398	0.000888347379534476	0.118113628250105	1.12458836968448e-05	0.00117827918785099	0.00240607142516666	0.00121381050912808	0.0206052032482547	0.000703767654353764	0.0051507792098533	0.00128926875414204	0.00138195826285057	0.00274699494987901	0.00413491015031747	0.000284633254197816	0.000789864849710089	0.00105050551029803	0.00487182581602005	0.00156130582954212	0.000152876575219039	0.0273969281334483	0.00114366167722685	0.00460719201209839	1.18065082228912e-05	0.000292217223679536	0.00524661386006158	0.00106732652703769	0.00243515458790264	0.00111115576463148	6.54804148692771e-05	0.00309622238607901	0.00123749993688995	0.00510421307606071	0.00314860159707277	0.00378001280596344
A[T>G]T	3.10633398467826e-05	2.05754397397332e-06	0.00210183784672788	0.000100919845805691	0.00254282228618531	0.000129402034145228	0.000146607287674844	0.000327391587324335	1.52979981213707e-16	0.00923267939500101	0.000399483955155565	0.0150141637651967	0.0051413417031405	8.5880434009598e-17	0.00735056440782865	0.00278023287510195	0.000134676589635212	0.000821610130367564	0.000175934780780765	0.00543861660144738	0.00127109943048422	0.00551040430116616	0.006656968203665	0.0420056279992284	0.000872467038707304	0.0007656999976369	2.74069446909715e-05	4.01392860835929e-05	2.51365699496004e-05	0.00220094487374851	3.27005999612732e-18	0.00199939228903475	5.3123689036787e-19	0.00358632247619575	0.000160110754727599	0.0863894638938625	0.000351066032771168	0.000374439425684393	0.000382063490499532	3.09845331602593e-18	0.000425052610923111	0.00091682317990779	0.00127796062572414	0.000491709415374742	0.0158527811237559	0.00131369263105721	0.0031655668690338	0.00604508758123914	0.0239900112798528	0.00491579367874924	0.00500696562787057	0.00043879174928178	0.00285907647174774	0.000695001201527251	7.28545868122316e-05	0.00032398011081551	0.00528675477582766	5.80295159067984e-05	3.80197706174254e-05	5.22361224247634e-05	0.00118282750105423	0.000888714009135217	0.000871254527063633	0.000170099967222889	0.00120283884777251	0.00329694323108206	0.00370388764488177	0.00119603312495525	0.00159074597111115	0.00838534255832802	0.000844409182032566	0.00236394767034701	0.000547207981820274	0.000723932531933129	0.00578204982352521	0.002093062916679	0.00163450799980126	8.96722466120056e-05	0.00194553441516363	0.00488938149482455	0.00111464711296926	0.000222425274075829	0.00487377622177139	0.000434060576339207	0.00155370005827381	7.1549282610241e-07	3.55718348082043e-05	0.00424275154825495	0.0011989112071777	0.00429789568575613	0.00331092833766663	0.000174917354598286	0.00653552532591063	0.00153375255813502	0.00975774626687092	0.00201425860872101	0.00096093692647675
C[C>A]A	0.000173847086409524	0.000228676130366091	0.0239317731913731	0.0757495746214249	0.0078585312276773	0.00122576862162267	0.000433701816795139	0.00102294467472354	0.000150913355514134	0.0188080353627577	0.0434906347791082	0.00605798533719386	0.00356251185867921	0.000404908445679435	0.019718298566386	0.0115072714309377	0.000586704137230412	0.00698938048949176	0.00154636930354078	0.0160448918181591	0.0294057901401797	0.0144639669253621	0.000315625284950158	0.000330964787626944	0.0704930906166427	0.00125343344301059	0.0355883670850586	2.57585555062187e-16	0.00220450785631781	0.00802716546872457	0.000133598225957166	0.0216617985219248	0.0157930609548342	0.001713158777459	0.00637047558820931	0.00306367431826526	0.0471939826400881	0.000727622626759518	0.0104891779809527	0.00119659500928184	0.0030417330377522	0.00312324446754225	0.0291888246858914	0.056018480300605	0.00415191143379775	0.351589856968026	0.0100051015677598	0.0144078488105261	0.0101734633503879	0.00910638538382845	0.00314594122397349	0.0112248820648466	0.00675217772513819	2.79183118067921e-05	0.209850266633936	0.0169229234047679	0.0323367653492112	0.000691291867357878	0.138822488773277	0.0229245552759411	0.00778719269439384	0.0550991321295765	0.283797094054566	6.35118198958611e-05	0.00662424388135967	0.00285679397343019	0.0108439229562099	0.00713923996432952	0.0020717195025883	0.00121211117061574	9.61164747928223e-19	0.00637128962517238	0.00595811936998041	0.0057249172716138	1.5485338642584e-18	0.0259734313404987	0.00190112196740102	0.00689737086339662	0.0204750154391067	0.00801628610486335	0.0781696849700059	0.0549609979039728	0.0105459065272762	0.00729150309274127	0.00108825815614256	0.0241300945679337	0.0753189590664435	0.00852048503009713	0.00465444438852815	0.0103265589051744	0.0094834229609272	0.0164727185631791	0.000580269635300142	0.014678130634409	0.00272400514937484	0.0226413671977846	0.0104962581719604
C[C>A]C	0.00123302287164191	0.000129521705999232	0.0332673001233391	0.0924846523743929	0.00802833755151241	0.00340537645385345	0.000282811122365841	0.00171942662178688	0.00528889595984588	0.0051634034364436	0.052022089077094	0.0029956628789955	0.000279760192520863	0.00305527710041697	0.0135222537719862	0.021115672816785	0.001157210240873	0.00682319657403952	0.00132179823065027	0.0239728731572359	0.00439190181488746	0.0155255329140008	0.00153430830067889	6.20568110551214e-05	0.0230821140314383	0.000900383271182263	0.115723401820855	0.00372929022628907	0.00655311336071062	0.00825010239141177	0.000689077455766057	0.0367951773612568	0.0103161117556237	0.0022680883966546	0.00346396424917998	0.000203366105474295	0.0397208369578422	0.000454444716206247	0.0140578969198026	0.00586942255342039	0.00266008454745102	7.26984252126935e-05	0.0398257578313274	0.025069933324655	0.00129754102690014	0.0792867928798575	0.0110951459302114	0.0140380432020955	0.00848054420483735	0.015512617143421	0.00150173657565625	0.039237592170637	0.000103218179133636	0.0368322437130357	0.164594076516927	0.00965579352225293	0.00856400183343801	2.58413172099462e-05	0.0214335969346602	0.00364016421244522	0.00437209370100449	0.0225471238541298	0.00372901852455924	0.00319335425040859	0.00491351350963269	0.00951280043852299	0.00607110939944901	0.00261347995179761	0.00681060110993661	0.000321281098083071	0.00620089242692145	0.000565647309734756	0.00379563326645006	0.00499565745354999	1.91436784366579e-18	0.018890348702271	0.000885161270983712	0.00476719291097732	0.0190424502233566	0.00731342047590293	0.0918835287187349	0.0439488306959198	0.00373255821528771	0.00649718254428943	0.00224005818850483	3.49979066649871e-06	0.0678752368869274	0.0167608862736406	0.00546938113970761	0.00835625526535454	0.00969176444077596	0.014611253715138	0.00106892651842084	0.0339650040631025	0.00138632286046863	0.0122409672224036	0.00712667032832593
C[C>A]G	0.000112563462865005	5.31489999054581e-16	0.00578777002542901	0.0498560673305575	0.00793366631096739	0.00240916405911982	4.60519988728499e-16	0.000793694026415129	0.00573298170154217	0.000239340921683646	0.00801772182451099	0.00374845827798191	0.000112683080073418	0.000141193345182604	0.00589641599538333	0.0025426727159193	1.89285608127259e-05	0.00327092376187667	1.03690167505476e-05	0.00294491984869586	0.0001009408067302	0.00524624447199904	5.14865202146504e-16	5.90463523884412e-16	0.0247822835248053	0.000485829866776671	0.0152459442996847	0.00498033531007589	0.000358443443939893	0.0030285339004369	0.000249350203477276	0.0295818975942571	0.00296114697160715	0.000953525454754373	0.00072458847581787	7.26436113774028e-16	0.0279379370399155	0.000835958512729238	0.000699195747212667	3.47313994976419e-05	0.000906100432083388	0.0010347455629486	0.0046560049542174	0.0154525710560658	0.0020881313893688	0.102029744079479	0.0123269963419401	0.00367670504691502	0.00245253891825456	0.0073243763290347	0.000747927620428633	0.00394390975815339	5.65096847808915e-05	0.00797255695608134	0.129791904226614	0.0105829943932345	0.000772283567841058	0.173998459563512	0.676825691721691	1.14417490735322e-17	0.0104001389405196	0.0283019947033996	0.124708312371462	0.0129213933369178	0.00147285392847237	1.6785282026621e-17	0.00289131965552669	0.00365646700531678	0.00164145446188217	0.000844005480321827	0.00014419466432434	0.000509379503044921	0.00117026344325254	0.0290167995664528	3.35711307155234e-18	0.00750860014711645	0.000750962123689482	0.00424678333068522	0.0126391619475926	0.00403350877083372	0.0131988307322698	0.0301963327849816	0.00355896653278631	0.00284998006753755	0.0809557092914067	0.00288285102940216	0.0281257222905797	0.00168562254754045	0.00194255439701689	0.00174088926436485	0.00290509204306328	0.00827610942700165	0.00150360958188874	0.0145056221900361	0.0011592664100033	0.00556207595172664	0.00427970316491978
C[C>A]T	1.32596736734321e-16	0.000494004777115693	0.0174825493246708	0.0691269596128898	0.00732637203306808	0.00690081022084685	0.000378456035341779	0.0014270033875311	0.0199492834882512	0.000161976824797217	0.0381994419196557	0.00412192485364734	0.0206855470306954	0.006909642068466	0.0541894884154205	0.0227744239001525	0.000151989930234341	0.0015139925779496	2.61727341810192e-16	0.273158189896325	0.0215491513771317	0.00369611262282145	0.00015644491821389	0.000237234257781037	0.0369073753522646	3.48809871999402e-05	0.254573069979717	0.0236522892035771	0.000141435340288287	0.00642406637890927	0.000547699087319964	0.0155649811414527	0.0143504937323967	0.0092590895324433	0.00415735685396184	0.000326989225205358	0.048233236337908	0.000300325724172701	0.0291913088270885	0.00274997322532416	0.00304207281272672	0.00105987533289229	0.0859589443262895	0.0648252496153286	0.00243588682198348	0.181226159511024	0.00637542512140458	0.00750225553497273	0.0124869265317716	0.0203035253822522	0.0037386195044734	0.0217920450053101	5.67283122205285e-18	0.0909895810236495	0.182568563905605	0.00960993797968137	0.000956836099709165	0.000528357718247076	0.031703858648967	0.00125057019210313	0.00603705452908277	0.0192611590564441	0.00446188363992585	0.00593234179734659	3.21205594172537e-05	0.0876614202358808	0.0109219963996812	0.00241663568439493	0.00200294582749509	5.9286858637507e-05	0.00578626043593777	0.00137279569163016	0.00344633515707168	0.00348844476492313	1.65276995444315e-18	0.0188026017506811	0.00173922099929067	0.00291156290971354	0.0147764022559194	0.0132478007936347	0.041654471015752	0.0554647414847604	0.00315647223529726	0.0044572987646438	0.000797193431853811	0.0137141668445113	0.0670825656933894	0.00722896914003072	0.00266897915359369	0.00311360992858705	0.0130457083152131	0.0758911892675819	0.00118137395329872	0.0533226608350298	0.00473827512884753	0.0173418974824626	0.0098061725728744
C[C>G]A	1.3426206221564e-05	2.4516012553313e-16	0.0205281427680167	0.00734967980443097	0.00736142359954698	2.7665648369023e-05	2.12423824433242e-16	0.000410972084511437	0.000285212383958894	0.00171217942560283	0.00542277241093814	0.00112703774504613	5.11931280625817e-05	2.32378602511307e-05	0.000124648886639705	9.39797854378059e-05	0.000247783146581183	0.00172800241792777	0.00619652430296649	8.41249028311864e-05	5.87989806997343e-05	0.00493721973349137	0.00059166435514	0.000236927556756349	0.000583949499357727	0.00168074016903244	7.27524577994769e-05	2.28578172735364e-05	0.00126488207307883	0.00452100078180484	0.000153947208863134	0.0022258778325587	0.0076831107347842	0.000442261892023904	0.00594326374142271	2.17351019793635e-05	0.00286472675519277	0.00120323002627238	0.00200960855843273	0.00110974537151141	0.00168985218811814	0.000190598159232169	0.00376818949383403	0.0012448553186238	0.000569920802066157	0.00155954594288619	0.0285293985298499	0.00421569135375323	0.00832535445099355	0.00763705340432796	0.00274939464395228	0.00412224099528008	2.12806036804195e-05	5.26908983395795e-05	0.00126086476109991	0.000542401391178364	0.00125666457999127	5.82006898048847e-05	0.000130941654697602	6.6837660024152e-05	0.00317958467819247	0.00113269996559633	0.00231116167149535	0.00113576318342788	0.00311604375041433	0.000234994112542959	0.00110682842615242	0.000917242318430978	0.00193236629786078	4.83604551354139e-05	6.84349300524895e-06	0.00182872381101917	0.0206699344211029	0.00452621316604424	0.0071484535186278	0.0162394594756088	0.000543177017697269	5.59123414708979e-05	0.00265959376030696	0.00416704618157963	0.00899374583211253	0.0042247284605373	0.00267788557036169	0.0029019968024778	0.0063404414731163	0.0948642988307804	0.0113327776834462	0.00106602231968929	0.00159116562024524	0.0115327175512604	0.00314840674863533	0.000140031705715192	0.000340989991226961	4.59629503607443e-05	0.000264450355444938	0.00482626101623283	0.0120641094490006
C[C>G]C	5.28934840302672e-05	0.000477055760994644	0.0185402736804599	0.00797201481101882	0.0118594497707195	3.09561294584292e-05	0.000154367560982571	0.00106493486155066	0.00386825372605675	0.000458612654572357	0.00732063352865939	0.00240277053610408	3.08819711964183e-16	2.1329594799064e-16	0.000290265483190305	0.000177548111899056	0.0002077344527824	0.00142043682159147	0.000884839844448371	9.56061193100688e-05	1.47814529348538e-05	0.00780575009803379	0.000310830257492114	7.03612504907216e-05	0.00266150926143656	0.00212476391199556	5.12271416358247e-06	0.000391575201222487	0.00116121728856539	0.00456609465427498	0.000278912433653866	0.00550346239747175	0.00606830095510795	0.000483659333184271	0.00195721705003046	0.000140880480821652	0.00682466374970268	0.00092880069715118	0.00225411079441975	0.000983009257909409	0.000571012578055578	0.000233645211276116	0.00760309960647196	0.00170028792343937	0.000498931648817953	0.00143742968509903	0.0461685434249634	0.00565153930064382	0.0177323014676855	0.0110320950070891	0.00196091878632508	0.00791929493815693	0.000266913399931547	3.02604124999011e-05	0.00087202130285643	0.000402324730093817	0.000385136988733991	8.83577610046589e-05	0.000191853444764511	0.000364016799115235	0.000165504710894663	0.000990886202220678	0.00633407941803827	0.00109717188123809	0.00374737350100763	0.000320416182435243	0.00442235665972064	0.00182800764776046	0.00198690448713567	0.000180323397070387	0.00408846401852026	0.000388222071000039	0.071195365598322	0.00276165495359135	0.00220931066860363	0.0138198080172632	0.000152651953050909	0.000210338215233148	0.00540649022970683	0.00489277176777385	0.0182267075966622	0.00477257891699508	0.00136792618069504	0.00376752847135278	0.00883686791784599	0.0220580275391326	0.00828233898140847	0.00281590185792305	0.00221040425656075	0.00573371075501411	0.00193701325132313	0.000655640889193827	0.000387725231597194	0.000273609080086212	0.000387771741049746	0.00647315729320726	0.00383588630035625
C[C>G]G	0.000425207273210062	0.000116069789031202	0.00345882670842356	0.0069188014463775	0.0057094881833262	0.000123018907922505	0.000160252695629289	0.0015387537578161	0.000786408753713041	0.00371188519876971	2.46889988971302e-05	0.00119567710231363	4.88131446007695e-05	3.74044422798784e-16	0.000441930935852096	7.23195395497162e-05	2.30184452880055e-05	0.000483650464555485	0.00116855945148159	4.07415070701518e-05	7.65442371277345e-05	0.00440202153563337	0.000538124585535198	5.90463523884412e-16	0.00739338217685224	9.90669885408806e-05	0.000385765213292657	2.54059340321381e-05	0.000629909323905333	0.00162411196957276	3.56540446696919e-18	0.00174718105190875	0.00190623711932934	0.000109824944864553	0.000983369101055003	7.26436113774028e-16	0.00245400872290102	0.000246474723781023	0.00181493377742469	0.00112342686955775	0.000776657861964683	0.000659736054771881	0.00184123736048709	0.000911920317463114	0.000897310572492241	0.00191455735212312	0.0264149930815639	0.00211157020528587	0.00274285581567303	0.00616736702513291	0.0011777716732783	0.000985976915196348	0.00560801670283637	1.63673095135284e-17	0.00122910372224999	0.00023517765318299	0.0019093319718082	4.60780014935139e-05	0.00031278584146043	0.00313654787831328	0.00490983248897105	0.0011820247307826	0.00298415799619657	0.000945680672870332	0.000606605210961019	0.000166354134370976	0.0020617535794422	0.000128031503964166	0.00138969880463469	0.000750473431705749	4.58422343227669e-06	0.000130213955642129	0.00666525770080306	0.124706830255438	3.35711307155234e-18	0.00951698050979209	5.35393308742462e-05	9.74823789955137e-05	0.00383099389244576	0.00207426201513105	0.00390704446970341	0.00294104216088081	0.00315841872991505	0.00164267723023672	0.149430757403698	0.00146316680816611	0.00582481897754562	0.000284896506833995	0.00102530934833656	0.00191657771985865	0.00221733845715325	0.0014574488548681	0.000151084827671606	5.80405733041056e-05	0.000327344323249863	0.00569238394802895	0.00371376256238186
C[C>G]T	1.32596736734321e-16	7.46266230524588e-05	0.0253156408591792	0.00683254882185315	0.0107581395185114	1.03455414483822e-05	9.72975714245394e-05	0.000852371864599162	0.00626555203952162	3.07387932374169e-16	0.0063549977901472	0.00408151451245069	3.5987664635992e-05	1.84149109801356e-16	0.000287644681774747	0.00028336702295502	9.76408874513448e-06	0.00214711644665349	0.00754496027240915	0.000187008106260005	6.34325150313655e-05	0.014279758315219	4.45298890673624e-05	0.000251572233918787	0.00385341488057625	0.0032634337289786	1.01984555114167e-05	0.00021423294215111	0.000411447792640834	0.00449171135656097	0.00021435802436063	0.00428719666377442	0.00022323033536368	0.000810493920821218	0.00035941049281087	3.57638172167071e-16	0.00621734716945949	0.00103142271078716	0.00357828948263441	0.000509827011857491	0.000795988536658656	0.000125870446269934	0.0168792107987165	0.00223941783090291	0.00079957669020103	0.00125085453254884	0.0425028344950801	0.00711823434253881	0.0276967092585826	0.0119860739844151	0.0070963227187443	0.00706434001663063	0.000927194921014079	9.06517636590592e-05	0.00179745331150723	0.0017367357794604	0.000192208319901232	0.000153192322910371	0.000123580627123187	0.00055677523356626	0.003107833044531	0.00122943561904225	0.000460698250382402	0.00142676568084414	0.00374434563752747	0.000945464374436604	0.00381804272319035	0.00154122161792187	0.00343078797523175	0.00016006794306886	0.0136524445554383	0.00077196684395677	0.0418320144227969	0.00686228917326975	0.0047685222894607	0.0177912397085818	0.000500685040594019	9.04567055887826e-05	0.00632141821612533	0.0079678385334194	0.00892655195983802	0.0036277495752473	0.00186176770553728	0.00383875601861579	0.0064948490316824	0.045722206148078	0.00833263170046098	0.00123522613727755	0.00199682572404413	0.0263928875349537	0.00464501824560556	0.000116527221009176	0.000485139023417485	7.66873321016211e-05	0.000859119778635458	0.00885151025095724	0.00407140194354329
C[C>T]A	0.00111440575710935	0.00474942774582419	0.0171245134078691	0.0119209368534757	0.0205189116658201	0.0091595913273855	0.0476595978593365	0.0960131913473199	0.00375207186276941	0.0461769691508354	0.002895760324274	0.00913746035444103	4.12233503873743e-05	0.000117353525826026	0.00425424245394298	0.00104411656651736	0.0038638943937623	0.00849815785406594	2.13187495148638e-05	0.00268727310511844	0.00759766879422784	0.00997179269188727	0.000878402315552936	0.000558122702466572	0.0111455289296521	0.112998893887037	0.0100328903232389	0.00156632554704495	0.00145762541981143	0.00530036566773765	0.0550316906942004	0.00458820802116617	0.0152595121318841	0.00205335939181781	0.021863169445358	0.000440686739541904	0.00662631334173827	0.104216742837612	0.0403882356117292	0.0163084339115275	0.00517094729025446	0.00760790298473915	0.00497869648958105	0.00677642888236537	0.00465478250224223	0.00391270560439571	0.0090244031961537	0.0259821501882081	0.0145575999419522	0.0238265482580754	0.0091338042307269	0.0180952853360667	7.75876555238259e-06	0.00351033842620137	0.00188688894297112	0.0308083990189366	0.00113572973209912	1.06564643304719e-05	0.00028491924588122	0.0039124575614585	0.00360352840920811	0.00313892266396394	0.0124055016719211	0.00338718785829982	0.00768412218179758	0.000343275589167652	0.0185717768849836	0.00934570413123173	0.00266629410557863	0.00156136401168388	0.0173280020659024	0.002445877102251	0.00345109402840336	0.00560831096786476	1.5485338642584e-18	0.00994260495260363	0.000987595452344349	0.0308310115550021	0.0404054951181656	0.0107337391337851	0.0133574338133596	0.0143516475577213	0.0054193624332555	0.358732816934104	0.00223416534418078	0.0397814398187973	0.0110303115402984	0.00141834179683431	0.0457942624998614	0.00801524904203	0.00838814061195679	0.0127968666256788	0.000617197655900062	0.00238684336343216	0.00118119877572329	0.0109518768529017	0.0215351872638543
C[C>T]C	0.000185986713221407	0.000231052860738623	0.026561243322172	0.0133447120102522	0.0248433911251922	0.0123226348882714	0.0651643666714606	0.201893899263727	0.0102183518234879	0.00416920755444549	0.00538991795136381	0.0136677094473385	3.08819711964183e-16	8.10908919387839e-05	0.00929012589210475	0.00313250767615796	0.147878835858627	0.0004049275539568	0.0018434182771367	0.00167931783659277	0.00965348780314168	0.00488289174540901	0.00227500954368576	8.89329968648821e-05	0.00796097360517354	0.107999001847999	0.0152113675546612	0.00740120693333196	0.00471883316411227	0.00708679845779363	0.206723078232021	0.00933058220672703	0.00783602301142806	0.00425078768980885	0.0110908981708374	0.000391806343847972	0.00176537010094452	0.120638720361925	0.198749569992321	0.0338804033014997	0.00213085324173057	0.00101774625884134	0.100409182685713	0.00829045257406678	0.00334746616724452	0.00539606512438358	0.00472707114393655	0.0377640913670351	0.0145088934274388	0.0318851573071039	0.00302308217578093	0.0575404930574625	5.47559852721115e-18	0.00347657504211966	5.52756815832573e-05	0.017836396367495	0.0074914717594891	0.000217997207213756	0.000369467479975628	0.00535318229489916	0.00648228324849	0.00215977689468128	0.00483196765084098	0.00028081590192268	0.00524108125161073	0.000756182475418506	0.0186447791686625	0.0141670635563854	0.000469736409968069	0.0023873879991956	0.0482676700717562	0.000682269641741294	0.00582947640714804	0.00665379158288194	1.91436784366579e-18	0.015043828165133	0.00061045516025054	0.000281880919421124	0.0474321661796471	0.00608694500324779	0.0216980803318322	0.0192248339305529	0.00326097848763154	0.0458788031936646	0.00125611054728758	0.0212882282344161	0.00806435288547064	0.00868628387281946	0.0643265025698824	0.00643249840588792	0.00940250652575027	0.0438078106491222	0.000583876684319421	0.00683562473111811	0.00111571157598385	0.0094305853889107	0.0267285061175876
C[C>T]G	0.236763491345212	0.00660210680081201	0.00516518121791284	0.00673565575648077	0.0401269272766433	0.178132134588683	0.0138659016613412	0.0429917030105277	0.0268339484897069	0.00742377321000622	0.00350334543017043	0.0178120217464763	5.41558768456299e-16	0.00623398609930405	0.0232256171544853	0.00147618145373419	0.00189349319895455	0.000114327598066892	0.0047652265265855	0.0247544031797796	0.0378227871192857	0.00208342372565845	0.00440706059336413	0.00143766747228162	0.0346951977602608	0.0323200592162031	0.0338570740661766	0.0156452961531843	0.00112276643390206	0.00513533166622116	0.0272367994663884	0.0117403163585472	0.0268353860428323	0.00879771815102487	0.0204300954015862	0.00834318748362426	0.0288817856776059	0.0345063771024069	0.0174267651205001	0.0234308921649126	0.0143608454660274	0.0328131878045188	0.00565069557446567	0.0116003103506148	0.00914082027501845	0.00700204116224917	0.0162570321127059	0.0148567044674013	0.00747300610459247	0.0187248963938599	0.0289427822705171	0.00402782125911108	0.000214560209402448	0.0330413526369085	0.00420533467566465	0.0195197452141879	0.00433161948237297	2.37371522845375e-05	0.00181362938668687	0.00238554283453909	0.050065790364615	0.00495284891697952	0.0252363945055027	0.0616653309962086	0.000151392281802939	0.0198536165942282	0.0172938780331218	0.0200103895147854	0.00221546066510617	0.00904132303683042	2.08373792376213e-18	7.80635903227689e-05	0.0124916541262084	0.271067124618976	3.35711307155234e-18	0.00532656140289317	0.000695837472368842	0.00233038929039616	0.0259002283883783	0.0193757950464673	0.0399152142206659	0.0120776901115075	0.0167022487876748	0.0848394566183686	0.101848938306184	0.000412105688342143	0.00529569759536359	0.00129258670987374	0.0810748192679639	0.0203654937496092	0.0170624275782318	0.041241470974871	0.00726537777448253	0.00808408730103934	0.0116973330614873	0.0181565946633564	0.0331018573980611
C[C>T]T	0.000116563234465035	0.00170144241736205	0.0261103020889573	0.0160294399102353	0.0260769185349325	0.00991991581503047	0.057582231876121	0.120672796082751	0.03044112751022	0.000191049907752394	0.0167846029344773	0.0149520808533438	0.000123156722884527	0.000493546158283407	0.0118758532823582	0.00311976404853733	0.0659634678300879	0.00465208701059286	0.00170940493276973	0.00142882707775864	0.0117131276850539	0.0286485789948455	0.00198696932186673	0.00017727390789451	0.00676126833904739	0.261480097522112	0.0118194646737738	0.000402460765266551	0.00205724154829282	0.00625194817627902	0.14731221976257	0.00390489853016413	0.0154894218063964	0.00213970555877209	0.00958874077663794	0.00534781513986239	0.00062545249909811	0.0467173818442153	0.15171110483662	0.044081972956972	0.00324648048729724	6.03699287137046e-05	0.0489705498609959	0.00616107735420417	0.00833981736819856	0.0040381920229868	0.00739041837015778	0.0323058841223527	0.0132754386247781	0.0406536421540113	0.0109054813887591	0.0339790650628977	0.000808714254668872	0.00528935938823895	0.00256913470978276	0.0074100726590314	0.00420895596887132	0.000299506633362454	0.000335802148376093	0.0129406784603368	0.00483440709049778	0.00263304195022317	0.0145101918115532	0.00397992565895873	0.000813349114725497	0.000624571715073776	0.0425705096797422	0.0341534799837571	0.00239956837074074	0.00275185817299319	0.0433296920227112	0.00374802370074799	0.0024521323322997	0.00497111981275691	0.00667593120524492	0.0144794894028653	0.000632444622136881	0.00109823170889483	0.0533933394422955	0.0090922157913761	0.0261469427686468	0.00878808847507226	0.0083328076249059	0.169920360411059	0.000588271128754678	0.0134614954020436	0.0154883786244025	0.00377847454471379	0.0558812034716347	0.00498772334703195	0.00686460142293608	0.0334662187417477	0.000356680899344542	0.00298395328192263	0.00145956986691363	0.0186779980198752	0.023541171366034
C[T>A]A	1.66789746804487e-05	0.000186006610479713	0.00588000185325501	0.0094109568928017	0.00260687648409684	3.12131703746931e-05	0.000117467662516108	0.000699728942843768	0.0033449987664753	0.00145400534572583	0.0143472804686665	0.00420907865593079	1.73926177796681e-16	3.83650532517629e-05	0.000530141953938267	0.00097399084511995	0.000121622270364795	0.000490226790012126	0.000160729881599185	0.000106229532286348	0.000170451557821073	0.00310830550635905	0.000323299244988915	7.95945663250086e-05	0.000359483090509466	6.35001102227106e-05	9.48959004111812e-05	5.0006194111703e-06	0.10793495734627	0.104965399098599	0.000284595992789844	0.000783789359949371	0.0195400187366624	0.000798574020899562	0.289571945863962	0.000147108954754062	0.00118218817483053	0.000141163741462005	0.0140601355737995	0.000218360537212573	0.00058514131564713	0.0264292186682733	0.0357516247286356	0.000880708808018703	0.00140947239261173	0.000576325997208388	0.00340715336090247	0.00179283307524277	0.00277458382220626	0.00388955879330971	0.00333155426209985	0.00848904793146204	0.000964348003952254	8.48705704753092e-06	0.00042788765166576	0.00317223026116263	0.0128130970411359	3.51409611910756e-05	3.12549983694328e-05	0.000136911311109856	0.00474603884619479	0.0008153747552354	0.00218299355700991	5.21264771060869e-18	5.45232982637996e-05	0.000954418446316223	0.0055453970446161	0.00199470991569509	4.54949142822825e-05	4.74681356326027e-05	9.13806328552896e-05	0.0102949577810823	0.00143656517808325	0.00389034225455547	1.07816524997045e-18	0.0231279783468636	0.113954585859325	0.000186006930208979	0.00541470105106937	0.00913237549857014	0.00812556601241161	0.00207883766140796	0.00747227384353747	0.00168067896595449	0.000971450494247712	0.0100829297322128	0.00248772922896982	0.0292944306086051	0.000352014539580485	0.00279963171237649	0.0437498289203109	0.00102427375517134	0.00022599971575428	0.0010037074449777	0.0110373085582633	0.0115079871674615	0.00164889959424487
C[T>A]C	0.000230303987282099	0.000282125631890111	0.0199116681560899	0.0120437509676821	0.00577318154591982	0.000390286820759323	0.000261646707469294	0.000904082657818987	0.0195120049677324	0.000110924625249037	0.0333065391228806	0.00415457439344284	2.62721501471174e-16	8.6640710037498e-05	0.00332083343700821	0.000743987857158868	0.000211671347965643	0.00759491195801118	0.000397289203291536	0.00305398231239065	0.000180526589874005	0.00833727700457654	0.0455722511886014	0.00287710953355546	0.00306571352943934	0.000402464598598407	0.00645045815377147	0.000839521950442375	0.0703957756762874	0.0294661306334186	4.15674524532012e-18	0.00167724917639859	0.017731969290858	0.00185285599641315	0.00371334627813725	0.00214277122552518	0.00129122473895389	0.000774214061441198	0.0217538137021389	0.000659681258544422	0.00117534263756399	0.000688953919588555	0.0338808777073375	0.00154150566819864	0.00157306021964923	0.00196045984957828	0.00670936268894455	0.00731359447186321	0.0108584131900129	0.0155800603544752	0.00443465247250844	0.00175044126950589	1.29574134097277e-05	0.00336092966883604	0.000964408732829398	0.00376495697592172	0.000789392471766551	6.28457013829809e-05	3.27487747467703e-05	0.000573280643979463	0.00174826445646364	0.000233205800747915	0.00402132552672474	0.000773776669024476	1.22591689648426e-06	0.0011799983369654	0.00863868975994336	0.0270934093713497	0.00160237847359785	0.000555288642925738	1.01086491049473e-18	0.00178511555773556	0.000520457177057076	0.00345524329040237	0.00563856574161127	0.0196084000664836	0.000597230064012	0.000125672052092235	0.00456424343875149	0.0110499867058731	0.00903941748516529	0.00634685650397671	0.0443093400341646	0.00395842350413301	0.00163952127233473	0.000148937694661937	0.00188069710887228	0.0530353891305806	0.000983633521778277	0.000800621169216312	0.0129312991060976	0.00554123984748413	0.0023768474355877	0.00179970956432784	0.00813483881746908	0.0216202979900706	0.00391308492456678
C[T>A]G	0.000202472735107414	0.000183718026121364	0.0157461778152652	0.0342136101341958	0.0059429101857699	8.68647542710401e-05	0.000119731446510641	0.000888620972423624	0.00149222455817602	0.00174568410615173	0.0335713903429456	0.0075160613219311	2.80161982294688e-16	1.93502594845412e-16	0.00114193403755285	0.00129502446709446	0.000324742368543721	0.00203923591761012	0.000279964207333581	0.000349958853298045	6.46824176027327e-05	0.00160657115514594	0.0148792396789732	0.00098206740171831	0.00342948316834853	0.000313100337140367	0.000130566870675802	0.000162654681780139	0.228198779028097	0.0864188104124537	0.000130980424674866	0.0048110256234812	0.0752773155649504	0.0015534313441402	0.00620048253421931	0.00136423848001041	0.00193357646214282	0.000623723216659773	0.0205592915764162	0.00152599631952214	0.000605203466386706	0.00210167870608789	0.0637202213813733	0.00240946076353443	0.00231377479179082	0.00184221517498755	0.00755471198862677	0.00673091637869885	0.00687364557384458	0.0143880125091049	0.00462527056995179	0.0161703326079949	0.000338088707096023	0.000641818673463474	0.00337206399732236	0.00523152274107516	8.58165453619548e-05	0.000203680948703584	0.000157732683548015	0.000589626253209248	0.00815796653216834	0.00132417977317031	0.00314473698670537	0.00216431018592688	0.0190188882307866	0.00205415511842325	0.0018032902002564	0.00111162811145408	0.000144827467453737	4.38736048609012e-07	0.000134935982351819	0.000299250719348774	0.00286599212057824	0.00207628708459384	1.73671909254556e-18	0.0435381979178114	0.000664568379458963	0.000232542203449952	0.0126818558824889	0.010381895590033	0.0084840233438543	0.0118632463763502	0.0302098807799721	0.0045675695678321	0.00384638894800224	0.00410828931176601	0.0089281413481231	0.141608679300244	0.00135493230616049	0.0052179713548554	0.00981538329382715	0.00207803000747105	0.000396804784903673	0.000922580107706668	0.0219434643281499	0.0122024050774219	0.00595467595912793
C[T>A]T	0.000128731310284605	2.17844989737901e-16	0.0120031107479951	0.0098420694669133	0.00404127836620462	0.000107124179330045	0.000314233176218031	8.93019652976113e-05	0.0599140296271131	0.00132547410449578	0.0402833327081132	0.00497929327080348	0.000374295449936476	0.000161596882308883	0.00337017134145747	0.00215579831866417	0.000136660903855101	0.00171881265708305	0.000513315937160778	0.00120705193956478	0.000656362277301085	0.008069840915452	0.0687363105300097	0.00845372897545168	0.00191302673394142	0.000183942309772066	8.57865717282221e-05	2.28886008591844e-16	0.0653182733144147	0.0321684438330677	0.000294816427655236	0.00363747287210203	0.0347043116200017	0.00069312457159309	0.00606263533824864	0.00138127911998109	0.0015319698564714	0.000515221164886526	0.0270033165705269	0.000568508507146396	0.00112117471599113	0.000381420152284289	0.0575985088926223	0.00174844081018906	0.00236024587686064	0.0019351788165348	0.00727953055364363	0.00883617648859725	0.00993998549708882	0.0121564100543348	0.0105826922165064	0.00650904730926954	0.000183706033458847	1.20544566815026e-05	0.00104986918859162	0.00347017224646387	8.87872295047427e-05	0.000188445398142833	5.70987971521625e-05	0.000189217554194912	0.0035886560992439	0.000730136747194577	0.00650073392630085	5.94715762316967e-05	0.00492556081173894	6.23489496056491e-06	0.0118508283940064	0.00133445722486624	0.00306265236313037	0.000120484707848963	8.54074145187859e-19	0.0140082524920753	0.00288609780172838	0.00605870007709073	1.37600004500967e-18	0.0186605486565226	0.143239758519919	0.000344428494067994	0.00632471151028558	0.0269518836954776	0.0125497577462046	0.00558246329763199	0.0275667359359046	0.00353867178227879	0.00119473392699971	0.0179199503323124	0.00149780806483355	0.0146074810587258	0.00178025586223728	0.0115223741365537	0.0285518801545132	0.00266691985222913	0.000329566470389136	0.00143005020048202	0.0114479344835023	0.0291772032923326	0.00441136195772786
C[T>C]A	8.64979384590711e-17	0.00023116893926665	0.00653909517700401	0.00338533024047819	0.00979419769657798	0.000778412414519986	0.000299310243739252	0.000955879710983662	0.00729730180671638	0.00921170984246196	0.00180473656166245	0.0120384933578658	9.5159457519232e-05	0.000714262055308405	0.00942783031503275	0.00208173960558691	0.000216804888039433	0.0407624143262309	3.6454184093104e-05	0.0021657129041178	0.000367352182910616	0.0103610193231502	0.00826871066620204	0.000550151519779458	0.000256015940897911	0.00029883416454594	0.00771029026166548	0.00928989061292019	0.00568345024505681	0.00829769428655533	4.22317751566376e-18	0.00134788032208593	0.00670898777718741	0.0439892275888433	0.00428671472701755	0.00138702758794	0.00071537536794818	0.000837747776778018	0.00556262623726607	0.000398423584153951	0.0118440166286301	0.000662403320971609	0.00090398573388497	0.00104846303315271	0.0448876450334323	0.00125288299387324	0.0050624506072956	0.00445151099676175	0.0110450463179302	0.0192042162548823	0.00947928363665338	0.00238501835666548	0.00192869600790451	0.0099953576616957	0.000681428417669796	0.0168430321009351	0.00174807229932078	5.91440314227366e-05	5.10709204125497e-05	0.00059517546033075	0.00324688088989207	0.0015973330109435	0.00597513125919052	0.00797772082780785	0.00308458735292679	0.00270284887738302	0.0104138912572589	0.00315292914747404	0.00142302785213565	0.00062865755104735	0.00151888330611652	0.0074734170608731	0.000870891793091124	0.0023857584178275	1.07816524997045e-18	0.00358405212295574	0.0053289967126307	9.06551251921767e-05	0.0236422003647527	0.0253870846929244	0.00428648479497808	0.00236479326641288	0.00140374055903692	0.00215254466579048	0.00466015736815336	0.00743291345457746	0.00148160377348224	0.0209143868428603	0.00242826541241369	0.00187849869682126	0.0718519446211906	0.030150232802878	0.00103063642683585	0.00275506265483657	0.0242648595502658	0.00436741808109761	0.00204210153044122
C[T>C]C	0.00146503732967574	3.29522534553098e-05	0.0162201786196426	0.00232977473527432	0.0115686104195697	0.000729574602370107	0.000259642047415315	0.000792723796134847	0.00521290904196985	0.000121293962910694	0.00798444416964765	0.0203083041754892	4.85386809892932e-05	0.000101352604866403	0.0116380211462927	0.00274112880947971	0.000711893988364231	0.0674048432883353	0.00014172345674676	0.00552822563059451	0.00159070694139166	0.00463669653345324	0.194666654572724	0.00829737854751432	0.00246459273876065	8.13314126123658e-05	0.00480797938354353	0.00344106278685962	0.00171198480609521	0.00178701578870961	4.15674524532012e-18	0.00200911209442903	0.0121205866038775	0.039868349231296	0.0075588412821345	0.00415856236893608	0.0016850023793348	0.00137505209721142	0.0102170755657848	0.000940806659610026	0.0356631091590275	6.80817809723837e-05	0.00207392052059747	0.0019849534012064	0.0295626913860575	0.00225161754137132	0.00824084759393791	0.00543036140444503	0.00697642887777078	0.0181133690449568	0.00729840984728301	0.00318539644522531	0.112464360143892	0.00330922374249134	0.00266139791639479	0.0951507308460244	0.00868193308603029	0.00027725979525839	0.000113485335804375	0.0189664896008478	0.0834238752904324	0.00132251135525998	0.00363706593878062	0.017970228356707	0.0055511233356462	0.00319835343879612	0.0059776062102249	0.0115420347992037	0.00559855552942683	0.00301411784605447	3.28531095910789e-06	0.00975680849459752	0.00302434705685578	0.00129037782939309	0.00281928287080563	0.00466790344642758	0.000363531636626667	0.000129369408935058	0.0046558210680552	0.0108407725932831	0.0153534292714774	0.00821846494729385	0.0642603597662637	0.00521139503961833	0.00233513579421698	1.91567157243905e-05	0.000901664239327831	0.0384534626942739	0.00368278967733548	0.00144064371445267	0.0240847015832776	0.0323542992594217	0.0121010555204678	0.000813151713702086	0.00474379254232228	0.00885557478007333	0.00362455543567553
C[T>C]G	0.000224970122212176	2.74953154445969e-16	0.0120482123732691	0.00578999599849426	0.0246731612391444	0.00401844175864555	0.000111179429260127	0.000734647641611574	0.00336953792251796	0.00136017794456856	0.00153260683144275	0.0217979946792889	0.00131925136633162	2.20523227458961e-05	0.0185560894072219	0.00427987175447117	0.000139480140069956	0.0540903637842476	2.75021257701954e-16	0.0049347542984986	0.00109668092473466	0.0149894720809764	0.104754645672378	0.005369181490234	0.00173076735613007	0.000530353871489637	0.0277057295180868	0.0187378378195426	0.00275740185043958	0.00445607130734112	0.000385994748924136	0.00403628812312233	0.0160368204214845	0.107241276733715	0.00797607452939964	0.00421458586707028	0.00381832555145527	0.00134945228359738	0.00490344570410616	0.00199137108363184	0.0505389582918917	0.00145680470608014	0.00170796487747634	0.00208294443160266	0.0143887857665489	0.00262877836426638	0.00863236932297892	0.00604111738387261	0.0109300497505576	0.0323362588912581	0.00825729306948875	0.00386351557929017	0.0105652780919825	0.0372740372823793	0.00154264542930132	0.0613183130581845	0.0045701674958063	2.10792741186613e-05	7.34274945785455e-05	0.00276530291709517	0.00366608008466486	0.00132417977317031	0.0080905495810039	0.217558251506198	0.00112805798393088	0.000621414479795445	0.0116025679086663	0.0076829337722544	0.00170875062389504	0.000668185789725989	0.00391121499973557	0.00140750373898137	0.00060943826446379	0.000627320008598119	1.73671909254556e-18	0.00956085358862321	0.000359974239119864	0.000142094801178058	0.0174824425749278	0.00329005274789731	0.00772663727494687	0.015962837557724	0.00924583014475911	0.00318072489272757	0.00970563539537748	6.04238011987021e-05	0.00380380042011139	0.0366944706047845	0.00422246660422816	0.00137711870409686	0.00322864642276053	0.0704230467935861	0.00690995235637901	0.00468628290245373	0.0302540914988971	0.00404133560716902	0.00273666529353835
C[T>C]T	2.10883990452694e-05	0.000181705189758696	0.0149330044062354	0.00213522895811189	0.0140035003950085	0.000760043474399589	0.00154152101823657	0.00456877212814156	0.0530245298381669	0.0457576456982926	0.00622560599026534	0.0368961110152388	2.4287512342003e-06	0.000562826367500664	0.0193465963261188	0.00485202218630288	7.12657412340729e-05	0.0525956533289028	0.000109926093083021	0.00180183149827589	0.0010939371288352	0.0191550601142691	0.405002324397446	0.0198592090616549	0.00216696811869859	0.000329914977383656	0.00580319378598116	0.0223720401924065	0.000580607022168066	0.00285724438973163	3.70057530416003e-05	0.0027508386370033	0.00849591848841641	0.0599196259242592	0.00435437926226599	0.000492165224664911	0.00137722565313745	0.0034516477775422	0.0120208310675955	0.00093465157219619	0.00307321885475265	0.00226290515049347	0.00275848286054863	0.00192685348374625	0.0577458089416325	0.00350136135945585	0.00756120561008417	0.00630399024597598	0.0117508563508323	0.0232541867568949	0.00924370608296058	0.00278590707494594	0.00855184641310282	0.00673647937845946	0.000471657725252719	0.0923451392253462	0.00636583991121156	3.52231471578341e-05	5.24854598127587e-05	0.00124938178201774	0.00658250684353706	0.00199593547491703	0.00409221585357311	0.0240247790845822	0.000644184200980107	0.000210859233363369	0.0269135630317225	0.0289474512732988	0.0100712558606882	0.00191680333151317	0.000784537136434903	0.0224547501730446	0.00155172831278307	0.00526521949492505	1.37600004500967e-18	0.00403538259312457	0.00906080855594719	0.000122291337521289	0.0134075521920643	0.0162865228733712	0.0139974192156208	0.00501029439577946	0.00262752996534729	0.00344034380374953	0.00273907655384392	0.0113460189379592	0.000606496368643244	0.0158360268895582	0.0033709305280045	0.00226924903126382	0.00871274775076219	0.028914319251325	0.00211761650525374	0.00437038453048428	0.0977375594618663	0.0126680053477267	0.00315179760184741
C[T>G]A	1.37698511896728e-05	0.00011711496142022	0.00323622301529546	0.000568578774963677	0.0019072909869522	2.31989779811908e-05	5.59101371996051e-05	0.000224287840307334	0.0031618432033092	0.00133660123786738	0.000921246666972105	0.0228467755488791	0.0001208997518951	0.000122831480860195	0.00851639465847529	0.00507957076299301	1.46531265377525e-16	0.000801780497837827	3.18397304104326e-05	3.32249872048974e-05	0.000100899291186325	0.00383454579864032	0.000230927819325052	0.00174313715953434	7.36211368771809e-05	0.00047205254334133	0.000634616086988236	3.51416711447347e-06	0.00414031745663067	0.00659859808125879	4.21702128021818e-18	0.000849104843164508	7.43081655417868e-19	0.001201244360817	8.75206255153707e-19	0.0153413685796592	0.000473481188910029	0.00013060954785677	0.00134458556512624	3.90399892052464e-05	0.000571022519287109	0.00118206667511367	0.00252164520285406	0.000334110154644219	0.00233415762790482	0.000631581663558327	0.00365544808578495	0.0011136970537459	0.00373183599405798	0.00228996251786779	0.00319350620985645	0.000586148419346165	0.00193578670822249	0.000160199361732842	6.26176601931404e-05	7.55292919324446e-19	0.000125384861163329	5.46572400205148e-05	4.4739779717197e-05	0.000634191637071927	0.00215940930850418	0.000536676857383225	0.000881479823237829	0.003051128530188	0.00121760042621811	0.00466782883375628	0.000121495402338194	0.000404572065758512	0.000653299203247554	0.00231008400274361	0.000600410575857633	0.00388698550320418	0.00276169079814724	0.00396635856000013	1.07816524997045e-18	0.00505985282171032	0.00998757116094205	0.000444526586762125	0.000713463742962236	0.00800522852885024	0.00151721990861693	0.000237556413210005	0.00442206812868352	0.000466736652018322	0.00295447317654186	0.0268085366495091	0.000380756117805991	0.00389461930363859	0.000160355294871645	0.00957985449426648	0.0349423364968754	0.000607261292857889	0.00243860537871395	0.000338526366966549	0.00306107073710836	0.00297599368338105	0.000648866955449839
C[T>G]C	0.000124235369922186	0.000179218634897748	0.00787517641047732	0.00043535160402756	0.00512800904175157	0.000555326646390286	0.0001724268122019	0.000747424700147803	0.0081251485024674	6.79464494145395e-05	0.00222423783128994	0.00983559055773297	2.62721501471174e-16	0.000939965757146912	0.0027324628405095	0.000598671074997894	2.21340539648132e-16	0.00154610650568557	3.27603711648842e-06	0.0012526497723714	0.000116158902669427	0.00157969457493937	0.00117024995140859	0.0403309139581428	0.00199371520323266	0.0020872228294007	0.00159270563099421	6.6383893006754e-05	0.00112428860541453	0.00320143780113794	0.000137714736826613	0.000789293941033355	0.00324337913695211	0.00631248774457433	0.00050348163503559	0.0350779480567507	5.20992220620639e-06	0.00021422930079668	0.00147431039105787	0.000456702409761531	0.00112439510359656	3.74112756828445e-16	0.000531827135265697	0.000597597349349341	0.00322748634772772	0.00136844018051317	0.0076990984197931	0.00290952880908957	0.013031640094573	0.00427458791458544	0.0033503179385904	0.000766327175547959	0.0077761078797858	0.00261635481786391	0.000260575404595918	0.0020536128959573	7.12101151098454e-05	5.72074709814379e-05	1.70115230688476e-05	6.62218272450553e-05	0.0030037290712109	0.000782401659619612	0.00378898279005134	0.0199786649908436	0.000519442163968536	4.76213766028548e-07	0.00111031469482643	0.00126354929793752	0.00255989771098059	0.00449416801827464	0.00217222031280947	0.0038941493144148	0.000168117124713647	0.000762617455390757	0.0037590438277408	0.00356501256475118	7.79191523487206e-05	5.20729538573025e-05	0.000486131063503813	0.00825981566614282	0.00211127663339401	0.0007822397429892	0.00764250094932849	0.000729149109943365	0.00401047171553292	0.0064728788323805	0.000411632303497837	0.00528465482964459	0.00168910687389648	0.00670523335276911	0.0196108130645491	6.10866805593805e-05	0.0163352801281877	0.00268900479938904	0.00649467473420349	0.0038351035535888	0.00139598769217996
C[T>G]G	7.99895295168536e-05	0.000149193527118495	0.0127639476201071	0.00398983279078291	0.00727146495783825	0.000697940027436062	2.38238581744827e-16	0.00129821223867213	0.00184781141931349	3.75379641034258e-05	0.0057168670418272	0.0200994488120621	6.72137491155416e-05	0.000417506254111602	0.00870838302341333	0.00396935135430883	2.3603399037669e-16	0.00085763638071901	2.75021257701954e-16	0.00048022773397672	0.000214602063026393	0.00349390375706455	2.32758690713908e-06	0.0187647416074227	0.00313033827230183	0.00141640618558907	0.0028767259100315	2.61561283244224e-05	0.0109073588748913	0.00944566410746656	6.4655736838219e-05	0.00290765734625252	0.0141219761920534	0.00757638433085323	0.000567907423912942	0.0262353699690223	0.000324216216149168	8.34258071409504e-05	0.00164914057671548	0.00117967091367316	0.00135191731427433	0.000783188492060099	0.00696324083381966	0.000998687538489816	0.00545183094049083	0.0016455741188261	0.0109210028828785	0.00252105359140365	0.0096458680351741	0.00680592480998983	0.00450667290045599	0.00616426089723989	0.0531119381152274	0.00382665367258179	0.000641779768923491	0.00194661311295821	0.00541048841623045	6.83316519303563e-05	7.61465784606494e-05	0.00418223376264014	0.00741974559784748	0.000856948638965906	0.00283979258050245	0.0249121105566653	0.134320891444884	0.00574905178084898	0.00306140025965493	0.000905627659765684	0.0021046814474052	0.00819104081218428	0.000850163738555318	0.00187727992942116	0.00193262104661097	0.00146982459687432	0.00400858385939169	0.0106619410989546	0.000221522193645506	0.000405008383677302	0.00258782766599321	0.00353125525289913	0.00275706882192058	0.00131951359024277	0.0365504492989032	0.00204998247792709	0.00936233299876029	1.93208488557968e-05	0.00175872564819115	0.0324188706540998	0.00140792901051171	0.00327509946655328	0.00181456843866807	0.000664493325515323	0.0214701577983706	0.0036724972500294	0.00665702762713879	0.00569283044192836	0.00453858512241376
C[T>G]T	8.46654668711402e-05	0.000198313183796932	0.00664424151760209	0.00100088805277563	0.00686077490076605	0.000777997591647932	2.2430656015308e-05	2.93499359020635e-06	0.00418290988319499	0.000179803299394313	0.000553173224099964	0.0633626214727374	0.00129410733948155	0.00361175526995328	0.0301646510670367	0.0060560932122938	0.000112196368903325	0.000394180831321522	5.44747369624744e-05	0.000841437268692013	0.00155651590047233	0.0031389581040927	0.00504826846470288	0.596861487215902	0.003504393985763	0.00185629830664069	0.00429772759508536	0.000190729061330632	0.00128903391370896	0.00314263936584875	0.000194185921295008	0.00356927035517566	0.00810715477923565	0.00842113640632001	0.00160777075297629	0.135445861257081	0.000593444627068519	0.000223094298331204	0.000826649828474643	0.000579655127437225	0.000192201379884205	9.32595459078878e-07	0.00235078218970847	0.000954506152809324	0.00470903319848547	0.00564153810577606	0.00434835307304248	0.00400742884913929	0.019490399134813	0.00904417900933859	0.0123327718408947	0.0029922703709433	5.66382376862249e-18	0.00033551309043441	0.000570376583559353	0.00192787347025769	0.000124980876311138	3.41825815106307e-05	5.00630539752286e-05	0.000426419412647701	0.00228008471499024	0.000736108103594618	0.0020536577451764	0.000791299682627405	0.001111311931174	6.94131163097375e-18	0.00571497916647448	0.00048553687595253	0.0175008713543952	1.64225169340908e-05	8.54074145187859e-19	0.00233251037974055	0.00209595075056896	0.00183223343333461	1.37600004500967e-18	0.00391013655913109	0.013822539780916	9.14887953544769e-05	0.000534709346454208	0.0418940847999999	0.00243070249623739	0.00101879346810751	0.00263593236431078	0.00131845914992696	0.00137230657207902	0.000697154043595443	0.000522915815420546	0.0071482009222385	0.00100553542295023	0.00483141423301031	0.0119793656128622	0.00529789748845512	0.0196946986418004	0.00329119752584931	0.00326344206165507	0.00802993892010783	0.00217510314724196
G[C>A]A	0.000896059373664589	9.64536596980891e-05	0.00771877437508252	0.0301897985909893	0.010980426619747	0.000292705788363026	3.93632425929477e-05	0.000681321660546177	0.0014796448546263	0.000221794449827554	0.0267136484542861	0.00991678057331346	0.0013796885094527	0.000578232976538155	0.00969079280507766	0.00283222440018564	0.000159434102053459	0.00259878874977559	0.00106688567012474	0.00208391051308899	0.00163967733225426	0.012187754359507	0.00193836996798089	0.00124053885374235	0.105683649552418	0.000786716340870698	0.0104042429225082	0.00252713522852364	0.0027547174082962	0.00372053323339976	0.000303472123781151	0.0539905369369188	0.0146623929198702	0.000613375587692387	0.0138119214310682	0.0002396278896878	0.0860543931710082	0.000909333385942771	0.0130705973095736	0.00442964086032106	0.00505664492206962	0.00458082998290903	0.00980683924699804	0.0691754928986992	0.00267724889982856	0.0112709126080806	0.00693673456999244	0.0108178210629193	0.00448266156745679	0.00421369785644204	0.00415717775509123	0.00759354708015671	0.00964006062532764	7.68419727794661e-18	0.00677557265573401	0.00794968205537266	0.0148508363521405	0.00044839827551923	0.00486202342969554	0.0147256076147962	0.00447391994981307	0.00805056887303734	0.000373604320737697	0.005309372353116	0.000922335534857838	0.000254421756983636	0.00239770341512631	0.0032216658226025	0.0973934544901768	0.0005405277217946	0.00264475948105439	0.00218940244881959	0.00480143156375627	0.00483635660842835	0.0136420580289032	0.00726705181269308	0.00158316401824492	0.00302081353936301	0.0100425181206255	0.00281515905675481	0.0138294410377419	0.0633546893810119	0.0070270863478596	0.00267052401833068	0.000942435330406387	9.83920615767624e-06	0.0433893715506338	0.00604522080188374	0.0147543266019389	0.00557042942759708	0.00452003942172636	0.00231457774176142	0.00165761007775165	0.00859899797224034	0.00918015760548248	0.0168409923992648	0.00952685456127494
G[C>A]C	0.000226246702283895	2.93642737535004e-16	0.0138863558328413	0.0391250892446294	0.0096913311560744	0.000736508031510464	0.0001575542124661	0.00023107572952031	0.00123048108372904	3.44956665252091e-16	0.0340347137210834	0.0100979418278613	0.00059174822977733	0.00237371418777074	0.0100719084312091	0.0344994006405178	0.000460527374284366	0.000644088093503604	0.000596665777793482	0.0264098920744133	0.00209809548790338	0.00707966115946951	0.0016403240968732	4.0668408218675e-06	0.0197392370707882	0.00030936141440292	0.00640527958744209	0.00982509999032567	0.00248033767256589	0.00391186291735241	0.000573309771149416	0.130749545230922	0.00826948180402719	0.00096921922469689	0.0186618626154473	0.00184381106558466	0.0941769285496248	0.000560584255243	0.025244429313504	0.00418411393174375	0.00130617718577507	0.000897814649293267	0.0586973597184057	0.0230870150171141	0.000971431914614779	0.00694129421149194	0.00824621004773394	0.013795796596171	0.00583759030537557	0.00787908234249626	0.001144672472842	0.0310619029264526	0.00206151402581917	0.00550005616211567	0.00605141030255974	0.00389799676441054	0.00547911244911945	0.000242786447798878	0.00180071739342482	0.00925032531634051	0.00438297311776078	0.00841614825367805	0.00350097771355266	0.0109913124785193	0.000243740333085117	0.0101272779407251	0.00112267642532718	0.00149436553105464	0.143544055356195	0.00106548617997969	0.0117759082385932	0.000902437337966643	0.00423450875890158	0.00373883654172242	1.85477031420857e-18	0.00759821688591298	0.000798458284220552	0.00592063805280941	0.0103447854647426	0.00251213463793567	0.0356704900677979	0.0515771547800271	0.00566518637745048	0.00286728691672624	0.00310221664844796	3.83769061235704e-05	0.0477084559998602	0.00819728007170386	0.00618017866825125	0.00660179053645554	0.00786932515895163	0.00462207370589504	0.00896339868332402	0.0633274679088556	0.00152522135679786	0.0128387957124873	0.01305714586463
G[C>A]G	0.000690815316724606	3.22753098451584e-05	0.00321246916950126	0.030332537209647	0.00522731985350993	0.000507827559042282	8.55062654024994e-05	0.00013819736861568	6.49125906939479e-16	4.9868255181015e-05	0.00627642778205733	0.00045582085646767	2.48425066119942e-05	0.000139854095879386	0.00213146220131207	0.000212098347222605	2.78315985144018e-05	0.00121746924698109	0.000382595957088853	0.00230771720348846	0.000600273328174703	0.00399487866173974	0.000239532847137531	0.000238355714440487	0.0152106317723753	0.000411141418144236	0.00313856028550553	0.00414138476207681	0.00133061939207029	0.00146866212074138	0.000222372887980236	0.118701676018957	0.0014829999321016	0.000331037553846343	0.00432575608003753	0.000125923542750454	0.0422985846208543	4.44309410047033e-16	0.00201249394066393	0.00178745696609903	0.00081375704547901	0.000767904222219934	0.00104535601617769	0.0102412949849149	0.00137801241003636	0.00267019281934442	0.00947783159037944	0.00782592197916817	0.00196381550929556	0.0028580383886008	0.000614195566944763	0.00216640736212466	0.000380727984936213	0.00125645416958376	0.00389214894663245	0.000916476703226066	0.00217387177010845	0.000914395733993809	0.00874491711701132	0.00052507295755138	0.0100850935254294	0.00819077195784317	0.0911666157671045	0.0119728942181083	0.000172782998531357	2.38236032307044e-05	1.72870110046208e-17	0.00666096051299491	0.0237422612249476	0.00084612829845692	0.0015501544468636	0.00114325950437751	0.000458910458918154	0.0117105538146433	0.00188726444695384	0.00373540506640345	0.000416613470739667	0.00010510847360883	0.0103872992203572	0.000770367510130354	0.00364490720338034	0.0311536634126165	0.00162452395100815	0.000911256503614486	0.027444994055545	0.00013951625766865	0.0240309244784124	0.000693823260148603	0.00508995874209126	0.000719080161407869	0.00132912669728997	0.0007032725792022	0.00275127944141979	0.0176747921651869	0.00114518750627336	0.00336600440827156	0.00523262986062311
G[C>A]T	1.3913996884071e-16	6.30413784492221e-05	0.011912506142243	0.0222870867806066	0.00807881590774133	0.000927796701476664	2.37910709037954e-16	0.000147731961375588	0.000562885160957899	0.000107518853494986	0.0326749113094489	0.0120996135914569	0.0139271732377441	0.00243718051462402	0.015274544301328	0.0127406211107126	2.3570915170962e-16	3.97123850890705e-05	7.60834682176608e-05	0.138909033814089	0.0143396558673591	0.00903426552543234	5.63123860970938e-05	0.000730406923801394	0.066468157664565	0.00029033567771641	0.00263955312482694	0.0115650870813226	0.000745198625961784	0.00322318110321911	3.05998885996425e-05	0.0519601576737634	0.0125488718340548	0.00111175981034032	0.0104278026791353	0.000267063672231296	0.0825027588779389	0.000914666621560071	0.00385367945095422	0.00353414222139777	0.0040249352437281	2.42269527266848e-05	0.0250375404309924	0.0775812869573559	0.00186291288751648	0.00939476658289061	0.00653470839962321	0.00743189806507447	0.00699119306395586	0.00833911819654301	0.0028868160590179	0.0196161233424369	0.00158546149340088	0.0124442888503474	0.00690272368241761	0.00291590116849239	0.00207582828985502	1.30498521653362e-05	0.00396504356833832	0.0023278736112789	0.00431077476755426	0.00452611676022131	0.00108486881740333	0.00757591673570906	0.000876038423528839	0.0202552537420135	0.00272215340516235	0.000452837193122446	0.519203228428939	0.000153011648929073	0.0109577340584284	0.00127670733827883	0.00913275930669144	0.000799835824921784	0.00600460064806455	0.00853328284541499	0.000718957658639348	0.00110059503862957	0.00810452988068357	0.00428365813278673	0.0124262132423615	0.0673905822783013	0.00165912512050611	0.00270786904223482	0.00239756300180413	2.54389271975053e-05	0.0298256206936415	0.00616390126129307	0.00669907914410439	0.00123319559254914	0.00712045409952475	0.00514522392024532	0.0176645902783534	0.0794618186787218	0.00561546755919397	0.0129518351852895	0.00510994738101113
G[C>G]A	5.43777646584399e-06	7.31794587500583e-05	0.0137487287870537	0.00505392524274248	0.00503807809611918	1.32912930484082e-05	1.90029447000437e-05	4.66819479861455e-05	0.000256471417838084	0.000258760631601904	0.0028479843025316	0.00174699751410723	1.71022479590768e-05	1.36056679249465e-05	0.000195833770411005	0.000122114528696858	4.51569944388655e-05	0.000740261332098876	0.0016863318405376	2.22319679672379e-16	0.000711720426429461	0.00148631112736138	0.000956117339636007	7.44622653038223e-05	0.000615679505570953	0.0012660916959989	0.000644484565172544	0.000458191027726931	0.00172941842588194	0.00251382374537774	3.88777226939469e-18	0.00236100068813723	0.0045290504698974	0.000488474069116889	0.00181601149619093	0.000281102390671373	0.0020117764468091	0.000496613869500059	0.00182589267822764	0.000860391046919668	0.000884052805089793	5.44712316356544e-05	0.00335837058446566	0.000905309782041909	0.00173233837242703	0.00112709126080801	0.024197909180663	0.00283891135856592	0.00276902628921519	0.00481177054416218	0.00274454475937186	0.00236375004087332	0.0140972931691947	0.000219174718062576	0.000298843267320028	0.000110412250769065	0.00224769493178592	4.67223074601576e-05	9.37853906560774e-05	0.0276882892861676	0.00387209755611242	0.00134827485086911	0.00119345752658387	0.00224037153686669	0.000918020263781126	0.000219248307042122	0.00480809291056913	0.00249267547119963	0.00136161700995913	0.000170417952331415	0.0109088864297642	0.00242697272543711	0.00551165659605239	0.00178234623820645	1.5761123784492e-18	0.00698844878502022	0.000703628452553264	3.22250736112657e-05	0.00263867871087433	0.00443468727793251	0.003099838952806	0.0031896628805645	0.00252222501575413	0.00105141634965718	0.00355374239236918	0.0332378156203111	0.00880865710016547	0.00106423751333318	0.00148804305083741	0.00566876069388606	0.000908406179732023	0.000275291196368645	0.000470171017013016	6.71657205536401e-05	0.000343930010468914	0.00329387804065808	0.00659524963665296
G[C>G]C	0.000109452664215507	0.000343691047706289	0.010994425939281	0.00646463420553547	0.006435550623903	0.000552582787106463	3.78796426524426e-05	0.000485797312456616	0.000784391023724616	3.44956665252091e-16	0.00310469271721564	0.00427801981728985	0.000111497702885725	0.000126598015543859	0.000526131013492687	0.000447987173916308	0.000129629456559563	0.00044638221426457	0.000633709649167931	5.10288506232509e-05	0.000512305923695289	0.00514732888639552	0.00107005430165819	8.11905271991533e-05	0.00152893513494154	0.00146718975977894	0.00324231848072846	0.00197335768872917	0.00133336098245785	0.00365809302326523	0.000134585178081787	0.0059143744818555	0.00305472421819914	0.000842609152215067	0.002031735595276	4.01348453352533e-16	0.00171041112483022	0.000290505885766514	0.00881793806006409	0.00104024932004672	0.00104710058541302	0.000370253085865091	0.0250223806893698	0.00129864421133737	0.00144865308676891	0.00119372560117128	0.0252725555945464	0.00386531477173893	0.00516056743420406	0.00834480173631029	0.00425887891475126	0.00164581741842657	0.0185414354007148	0.00140151271098183	0.00106665321952515	0.00103946580384279	0.00358976256851456	0.000152268127409099	7.98705880643877e-05	0.0402718672615062	0.00152334988312456	0.00166713338871154	0.0862013999761554	0.000264850410027707	0.00178996588959409	0.00013565539014796	0.0038368055154131	0.0020616703104582	0.00191392133184274	0.000166097245878988	0.0181416906568125	0.00905601706320469	0.12758016318519	0.000960189811580632	0.00321079660046702	0.00578836092702349	0.000561878407557841	0.000191000264533534	0.0028573316686505	0.00689220075594749	0.00806779830432664	0.00184895645226428	0.00223673174316526	0.00161399533658954	0.00288460258127969	0.0258320685368117	0.00748909523993174	0.00123003543604051	0.00311929598062416	0.0295643693175138	0.00746518224479618	0.00422715730005869	0.00255629539147508	0.000766127454380575	0.000403116520684851	0.00472311489911627	0.0069403545729275
G[C>G]G	0.000195357851795371	5.17798136364771e-16	0.00543648628684816	0.00654231179167405	0.00337318503367505	3.15618646646153e-16	9.07372369330052e-05	0.000638686058404299	0.000526362162782208	0.00149307748023172	0.00111784500360702	0.00138878660196054	5.27607521378544e-16	3.64408559685725e-16	7.83580137938479e-05	4.64041057497338e-05	6.48736540911236e-06	0.000259801427019734	0.000562227760348755	4.6134103251499e-16	1.50036022306204e-05	0.000238885621273257	5.35493616552639e-05	5.75252427708101e-16	0.00128566037510932	0.00119732647935997	0.00138336560592962	0.00028671240267378	0.000545166625131397	0.00123467778788822	3.41753000213344e-18	0.00565589180427661	0.000942087643711853	0.000189359320662147	2.65495055906102e-18	7.07722189635464e-16	1.26509392706199e-05	0.000234121038188567	0.000946203953248624	0.000139831075266844	0.00011083173555261	7.51307765984303e-16	0.00121855108357681	0.000364701385459355	0.00157137060902421	0.00198802627247564	0.020629452387149	0.0014265459898176	0.00205868807612742	0.00378166742764658	0.00043551998537079	0.000455762267910793	0.027532834619197	1.59456666700892e-17	0.00129427980120274	2.29119175806518e-18	0.00129099703873408	5.33003015065304e-05	4.69584076780621e-05	0.00602541559904151	0.000629140909865706	0.00204769400341871	0.00538385531832336	0.00337533654497142	0.0128045093492971	1.36760623244697e-05	0.00489655770747714	0.00417224905282382	0.000704419554471482	0.000438250878348122	0.00344697177672307	8.45729849794787e-05	0.00157153787895344	0.00770845713627608	0.00188726444695384	0.00462478775448525	0.000156480267539641	0.000113645202429852	0.00208263980943469	0.00237379326008739	0.00145449460033601	0.00177014726166542	0.00468847558958822	0.00109229697942694	0.0392460145252791	0.00596127244259666	0.00571431057692262	0.000242393053588059	0.000830280519403748	0.00168981310777766	0.000694358977280837	0.00018483597917705	0.000288272875215708	0.000212399177063803	8.31384015047526e-05	0.0013896354860189	0.00334617103363704
G[C>G]T	1.3913996884071e-16	0.000164996032767756	0.0175113829097697	0.00319588438810439	0.00796035819648413	0.000242132387125656	4.48082949757582e-05	0.000278379766522265	0.00198482718452006	0.00128131234780209	0.00590334875916002	0.0121137484129552	4.4412937319931e-05	9.83572713303111e-05	0.000195949364159394	0.000476761494806653	0.000197767410554839	0.000727915021902032	0.00334010260577174	8.84880804043606e-05	0.000355340105295967	0.00503115109550184	0.000943051548609183	3.05041255681973e-16	0.00131229304103206	0.00034032009918205	0.00320138586234264	0.000268985372005422	0.000615362864020406	0.00243579755414226	4.00076213406329e-18	0.00322840654550692	0.00237831041983778	0.000415038763821235	0.00641711096544925	3.75286491637274e-16	0.00313042330869264	0.000423377978541817	0.00368899246392924	0.000246417039626757	0.00117467529420678	4.8274446544283e-05	0.00955581328632888	0.00118058512669385	0.0018340307410152	0.00094774447340694	0.035946442767253	0.00366330818180325	0.00927491774600956	0.00634100226806263	0.00527028866177879	0.00300202494986593	0.0205311650460146	0.00203733945171883	0.00092036296011233	0.000728975292123035	0.00326832504791435	4.28218767033395e-05	0.000141220841364813	0.0163179352310989	0.00356107535137948	0.00109658863399453	0.000545289366685091	0.00556092583995636	8.09409319962886e-05	2.25820270998921e-06	0.000608645218389448	0.00139732741633517	0.00235150167863688	7.39420033680305e-05	0.081874933830456	0.00533159230892781	0.0135879607946733	0.00337107482330423	0.0120092030304581	0.00674031796733843	0.000470088390666947	0.00014891201756665	0.00188824547895872	0.00783864505620118	0.00404393660131666	0.0024423065092381	0.00165230865933108	0.00199442063273477	0.00348394499675894	0.0148336658015962	0.00676279456299332	0.00109341726322349	0.00181799103096502	0.0213814524510967	0.00605587451251774	0.000274719047943907	0.000629745485524417	0.000425293810235557	0.000670053808333416	0.00477822778793245	0.00352933674071119
G[C>T]A	0.00251804149259423	2.49526289010138e-16	0.0177542643970901	0.00390747756990788	0.0208843419025212	0.064162237335882	8.24107295665161e-05	0.000780872056552913	0.000221241912639153	0.000481875490837159	0.000304668226808823	0.00896620905774381	4.81143242582027e-05	0.000287138920256736	0.00416042373549708	0.00135165554806761	0.0190354649623637	0.00588008896209579	0.00807190832009875	0.0171321457905932	0.0527704187535982	0.00920097661237372	0.00178591357276297	7.59539968291075e-05	0.00938548354592474	0.0589553934165159	0.0406536121548702	0.0110060264366306	0.00294001206355587	0.00372316903173449	0.0483574326093448	0.0259536501860446	0.0108610313901737	0.00340077256070806	0.0181601188001621	0.00499225205457794	0.00921694790769469	0.0479256134121617	0.00678473746615633	0.0221973153666129	0.00613447858295636	0.000379834095521058	0.00724334972122109	0.00380107544585659	0.00334656243688998	0.00222600521660545	0.00809621721417493	0.031775492727666	0.0124902115767905	0.016719374601497	0.00808564423162583	0.0330924995875451	0.000794008780801302	0.0955764089414868	0.000897426514874838	0.0139119435969022	0.00141818751304161	0.000205714624870712	0.000113529521162779	0.00250957577221486	0.0050757412077105	0.00173907912714268	0.00793908792650408	0.000227106363160379	0.00701190672976461	1.1128760416927e-05	0.00652073784480963	0.00797185961164713	0.00230718466705395	0.00129642924041498	0.0872408448982448	0.00134893948431289	0.00449515135647411	0.00128126567492743	0.000909470430185964	0.00734387774383383	0.00072875943917316	0.00969088011944886	0.0144086758535663	0.00767662516384627	0.00556591676305382	0.0156806995516068	0.00574591082333881	0.00412786508004033	0.00114281201693204	0.0831062405584415	0.00595713656212272	0.00659786365798289	0.0284176897131478	0.0097757955646024	0.00458810577087543	0.0388182207299392	0.00849131653066147	0.0162489287669379	0.00429009445596131	0.0158532557693698	0.0703250750384715
G[C>T]C	6.19232406416247e-05	1.6986508135433e-07	0.0170712992470398	0.00501430755943266	0.0273637598254217	0.0895425771719658	0.0133578212782558	0.0282665176372523	1.57694035084177e-05	0.000281204944252227	0.000318263406000305	0.00987119097174587	0.0167729201183966	0.0140561134908748	0.0122335269234775	0.00766992757536236	0.130766970313172	0.00281112472729713	0.00121846804304179	0.0096207461544194	0.108696538288439	0.00881209509434469	2.84457708872687e-16	0.000229658012152479	0.00932193980158055	0.0451530569587883	0.0603116597760509	0.0272379001239229	0.00268105888343847	0.00309281419199755	0.163197170407847	0.0446387125351686	0.00888298329804246	0.00793129775247695	0.0302502768305303	0.000339839091062374	0.00830175376983359	0.0692219905688618	0.0133854185904835	0.0438060593235407	0.00693569412851675	4.26065784407387e-16	0.0208130080183217	0.00408832503721737	0.00356757969566126	0.00327169320746567	0.00533927230870686	0.0318268240953238	0.00875034110599686	0.0239030708519699	0.0136790771537895	0.176171982111948	5.0002410763736e-18	0.0958682270111862	0.000985334343822992	0.00584699514661573	0.00269232192638583	5.18269456636138e-06	8.56791338245223e-05	0.00192816863090402	0.00412908057949722	0.00140269118394151	0.0121109406774382	0.0157706685810671	0.00191691363599121	0.000698147774368772	0.0103459374581132	0.00435856509404211	0.0026149498413209	0.0017717096951675	0.128512807107509	0.000866820745400451	0.00393720294355834	0.00209786713520153	1.85477031420857e-18	0.0107551160571629	0.000621022896529873	0.000132582480220543	0.0178618382090374	0.00758279624545779	0.019648594031483	0.0367340868534377	0.00350067687696471	0.003699722488606	0.000435546591519696	0.0833826381562561	0.00543732161807232	0.0104804016341732	0.0392839212258279	0.0158688846337891	0.00812041232387891	0.125401973469379	0.0521053640809751	0.107140941489433	0.00516119152687083	0.0187596369868767	0.0889791586266755
G[C>T]G	0.256555036426035	5.17798136364771e-16	0.00118614201346829	0.000955574066184671	0.0274769376915266	0.253202407790904	1.11057549416893e-05	0.000333558021912081	0.000100292876612721	0.000430116440950021	0.00437517497197528	0.0126883325392013	0.0352554396325112	0.0206823590816829	0.0220362921532707	0.00497234327360956	0.00356912219121348	0.000203157090730316	0.000415255648681027	3.98997649742694e-05	0.41157310907951	0.00343677074304025	0.00363820011752685	0.00220541204393357	0.0297774280239445	0.00643787866377004	0.0409812067419474	0.0001063576928591	5.7294418705779e-16	0.00782068553314943	0.0229846671269494	0.0457514813249926	0.0236648940203152	0.0171421579063644	0.024866468712408	0.00068532373871467	0.0336549609189544	0.0104854438973176	0.00407881933751758	0.021196762365714	0.0138957143572552	0.0564934977285019	0.00521646935287691	0.0120860000556404	0.0117648559973011	0.00873172400061029	0.0114654552269853	0.0205175164876057	0.00495155186921197	0.0127539259390671	0.047739781107219	0.00929920495981892	2.07742537448803e-05	0.103008531225538	0.00281203147601065	0.00343678763709768	0.00477529812748327	0.000374915062796474	0.00133158306071047	0.011835640396889	0.0100850935254294	0.00573759620197261	0.0107497635973753	0.0405465034390201	0.0266387516549194	0.00501193129016532	0.0222187821167061	0.0179577505947234	6.36060697809736e-18	0.0072897167215923	0.0187251022538366	0.00036740019415102	0.0164025963787549	0.0250222854152677	0.0207599089164939	0.00418009752221433	0.000572419721542594	0.00211970711444827	0.0138448211955355	0.0234850697432599	0.0349782254903343	0.0152706073636384	0.0243043794215094	0.00562500926032237	0.0247024912411052	0.000380160944234664	0.00336998875806288	0.00258365862703704	0.0978566489990906	0.0563517530545087	0.0228313051135716	0.00635683132609914	0.299360508939044	0.20804571094611	0.0115748336944159	0.0219777566690686	0.0514082664545495
G[C>T]T	2.39595282667411e-05	6.2056356910953e-05	0.0134611316311335	0.00400536808288416	0.0220331354786543	0.0561204161666362	0.0171876703394896	0.00541684863623522	0.001175389916168	0.0611601150707054	0.0055996784555218	0.0151245162825095	0.0169384531918168	0.0277664471029478	0.0131533835666686	0.00289632237703543	0.074003250579517	0.00385621700082177	0.00157108526767818	0.0115757528178407	0.0608253535718794	0.0104672859542615	7.90769677108125e-05	3.05041255681973e-16	0.00713759154287869	0.115921635397735	0.0350880296764617	0.0104605563948656	0.00238030647844115	0.00552696531405844	0.106027133517714	0.019389543835318	0.0117361825520474	0.00677670334452854	0.0106811101910867	0.000172408642833788	0.00499307427198761	0.0187814382758851	0.00625811099940696	0.0574973650920015	0.0049586185184223	0.000927411339555634	0.00659285471658106	0.00408145076321219	0.00335035642669801	0.0033072883760799	0.00955243370038042	0.027184461440176	0.0106095705857212	0.0271611642438164	0.0124503165630984	0.0937455586391574	0.00212155383165794	0.0733442136559686	0.00196515348413562	0.0048598352808206	0.00594776191713752	7.21742075033145e-05	0.000209115241772299	0.0186001632325265	0.00743452441798195	0.00109658863399453	0.00295008077070686	0.000279171911668897	0.00627946633966874	0.00107081907865205	0.00862713129986211	0.00650792136952921	0.00307984330266877	0.00102851026778129	0.194241705077337	0.0069731888753458	0.00778574691259585	0.00108373081111491	0.00600460064806455	0.0108780618261427	0.000912523043961698	0.000141877554149911	0.0208249056761499	0.0062335344537166	0.00924289589661864	0.0103922849578149	0.00221099718650294	0.0049079294573216	0.000467912912411862	0.0648569479802871	0.00794406063772016	0.00617807810916522	0.0311514929254778	0.0106761772738475	0.00473639016457094	0.0363401614058675	0.0276883958573984	0.0429070113507045	0.00188094350699569	0.0185386216980761	0.0254500408069882
G[T>A]A	3.5519856348512e-05	1.92499114285068e-16	0.0058962507710355	0.00679542301825677	0.00304787768536581	2.69555444093874e-05	0.000300125661185165	0.000370605159369627	0.00188073117089492	2.4141785325688e-05	0.0109003451013703	0.00262610272621822	2.91140324268352e-06	1.35474270861381e-16	0.00168950803018158	0.00139670145462565	1.14633703640862e-06	0.000836369598236661	5.81109695013353e-06	4.45772398907939e-05	0.000282264297236438	0.00102650398839854	5.42633650997517e-05	9.33113966828773e-05	0.00119677837381914	0.000140918455266344	4.13023746688322e-05	0.00106589120007126	0.0507713939765233	0.0423918199175807	4.34614120124218e-18	0.00105133070819746	0.0303313736591745	0.000746997466873728	0.1085264135386	0.000137462317622843	0.00234509471951791	0.000244748544668286	0.00146248068797786	0.00666029287633449	0.000716508340480198	0.02389482519548	0.00054959574282459	0.00069367947785117	0.00116431057534135	0.000647055742588389	0.00385798666810729	0.00257811465297408	0.00485107434112566	0.00321089171198463	0.00241829005893214	0.00911767159192697	0.00494194280671085	0.000895607579497354	0.000207698472874364	0.00519588494814886	0.0165143063243274	5.97999921971179e-05	2.39743083450118e-05	0.000585610109907615	0.0178704110383389	0.000394951116376628	0.00296893302550512	0.00183884126974844	0.00202228020243923	0.000379887874008794	0.00325904513336894	0.00187764180254934	0.000186014001193193	8.79156269848859e-05	0.000829147405947022	0.0202247462950706	0.000963181576460345	0.00493864234419421	1.21590489751113e-18	0.00480311833518583	0.0490670791925473	0.000180985620697042	0.00487408700038512	0.00559703831002748	0.00435392671100954	0.00372566475836506	0.00219990175105171	0.00232305793574186	0.000930177549001518	0.00774893774067589	0.00169760734845488	0.00739894663658061	0.000331906969517709	0.00180279080044042	0.0153003344138057	0.00340465770522957	9.14396258365077e-05	0.00208478606134387	0.0171896306739243	0.00640415855075717	0.000649074272015816
G[T>A]C	8.53979645467782e-05	0.000171109310444818	0.00945231207243381	0.00401470142822304	0.00365670285855515	0.000391282077599722	0.000253671413423896	0.000272917885452497	0.0037339786494708	0.000172599028915995	0.0173951936421443	0.00317882712172536	2.96786705476983e-16	0.000113570911069499	0.00925813604548907	0.00458231707323162	0.000422966604254071	0.00277307783552748	0.000170597176142425	0.00319268387195515	0.000492284115649811	0.00100461922486737	0.00432188421966385	0.000503484955488586	0.00220695534507525	8.78137114385965e-05	0.00287875269459246	0.00449375985635094	0.0146249396021938	0.00783710170927987	0.000147161987979339	0.00238107317611768	0.00741659487095267	0.00166004614934749	3.5096011610821e-05	0.000211579594601098	0.000816222658494708	0.000204861818471243	0.00338918087685145	0.00942413470552447	0.00048451783202706	0.00460501262890164	0.00644858418927245	0.000752610840376658	0.00118570664752702	0.00122792961352421	0.00414273309303196	0.00462501749742758	0.00682830085858183	0.00466263597764493	0.00359627826822502	0.0021153669927543	0.00160925970898299	0.00275700123681156	0.000668339412590173	0.00128882782359788	0.000356073806539606	8.63069246427098e-05	6.55690874471638e-05	0.0012710178114411	0.00510305623289333	0.000455040010688675	0.00272564509880752	0.0107352746753091	0.000232954473923848	0.00324354329256594	0.00088406787197908	0.000859175284103068	0.00218542266875586	0.000134244264330937	7.4911033052471e-05	0.00178419982212603	0.000412608526430778	0.00270157867431611	0.00955451689734549	0.00315345090802079	0.000322666754785454	0.000318381651833926	0.00252428261010441	0.00640897410841417	0.00173267077547429	0.00401567299057397	0.009851252475793	0.0019748866481262	0.00186654794041945	2.47693946557207e-05	0.000603232368147345	0.0115370818397957	0.00112181212879008	0.00205101634757926	0.00470788848111665	0.0190430633759344	0.00490287873047994	0.0017682507959623	0.0031561351914874	0.00749030282283558	0.00204580847698516
G[T>A]G	0.00014308980394378	7.32192522902696e-05	0.0128798257012621	0.0128362334687397	0.00453789068976811	0.000137098126777904	0.000288560876603818	0.000614483928657936	3.2083218815214e-16	0.00182796951031173	0.0176618266311562	0.00103818087279907	8.53646307371901e-05	1.80109889831036e-16	0.00227918014091389	0.0006479368862579	0.000117933078795384	0.00337888018212407	5.4195336184687e-05	0.000123307961121909	0.000137327543884371	0.00805761789932816	0.000776237704225431	0.000307247950528167	0.00181980781094914	0.000481752068570499	0.00210455036477023	0.00089869347506461	0.047634289208358	0.00579145227507466	4.31972490305669e-18	0.00221676591467325	0.042552747787264	0.00077115461837364	0.00205931746842301	0.00011297386442176	0.00332681005904502	9.75345405869943e-05	0.00590463628618514	0.0131964303423813	0.000972574275929955	0.0109180281044285	0.00114136123286926	0.00122614714936915	0.00145370309754721	0.00116561835001628	0.00689740288338203	0.00493765193886348	0.00779207813978772	0.00629460759631709	0.00197319192155169	0.00784882225270076	0.00478412530745718	0.00226846853331664	0.000948045870650495	0.00271782613767	1.79791893352281e-05	8.7452906380767e-05	6.9610874826219e-05	0.000211655770201378	0.00499622973114047	0.00129265374634717	0.00351249954191228	0.00276995636548125	0.0138301177687566	0.000524292406306941	0.00320082481794444	0.0246010305299232	0.000489753049467341	0.000386030995861435	0.000338515137583888	0.00549046338894715	0.00311376143032846	0.00475627870822168	0.00466392710308543	0.0100364454652095	0.00025773732606905	0.000104627229849305	0.00690888401892189	0.00571543491114514	0.00227264033266063	0.00546561302526084	0.0101560539315304	0.00192926791208092	0.00301459505988995	0.000908165630408721	0.00390659000474802	0.0177892296699433	0.00114679447487672	0.00139344421702316	0.00340256884105465	0.00413454364316316	0.000419747579297331	0.0015526313355398	0.0133196269444657	0.00395854667124837	0.00177559389116941
G[T>A]T	0.000114083545489031	5.47891071445267e-05	0.0103821445770819	0.00411183198796545	0.00270270128794091	0.000132549598110463	0.000231468413984218	3.98164937060019e-05	0.0223042416448012	0.00901714730852958	0.0241850675381853	0.00256399160208408	0.000378728785150531	6.66085941661545e-05	0.0115028956266583	0.00627567838068072	0.000123556438267606	0.000936375762917426	0.000313803397740206	0.000669451918765951	0.000468948840780217	0.00106615575426648	0.00407550072875807	0.00153129885064119	0.00261565560949476	0.000213256775540398	0.00322981996489551	0.000862734835818074	0.00908758854463439	0.00492135167750458	4.05572074333566e-18	0.000886587506497375	0.0171058859846717	0.000804144645318477	9.97551664050226e-19	0.000388044496500534	0.000739368235727207	0.000143604334161331	0.00061379615743082	0.00471732602191024	0.0015734739608696	0.00950741801409439	0.00221564986943086	0.000892287042472647	0.00171906069492103	0.00134746869372305	0.00321523762404881	0.00410869143469061	0.00594770676502684	0.00521373643345273	0.00474134642324495	0.0024957255206073	0.00105874420333462	0.00248140471237988	0.0003568557312127	0.00103305071792718	3.42217821637293e-06	0.000107394034567366	6.30210858244661e-05	0.000635522097773007	0.00012926145078557	0.000617793225150066	0.00209706314692036	0.00147560678538082	0.00430641367011921	0.0049089794512234	0.00784386235564211	0.00253940996749236	0.00111324959057644	0.000519265380175392	0.000103549897583605	0.0138235166151383	0.00204116258459233	0.00369266773383867	0.0184367809126136	0.00323730767475112	0.0211608218691285	0.000486463039439748	0.00360688489614725	0.00508712635875037	0.00563191816050435	0.00210460797470074	0.00476687372472565	0.00399786927651753	0.00209309940549575	0.000992878121736031	0.00137764949037045	0.00382819376182308	0.000320040190091289	0.00142191478214926	0.0055885390500626	0.00881101754605368	0.000463063646797441	0.0016818017118772	0.00951478122375695	0.011106668833753	0.00150930744111064
G[T>C]A	0.000459389850482966	1.92499114285068e-16	0.00833492721687344	0.00213738873735152	0.0117098306300124	0.00135909326372042	7.55931318181354e-05	0.000187416503660039	2.41322155044053e-16	0.000814787292023336	0.00221413261202239	0.00943415050775697	0.00193522204950393	0.00897046790073195	0.011314246671252	0.00219630261881017	0.000603056651117195	0.0719926108045719	0.000248911832899659	0.0085019929193179	0.00712566128334197	0.00224957356971805	0.000103332230976933	5.70609260290976e-05	0.000529574049192448	0.000711302963140119	0.00205120146744479	0.203157047900184	0.000681679490567165	0.00615241697572013	0.000151446358341089	0.00247765824604399	0.0146629568933249	0.0796606313198654	0.00471596587878784	0.000581845116445761	0.000738396912069428	0.000695561105016816	0.00348686171705069	0.00692549222121403	0.0107918568006772	0.00013708070684225	0.000433084837609184	0.00184455602283009	0.0310820369632957	0.00123179742543995	0.00581031428691554	0.0039714736925502	0.0109376577822173	0.00506057181400611	0.00628963099429598	0.00442207120445647	5.99622362967054e-18	0.0208460376365718	0.000452781964547704	0.018824435631818	0.000430403713131294	7.22201072819716e-05	3.13473595225452e-05	0.00110401844325949	0.00103368063763304	0.00182400948250617	0.00374285731531928	0.0089969045336733	0.00217207919820596	0.000660281304824876	0.00377775139076929	0.00197742023321404	0.000517921050447748	0.000613796161970571	7.54704143897211e-19	0.0253298140526982	0.00340257430888686	0.0015809204301085	1.21590489751113e-18	0.00417434338127218	0.00413020004947598	0.000113330565249268	0.0253146998751313	0.0110427344764387	0.0031829311284191	0.00203050882254801	0.00179794592971116	0.00231401051842299	0.0026306045666873	0.00974501025173588	0.00257214429330138	0.0283936242038128	0.00604384886626387	0.00714351395175792	0.0431373433498061	0.00693191571093237	0.0117292452156254	0.00596652439189183	0.0709464737948937	0.013193513177099	0.00312636470181438
G[T>C]C	0.00125779831311449	3.57881828508295e-05	0.00712714470758888	0.00131592991878018	0.00997739542849769	0.000888186836091818	8.38611244271146e-05	2.36732936238997e-16	0.000695803741604749	0.00357525965397312	0.00337595580354111	0.0146645891559167	0.00835858897895832	0.00492141691883209	0.00815661396597973	0.00374152137635854	0.000970003817893268	0.046575456220447	0.000238836571538161	0.00764840830102479	0.00969524271522474	0.00196627927612075	0.0189400257970324	0.00217644901746087	0.00255780487674913	0.000418548592232105	0.0025413993812877	0.09139149181361	0.00177793439258166	0.0019423537917243	0.000439382869455021	0.00369826308834344	0.00513456558235247	0.0357992696449699	0.00292593059283727	0.00105251639923079	0.00371386295185308	0.000624715514779225	0.00765186236411787	0.00879356615839469	0.0106272769003879	0.00122927199297354	0.00235442839119815	0.00166981816927265	0.027880957669477	0.00236814989059637	0.00810892869616457	0.00362422027287125	0.00459539806272016	0.00551423983726069	0.00587339774370375	0.0038053617747508	0.0264983324593461	0.00135513628032602	0.000597105784205037	0.0742364826392381	0.001702284247325	8.97872220923725e-05	0.000108753996852603	0.00651245528843457	0.0030088146637507	0.00233792658805022	0.00674344903985782	0.00529001826704946	0.00399171554410959	3.73698080911758e-05	0.00339114870374086	0.00107053847299155	0.00350992102163526	0.000774957854753718	0.000988854184704572	0.0206024063087401	0.00794014126211201	0.0030956480168398	0.00636967793156366	0.0020573649244807	0.00017604473474481	0.000135509310391639	0.00352195228104178	0.0041196444257971	0.00132310338914531	0.00554187141353191	0.0182276597511456	0.00269718270382871	0.000560733605664944	5.86643557635491e-05	0.000295482935058007	0.0167511163338607	0.00595010080858779	0.00636967140479985	0.00997956750992073	0.00988856860086989	0.114917362742173	0.00124419433608246	0.00803096959733824	0.00847093814004769	0.00445600899383106
G[T>C]G	0.000680548329947041	0.000122800621517488	0.0121025949739307	0.00232228006880565	0.0165616459574992	0.00172251467393963	7.2093482686332e-05	0.000495521814432726	0.00033531154712993	0.00347991241732196	0.00318139254247529	0.00831334729461838	2.60771406224567e-16	0.0011195866030582	0.015030886027991	0.00424301119211266	0.000555972490615888	0.055865946370959	0.000224842612723099	0.0113032016950985	0.00436951442862889	0.00621380256947361	0.00398729180663393	0.00128763950122986	0.00395783401655572	0.000944668992325285	0.00401149189673542	0.141707758941763	0.000738014227241707	0.00224042863202403	4.31972490305669e-18	0.00237701379575141	0.0149268797230404	0.0903062903508112	0.00161335026037271	0.00115165904033797	0.00271780395530882	0.000495498217646919	0.00524970219945179	0.00969081399997515	0.243437460008796	0.000735671499494771	0.000194642850374779	0.00192830031010522	0.0132313863053753	0.00180140973924918	0.00593569591676226	0.0036848626779858	0.00739838712721033	0.00886823013465815	0.00484328988913985	0.00324256344618757	0.00127576646521203	0.0177576961769406	0.000834832444460063	0.0399746927748969	0.00425385698231406	2.85442257229053e-05	4.12961409805801e-05	0.00394595383090015	0.00531067787837183	0.00091588014561875	0.00227070693573618	0.126956338488313	0.00664952169047758	0.0019841331961022	0.00614141977500633	0.013385855255229	0.000956230729541314	0.00053615475638421	0.000198572282771757	0.0100799655067939	0.00272610491980076	0.00276677865663982	0.000932785420616977	0.00797836916153439	0.000128901306871982	0.000127307729102198	0.0106692494125036	0.000266911642087104	0.000967446781934303	0.00726411581058761	0.00505535814390909	0.00280014115556709	0.00458999642539129	8.4076258724291e-07	0.00247058904418827	0.0234370479939252	0.0054042475588734	0.00434308562073158	0.00109669341290191	0.0284246308526581	0.0294267021084802	0.00569820739889427	0.0398347536121522	0.00616777320425329	0.00214695747397437
G[T>C]T	3.15221192863675e-05	1.0905475148194e-05	0.00860958359593011	0.000562397044084181	0.011499071536656	0.000484233698610246	0.000613466626590478	0.00487783673163647	0.00776802881237072	0.327334780348043	0.00541366819649232	0.00987537243374001	0.00470299467641536	0.00709261383477184	0.00948770875010541	0.00197798060814898	0.000178554001884845	0.0473816327380084	1.9460186572119e-16	0.00874896722577631	0.00327147659634396	0.00264883565326543	0.00444908867759088	0.00142468893396427	0.00238130483357791	0.00177839784593611	0.000697040100444214	0.122458624307388	0.000813202732929574	0.00214308069918627	0.000560994590708751	0.00270037020575004	0.0120249297516009	0.0532239446511212	0.00373925258407575	0.00101921496087144	0.00107104714725658	0.000334575704363109	0.00364854816795462	0.00987881501958389	0.00868093039489125	2.82290873407663e-16	0.000326150196571137	0.00211121599433678	0.0409300049513166	0.00223357605476699	0.00590377306143256	0.0068571574122668	0.00634837261524972	0.00591878698918776	0.00408049473029454	0.0018353182158596	0.000418648210945672	0.00866150670580754	0.000972606412597863	0.0522551488151527	0.00332768123367926	5.11400164606194e-05	8.41883670023711e-05	0.000946006194590795	0.00355025448505329	0.00236909694460072	0.00471333461382375	0.00431515373813303	0.0105978168096931	0.00235850365459605	0.00530177796473558	0.00185184474739755	0.000877329303857115	0.000567360657494952	0.00279358489104006	0.0641334792240245	0.00660975398802299	0.00347260997342812	0.0163094601798753	0.00339134416120771	0.00168502823134533	0.000101928554906432	0.0111004209327064	0.00575502319063888	0.0083401926348591	0.00227290794608653	0.00353001387087476	0.00307375676287721	0.00291245770966947	0.00290137026201622	0.000604489805596426	0.0104183054136044	0.00641658400512384	0.00902387503440471	0.00039942683011355	0.00188169092074064	0.00794445613975886	0.00287576187235661	0.0451351503595921	0.0168960989636467	0.00287169967972523
G[T>G]A	9.75483739620465e-17	0.000180419147445116	0.00369142076656169	0.000440744074076232	0.0020928206449923	2.29914937609481e-05	6.78397983090741e-05	0.000227577183015721	0.00269607720503376	7.61943266819183e-05	0.00111558211878586	0.00822515199104577	0.000179447989111556	0.000293523315155039	0.000315341260886966	0.000355031360154632	7.13110961610037e-05	0.000417172377499973	7.60646570935388e-05	6.01831366983162e-05	0.000112132225618717	0.000985007232479374	0.000415848054433051	0.000269462790866871	0.000650748222076727	0.000474202224081226	1.64912359289222e-16	0.000260551587155548	0.00150328698010066	0.00309837169625708	4.34614120124218e-18	0.000716512062482942	0.00465025211992996	0.0013070066174291	9.87017131189243e-19	0.00137462317622865	3.06936775470994e-05	0.000139856417531528	0.000233996786855353	0.000871369276032722	0.000513940005155144	0.00045903177091767	0.00134907799791233	0.000145830044620589	0.0119468416316004	0.000365191632260765	0.00259014021624701	0.000864724321212161	0.00309081359520371	0.00122591328700003	0.00186820738015687	0.000866178911380974	0.0488596598043702	5.92803738581772e-18	0.00030462405756559	8.51784417729324e-19	0.0227071718411557	3.512481186322e-06	3.14424956667714e-05	0.00693611679353536	0.00191844161409055	0.000851706829237571	0.00292223048500417	0.000134164255798287	0.00471865546980126	6.07942186851533e-18	0.00137016894888982	0.0073200822702469	0.00089724297540706	0.0227451419686698	1.42639083196573e-05	0.00903305459902897	0.00106736306527381	0.00185323195495943	1.21590489751113e-18	0.010548859722613	0.00800659966439864	6.66136998422873e-05	0.000477090191402776	0.00362232020858217	0.000982155624122588	0.00019800728791738	0.00472804395137471	0.000611521547429577	0.00252463932867827	0.0199788140231293	0.000170353442644812	0.00175431105937294	0.000692091403442919	0.00502370687125353	0.0104656011188179	0.000225978857448571	0.00561862058364431	0.000264602690676558	0.00407794196526591	0.00191214250354001	0.000643268497073394
G[T>G]C	1.47599622500923e-16	0.000173721586565308	0.00295700632268331	0.000282144309377431	0.00214878415399633	0.000170435962564112	0.000137028624622253	0.000342212388437514	0.00273057523139353	3.43709165215017e-05	0.000845276891475786	0.00877176301056716	0.00110871128609049	0.000869789116942515	0.000833586019727311	0.00214968182267205	2.50040172512771e-16	0.000326334742437923	2.91340931917182e-16	0.00245591148002017	0.00048476188507592	0.00148875494658998	0.000259313383635095	0.00906853636353254	4.1848050547171e-05	0.00079309777444748	7.47458505108422e-05	0.000734715972693978	0.000338380662665357	0.00070638525892981	9.13932167937653e-05	0.00155023044864686	1.26799058776338e-18	0.00174665712728527	7.58671229714769e-05	0.00346057250822168	9.48499558796891e-05	0.000397340827100261	0.00101559014869428	0.000848401317956338	0.000852590733764294	4.22621262265465e-16	0.00588027336785092	0.000373324057933751	0.0105089763052152	0.00102948789788462	0.00682609352542704	0.00127724914061857	0.00429756958693482	0.00101769994257971	0.00149190564665386	8.10331302918814e-05	0.0914736986953635	2.1373026086463e-05	0.000544728855876577	0.000128882782359719	0.0162419774374285	9.39631616467461e-05	3.14530090169386e-05	0.0116086338636613	0.00702498646798803	0.000639793998312488	0.00175652697596576	0.00182702643630455	0.00402949235360263	1.25797998665899e-06	0.000253225567557612	0.00369198492973522	0.00182118482109663	0.0351477279391662	0.00140393781755932	0.00142022525247376	0.000795402759338827	0.000984537897766039	0.00318483896578183	0.00158868659438443	8.80223673724445e-05	0.00139201872071478	0.000385836418611766	0.00396321588628331	0.000735455092321748	0.000469160258070592	0.00453382926435593	9.23688791793423e-05	0.00172145416833606	5.84036252934889e-06	0.000158343538763413	0.00176595887052151	0.0004334400472997	0.00375036000948484	0.00541708222289075	5.30419468315734e-05	0.0314503824567672	0.000714858367090942	0.0025915543967071	0.00163025179424666	0.000911825845022603
G[T>G]G	0.000202419580807882	4.25773394979467e-05	0.0121025949739307	0.0023810719568774	0.00585178118145288	0.000192640199768144	0.000323387497902045	0.00225747959564194	0.00871522863277826	0.00514539520723572	0.00449470881410137	0.00523042700667609	2.60771406224567e-16	0.00140353958004652	0.000725270805751746	0.000240233996808001	0.000128834830056329	0.000667699013772749	0.000491195393686929	0.000802527319324791	0.000254826881769308	0.000979981183333884	0.000932601322404033	0.00188683821986905	0.00579753029083769	0.000505541951354888	8.59211777402433e-05	0.00025798079862798	0.000571611065958562	0.00172425783755737	0.000145004304021397	0.00278653645515324	0.00968019283931046	0.00298061541099206	0.00621730052330856	0.00493117682769161	0.000699902876245764	0.00136484553800863	0.00260950069811602	0.00303215666397762	0.00637406307828317	9.45066442059933e-05	0.00411705298215607	0.00160342311469446	0.0132313863053753	0.00208077304584408	0.00798320147174338	0.00191159193639135	0.0038525712171077	0.0033259212298754	0.00165582548519919	0.000414159039898328	0.256216450541537	0.000105724901886088	0.000164757181470409	0.001358913068835	0.0373241561224205	4.05242433710626e-05	9.30250911151251e-05	0.0373323350662641	0.0887442214908838	0.00137281791573509	0.00419548534234663	7.81543923329199e-18	0.330816435303044	8.08244987046337e-18	0.00112028901140037	0.0282188300953303	0.00222086010354628	0.709869100030065	0.000213466182257123	0.00303601132817974	0.000462177678133822	0.00226025519859996	0.00466392710308543	0.0532822257972587	0.000386606826125008	6.44322376264007e-05	0.00177941613598973	0.0011151491787212	0.0020158176120775	0.000417628525053968	0.0254389942985161	0.00215446638821459	0.00559846429514843	3.50508653537235e-05	0.000564055945916872	0.00535545369718005	0.00031946463119719	0.000590225543268471	0.000767598934513753	0.000213434471814867	0.0260191653693231	0.000465523186256155	0.00331451917753764	0.00214957843694302	0.00222687884059323
G[T>G]T	6.45473971361803e-06	1.94553676643781e-16	0.00492096775807972	0.000187714000997826	0.00197246833126116	0.000420630874156606	0.00063162055250744	0.001303130446011	0.00741643473742645	0.00704078543663621	0.0011102754328599	0.0194302454163985	0.00196476741598381	0.00318242513823246	0.0067084585847918	0.000865236320060404	0.000116021958627281	0.00016885501480476	2.53333059429838e-06	0.00175760565396164	0.000775998756741514	0.00263779872764104	0.00614721440571782	0.110486085103094	0.00161777537363768	0.000256963324287269	0.00267399050002456	0.00238472027621241	1.91247750267662e-05	0.00113279081432541	4.05572074333566e-18	0.0018137826992526	0.00234570842403607	0.0058334207599596	0.00229340818506298	0.0246719488857693	0.000794648284614436	0.000120297186642949	0.0021860175192987	0.000601153033260554	0.000403202652206179	0.000530025274852487	0.00259525365407505	0.000389578848551771	0.0174975774696357	0.0024459490689494	0.00466956221105124	0.001623783991653	0.00730493633790017	0.001515467484314	0.00363992763424383	0.000706482197276693	0.0602918720632978	0.00218488411761194	0.000347059093220818	0.000516525358963591	0.0922153757862424	5.34354160728307e-06	4.90699778614931e-05	0.0295121513082312	0.00185038179035626	0.000658166892203989	0.00136882230205912	9.64966989411915e-06	0.00121117916007178	0.000104212769313476	0.00279925950894287	0.0154931535352199	0.00549252433852206	0.0386392411020808	0.00102215755507276	0.00347162617548884	0.00170688300753734	0.00130633022237814	0.0163094601798753	0.0031495521425128	0.00366522391840626	3.6017865587066e-05	0.000174832552247125	0.00601837820241119	0.00164658806828121	0.000322461218590874	0.00114562556951856	0.000598376028314666	0.00195179789709417	2.29885306465712e-05	0.000149300480789829	0.00250442743454223	0.000858518412549739	0.00271430186083829	0.00137769837200851	0.00459893223300383	0.101023649806579	0.00175617211861088	0.0105234772308302	0.00236225557732988	0.0012734112387367
T[C>A]A	2.99870609621792e-05	0.000574684920615155	0.00731745513565639	0.0305605719237657	0.00680059408799775	0.000196136575231279	0.000304099950039219	0.00212871197980307	0.00285413251468413	0.0120962851296597	0.0264386560170311	0.0175512318663838	0.0861447485350632	0.000283547420942307	0.0556884017046495	0.243689379814026	0.000139789377275041	0.00367105080867293	0.0713812427556595	0.000279415098846321	0.00989821174442536	0.0122871052195283	0.000166293585712636	1.23890034063315e-05	0.0575099418941509	0.00107195913216175	0.00132400002694893	0.00138571079074875	0.000781425062208034	0.00582102855990746	0.00154160762338164	0.0207897269349221	0.00605809090500292	0.000932294346362517	0.00727727539213271	0.0176544580997839	0.0321956737162855	0.000539418838316057	0.00149156544421335	0.00768086487573618	0.0109667046906852	0.00559462470251369	0.00420850460618101	0.115794511336722	0.00210956985267143	0.013361535253729	0.00484588488944211	0.0235803242455937	0.022520783479833	0.00998589920212213	0.00357909606172028	0.00403706486821539	0.00524859005971577	0.0006861223119544	0.0461619640720688	0.0109150980138551	0.0181727183879523	0.0594255204491431	0.0163151838914063	0.0158359361576619	0.0325810761539652	0.364353199860255	0.00185585705017089	0.000550056608474134	0.00150861058877505	0.206368362834965	0.014580585092791	0.00696470486288296	1.80203402662351e-05	0.00169739793834161	0.00163823581842227	0.0023765155699329	0.00682285901056421	0.00219205138622433	1.26675446929849e-18	0.0135553653132725	0.00264583160046921	0.229988753938733	0.0134069128141973	0.00998062719246751	0.0201931494980234	0.0460360299501991	0.00735226574608154	0.00307342409973604	0.00198094155110863	0.0142417633505675	0.0403786833702135	0.00672094704164262	0.0075708425145465	0.0182853128955094	0.0174913126705517	0.00193463022957404	0.000437502177249874	0.00417584798183207	0.00722899416430295	0.01600870784902	0.0155065289159872
T[C>A]C	0.00151669067677732	0.000201080438687661	0.0192249314392747	0.0473633780723349	0.0104348224205118	0.000360852354185427	0.000652229683980292	0.00339823204552401	0.0211520910456902	0.0108292978709714	0.0292879013575757	0.00334029820841484	0.0120167642375092	0.00317735429468516	0.0103963399589017	0.0178296123808465	0.000958069086152417	0.00399571957651225	0.0349378166133389	0.0257346697907686	0.00439739889609392	0.00878325166682127	2.9809742578287e-05	2.93029247413784e-16	0.0446852792580777	0.00115443315325731	0.0034317316421685	0.000294593695141897	0.00227677349577049	0.00704174129187537	0.000632053496174369	0.0476202096133944	0.0117102974178245	0.000823534837039463	0.0084760718291018	0.000733918666356881	0.0385028009630161	0.000247693416017393	0.00989290130057654	0.00964504859756431	0.00619357571709317	0.00210229950509146	0.0242616622869588	0.0833830119255373	0.00220573093944185	0.0114175348454985	0.0083769484434329	0.0331087666351986	0.0161937038581391	0.00894602797232701	0.00244605020284267	0.0562186929362974	5.88267832090605e-06	0.00234853412145167	0.060901887365535	0.00828652216987943	0.000114715785458869	0.0023888118121668	0.00333279334369454	0.000971214722607022	0.00343284867075185	0.048332791799598	0.00332756049814053	4.37880554917212e-05	9.4398817175156e-18	0.016359286632046	0.000950772923106654	0.000533192229059205	0.0201901987560781	0.000180140775268406	9.36891263563911e-06	0.000272354502252139	0.00413848094579029	0.003007861122357	0.00384543309284278	0.0190113518714101	0.00135472959153367	0.0409837427307494	0.0152377969419541	0.00535831519952948	0.0213644242951324	0.0421125042621785	0.0036372858827289	0.00442547846865624	0.00468659547543208	4.00203179682471e-05	0.0509052450580442	0.0100707724722355	0.00801275875867787	0.00810076220994924	0.0151987121210753	0.00219488257721446	0.000858795838011839	0.0156550315511014	0.00456670030935945	0.0171595078839772	0.0137496299463936
T[C>A]G	2.24255620493743e-16	0.000169276318698464	0.00270715796624988	0.018468658530363	0.00439119383536224	0.000243147621379075	5.91505797468269e-05	0.000485926602475152	5.54779617744805e-16	5.19873061770571e-16	0.00371969321179533	0.00101379254748867	0.00234579120029579	0.000803851281220915	0.00542567340346425	0.0159838102707754	3.79898763188662e-16	0.00117552764192731	0.0241253076259169	1.25745925338757e-05	9.76319722252827e-05	0.0037406115119005	4.286970363301e-16	0.000209664869755219	0.0218383956713101	0.000488510407146637	3.79119835189467e-16	0.000143051177408034	4.96228508481714e-16	0.00210729079787556	0.000145721481624756	0.0150711253387841	1.92652265108147e-18	0.000269765875124846	0.00328877492168011	0.000351428706199331	0.0273488332006592	0.000141287629525584	0.00168990881461806	0.00414576481728659	0.00278599403723295	6.42109998639041e-16	0.000166935125346072	0.0266389228336392	0.00260682824232597	0.00396451915196755	0.00538231093009234	0.0102814230304148	0.00314517139687865	0.00361391226507979	0.000493908247415471	0.00157904552241966	5.64258663191054e-18	5.58963654504334e-07	0.0291263370382432	0.00489545431067636	5.67203986951444e-05	0.749769913923441	0.0443181448531243	7.70608194752565e-05	0.00914289058382761	0.232188053135366	0.000685601246727151	0.00150224881600433	0.000189560966950466	0.0113533013380653	0.000501735536943671	0.00569283260413317	0.00106320704933709	0.000380116008319418	1.73500222714853e-18	1.07612151759496e-08	0.00189475923605966	0.00383088194228932	0.00161296265835541	0.00370556684004804	0.000222894773012403	0.483992647276352	0.00476812800335789	0.000389003560212163	0.00460370268395987	0.0200175276575818	0.000411968816081524	0.000920383408373318	0.0308253558105503	3.16912861180868e-05	0.0123143582420385	0.000520997124813328	0.0024539567583562	0.00105115966546051	0.0022879189055114	0.000629402147907443	0.000165178562860523	0.00200923033553246	0.00156122575222184	0.00369794414785985	0.00376503948702393
T[C>A]T	2.86112446224891e-06	0.000422506732099773	0.00926212593897485	0.0338594474987411	0.0117322005502607	0.000439421283838127	0.00051034500634827	0.00110506946022329	0.00451059409762247	0.000216387770844953	0.0302179645126618	0.0300935029305572	0.655582228917389	0.0553901034416402	0.186523358177784	0.343482631410471	3.92476987909952e-05	0.00264685677649624	0.034248124263916	0.129822293894615	0.0049462448044492	0.0112361875613188	0.000269131931882269	0.002741381536633	0.101507426182491	0.00114453649154976	0.00074732887016116	2.24980386454121e-16	0.000423226148249373	0.00705933823653514	0.000185462599504941	0.0169831709268588	0.0229278258563439	0.00148569441955579	0.010766040394938	0.000734218453370375	0.0312573618469452	0.000550287462418394	0.00384438797284427	0.00812504424279093	0.0125947790515437	4.47844646901052e-05	0.013045478192943	0.182382687745874	0.00274792732107093	0.022406773066305	0.00566714878407208	0.0218008276131834	0.0174493053756548	0.0121882693821882	0.00681159442833099	0.0230732952591981	5.79840314014836e-18	0.0142564733254076	0.0477471448724687	0.0028424654768654	0.000220438090563145	9.56848831834925e-05	0.00463292785036904	0.00164631607393954	0.000360537126390189	0.0511429600181498	0.000646402005928466	0.0063206977458674	0.00375842036327317	0.404460833716864	0.00673877502270097	0.0148321463615596	0.00310776355584377	0.00036425883304104	0.00101057313859862	0.00268502000600183	0.00772810066072332	0.00241543272019663	0.0140481071489009	0.0172076841716486	0.00202707616557838	0.0562552604221399	0.0127120885228919	0.00942611956080661	0.00696440804514006	0.0461116109699257	0.00954833292363753	0.00562873761324502	0.00175134842789218	0.00318880309031239	0.0457301786760102	0.00746486981490413	0.0126286843480397	0.0133082470175829	0.0223693681575104	0.00592215346993303	0.00244026597714464	0.0278047691103151	0.0117047206048466	0.0226707034426002	0.0131501510861282
T[C>G]A	1.01627881376382e-16	2.00549495158506e-16	0.0115721945738076	0.00274891584588584	0.00675733331135656	2.73669978214055e-05	1.73770064185943e-16	0.000186445746109421	0.00219722876570984	0.0039684308631319	0.0013041890841606	0.00277722461528225	5.08581066513502e-05	1.41139852664372e-16	0.000239414816537692	0.000113771107059989	1.20978734993089e-05	0.00102219779737384	0.286428531126148	1.58561017861728e-05	0.000123152256684941	0.00285561377335096	0.00328211052068245	0.000159847118223756	0.00166763250152776	0.00135936839148712	9.98806508353145e-05	0.000620722417782158	0.00354830564856729	0.00564028504166838	0.000152713136814638	0.00261615729440722	0.00855465323282746	0.0013020311853664	0.0029499693078201	0.000141976313290862	7.62156463174294e-05	9.84280064333661e-05	0.000317559270571294	3.71844685457969e-18	0.0119804327358329	8.10054928551539e-07	0.00529457025946304	0.00326852576344352	0.00188806468067999	0.00200800492504416	0.02811909592636	0.00704268698928314	0.00817514178384263	0.00540807504085805	0.0215178297335182	0.000442494324909733	3.68155815368684e-06	0.000541336492445457	0.00238022657343693	0.00248473775925157	0.000148392281528755	6.56555948084684e-05	2.37875451220758e-05	0.000776794210098292	0.00187090183419344	0.0015547830358253	0.00259958995248854	0.0038561499327797	0.00612114572721338	0.00106482299615541	0.00232473712734562	0.00201286575583676	1.78682698842416e-06	0.000444516746393478	7.86266137455982e-19	0.00115868131072593	0.0336493012662278	0.000349995173457856	1.26675446929849e-18	0.0193526782697104	0.000848281346417553	3.36148486712748e-05	0.0175626228508526	0.0129272323137426	0.00487452849749288	0.00393458571538436	0.00144165965208191	0.00144715962893163	0.00297204499384483	0.0354925657236309	0.00764827518099605	0.0026582304306121	0.00103123551098652	0.0477908117368415	0.00560597190003797	0.000207771760539655	0.000577816542574733	0.000159806883815229	0.000887609658496218	0.00297934191793067	0.0132431877928914
T[C>G]C	0.000121694927757908	0.000116741503476245	0.0232301247741966	0.00600878652918542	0.00864827158079497	8.18801919206832e-05	5.21650106371197e-05	0.00156395870976965	0.00686698121628698	0.000820570957719516	0.00156357736015621	0.0027156894016118	2.68759291525941e-16	1.85626971486739e-16	0.000481507317016193	8.09381546419325e-05	0.000228792571919553	0.00215047421732225	0.0754609318470683	0.000158856110516589	4.63103538813025e-05	0.00782562355089567	0.000832245427439159	8.1207208476107e-05	0.00475549700774058	0.00318746102457231	2.87034166865841e-05	0.000787662915744962	0.00198890567236853	0.00773330771425549	0.000253202485966912	0.00511986052982666	0.00375418341171264	0.000973863257517509	0.00420423982017748	0.000220825976448162	0.00639839711772576	0.00100504353381635	0.00307966652770091	0.00114204007698238	0.00304224521069758	0.000241247258102754	0.00591312363029576	0.00260301903890421	0.00153984979644325	0.00216436737141862	0.0391137415302948	0.00889441833850001	0.0219881092859104	0.0116574680897652	0.0201941305343351	0.0019468328369271	0.00112857595153888	9.94172679783123e-06	0.00190674170584158	0.00280107791657888	0.00168295129758008	0.000220602853457095	9.97878888299729e-05	0.000540416194839286	0.0043330711738958	0.00148716252264769	0.00456168369726514	0.000559066431160299	0.00374018602405423	0.000364365654005274	0.00375481352718009	0.00223717047010237	0.00208898615199358	0.000384594236484661	0.000117828036693415	0.00300505741838812	0.0496657530354312	0.00204497174857005	1.66603401742481e-18	0.0187919317655562	0.000557829324360339	0.000138949610482275	0.00485392516503257	0.00937282790442216	0.00562826742843688	0.00364580467629348	0.00153417355891876	0.00340428404430569	0.00741069267647224	0.0300255422323866	0.00781255602374037	0.00215898386030075	0.00219834711765214	0.0199719971638684	0.00366941759569531	0.000275700301520814	0.000671163563769703	0.000193741549338779	0.000782198914107744	0.00603452932108414	0.00368580004821916
T[C>G]G	6.97907626110572e-05	8.17606603795627e-05	0.000998384498191449	0.00310070128524133	0.00326475715585621	2.36938614606602e-06	1.09187843428009e-05	0.000589590706709768	2.18663137624642e-05	0.00204405189160103	0.000153100946281719	0.000920386010159912	4.50923150502084e-16	3.11444111664812e-16	2.12341298703757e-05	4.06977750099508e-05	3.79898763188662e-16	0.000498144460617691	0.0275148114313887	3.25021247697634e-05	7.4144436644428e-05	0.00110209993337434	0.000733898429113422	3.41725076888155e-05	0.0015458832772336	0.000755905721787641	0.00021185797024357	0.000131322237532705	0.000850909474440512	0.00130675978253522	4.08594734895263e-18	0.00207824510329918	0.00396802210050207	0.000206353340182641	2.90441025984722e-05	6.70249501682722e-05	0.00140987870560703	0.000181280923301932	0.000736127238454806	0.00173669171385744	0.00016342775720217	6.42109998639041e-16	0.00027313547974535	0.000547275060205008	0.00200167189384305	0.00183234065849012	0.0172019396877227	0.00177910024296683	0.00334123017875605	0.00472721482156837	0.00460503789155466	0.00036157328567708	0.00270240199384713	1.36280662431533e-17	0.000283306034195076	0.000195818172427017	2.37323843912738e-18	2.9805269870837e-05	6.92217480476214e-05	0.000189433518041671	0.00434992120066297	0.0010067263503012	0.00286817283765636	0.00223160238275052	0.000438121111142496	0.000174493105172422	0.00299240952532315	0.00131373140333276	0.000679177771819236	0.000122139767654449	1.25093660577409e-06	0.000458489798562756	0.00815212643824482	0.0315389893340337	0.00161296265835541	0.00691705835480496	0.000178315818409922	3.92158388233993e-05	0.000594529179373654	0.00155906705672665	0.00184081232156281	0.00100183628316483	0.00122861992776191	0.000373160470857047	0.076649563613557	7.32860991480758e-06	0.00306417732361552	0.000747611737062822	0.000366367668435427	0.0062023501433329	0.00146632861804731	3.42433482133841e-05	0.00011356369069136	4.70478791331208e-05	0.00029755569583361	0.00186439489246801	0.00286496301525392
T[C>G]T	0.000759208621187811	0.00113308540681	0.0218314897647018	0.00277106337157954	0.0115474405770479	7.52955992308449e-05	0.000233942447766396	0.000559588261550307	0.014874079294433	9.66527737357034e-05	0.000235870690323669	0.0062060963680417	5.3323067239601e-05	2.94603451291871e-05	0.00034295469165799	0.00016951867803737	0.000153399713525608	0.0034352824868163	0.355987538208501	0.000275979847153931	0.000106912445101109	0.0346196020286907	0.000264460086489982	0.00160002783951394	0.00264584953849985	0.00133529243517842	0.000925894241233396	0.000696190658205419	0.000414676477630621	0.00744146249416869	0.000360107126580738	0.00303164481874557	0.0152852166161159	0.00234527545199248	0.00233758082087442	0.000188498000869489	0.000255534442732014	9.01977763599879e-05	0.0036303348450562	0.000583250171978644	0.0197777389409578	0.00300768966072441	0.0180760875701139	0.00665521464723205	0.00287180940121413	0.00318369638917284	0.0438663247463447	0.0149967822046579	0.0267833883362747	0.0103990858510006	0.0514910404265373	0.000322012043654113	0.000223268757967298	0.00222435303048843	0.00253367943861284	0.00464269361221354	0.00106085673189761	7.5729351833211e-05	0.000288035494266408	0.000374648224244181	0.00324483706153705	0.00202895000017344	0.00277559607863889	0.000273018599497069	0.00195326790127438	0.000413516103581027	0.0140436513544559	0.0182627098235804	0.0012333681494113	0.000682760552990954	0.00415836777763292	0.00814858520729913	0.0943092579601636	0.00738045536648228	0.00546315225414785	0.0239809485959313	0.0020055131347783	0.000196539384128967	0.0221625974224728	0.0277188513584607	0.0107724774191179	0.00310207886657233	0.00390705893064054	0.00351927793724468	0.00212373515383428	0.014097497315087	0.00872045627375134	0.00385861477796426	0.00166119443135074	0.143434926742655	0.0417836558888167	0.000137303368714579	0.00151283105409173	0.000575293592306685	0.00199342774670447	0.00880715123770294	0.00796198129013383
T[C>T]A	0.000505950533723829	0.482052196984884	0.00501171746565951	0.00287177263021568	0.0175638761817188	0.00661135016974899	0.185579098259135	0.00485199479112076	0.01959384464986	0.000219642853978226	0.00447150391042674	0.00440845689800361	0.000335414253358172	0.00173561456963658	0.00222383656104516	0.00125341308523912	0.00759523808353929	0.00582304578296911	0.0062616714450335	0.00285052063763089	0.0152501526952957	0.00723573948748934	0.000465621864971714	0.000107897229424109	0.00888364959254183	0.0341007153760709	0.00624835238927301	0.00341682220705771	0.00158477743130341	0.00770186064610596	0.0110735186415549	0.00167434078000225	0.00968945460840556	0.00326998718778689	0.0193238415108551	0.00597535489719119	0.00455155600857407	0.0759525966829786	0.00599833928129398	0.0195771276859273	0.0135471053608845	0.0024370030648815	0.00236378990426932	0.00878724323715602	0.00424023523513926	0.00486903438513462	0.00314415209810823	0.0361866182627199	0.0277474153199304	0.0180340646426196	0.0126511865267638	0.00381542200113348	3.09850595740159e-05	0.00112610969573581	0.00173107380600605	0.0164170173379122	0.00778523609540918	0.000102556841098729	9.27337623629553e-05	0.0161693243487104	0.00155147990379531	0.00115430867700938	0.0039827940314345	6.12442738668594e-18	5.04507679086177e-11	0.00018846424710706	0.00829971754277677	0.00405408166700827	0.000122355829351932	3.41850027836788e-05	5.56676425318835e-05	0.00467338604653642	0.00684517233708454	4.77213658092154e-06	1.26675446929849e-18	0.00815529305310379	0.00276804069110563	0.0251108395763909	0.0154438841215499	0.00864209501715464	0.00758623546422834	0.00721617962348297	0.00662819061204447	0.0437800613955685	0.000280973895776123	0.00128171231288096	0.00449274754707756	0.00729565964951901	0.0381357121571421	0.00329556699470991	0.0033072855321815	0.00607552219612676	0.0010477343181197	0.00332652422521439	0.00219495159577431	0.0156836880096426	0.0586079487071466
T[C>T]C	2.23567288824216e-05	0.115088925183093	0.0152197369604696	0.00705906217134989	0.0261724019747745	0.00760833564834491	0.339446641460483	0.203700802091341	0.0204072991179509	0.00788473347200187	0.000294046072741467	0.00995300218651069	0.00332660609461873	0.040553071580028	0.0109743210552154	0.00443552844509182	0.161380492248009	0.00366274352314507	0.00532385834688095	0.000145088284537485	0.00723565076323525	0.00550636503428036	0.000104276551258409	0.000793621754433997	0.011683765701062	0.0255405586769594	0.00935834085214682	0.000100740759942025	0.00172720694041187	0.00671134306583429	0.0415022958354546	0.0111939604592726	0.00740504072715102	0.0033072121802996	0.0108012436629548	0.00670594238839016	3.38138050265109e-18	0.136588070500552	0.0259451346013201	0.0401790504980328	0.00384219879589418	0.000498002911414106	0.0132336349298425	0.00740942311177694	0.00346812979731469	0.00717815480092206	0.00562726250708336	0.0517355459639476	0.0163466971155505	0.0230272024463458	0.00920112880337894	0.0340435422037305	5.54308236569546e-18	0.00238027149780798	0.00191622802546966	0.0147056590620396	0.0524684867059921	0.000199803220640131	0.000379586478364979	0.114002635740616	0.002124525251492	0.00158011024487593	0.00527473263645794	0.00071478216242156	0.00468663563356286	0.000228038275734891	0.0231993833871752	0.0190159527260961	0.000279863905526451	0.00105874020134873	0.0278268411248794	0.00481946167485124	0.00851246724360757	0.00444471039721283	1.66603401742481e-18	0.0119428104423481	0.00170005275308851	0.000121294516698586	0.020626241689931	0.0103873043071723	0.0207779681704826	0.00960918982431427	0.00348369099021236	0.0102020195732776	0.000645172839461844	0.00392925620622083	0.00694900740637555	0.0100001842543768	0.052056966404188	0.00925568295980708	0.0100290980554921	0.0175143375514903	0.00146674191441791	0.00671961897849245	0.00184333661772443	0.011331648304155	0.0345311890687038
T[C>T]G	0.110639012379484	0.087716644676245	0.00189885128443357	0.000476119188601	0.030356515814927	0.0632182867831236	0.127497238225123	0.0929739377047951	0.000115953938123239	0.00409746852362553	8.1640785932835e-05	0.00742688485791589	0.00564203336423521	0.613059322134157	0.0175414656840791	0.0110344230375385	5.03109172871471e-07	0.000205981389185912	0.00237265505652803	0.00945285580550422	0.0269212139561223	0.00758164062477973	0.000341841471915255	0.000137571901921425	0.02029079396506	0.00740479609875525	0.00451051846802138	0.000663910358282209	8.41621038614361e-05	0.00366859312467223	0.00458359817924991	0.0041410953082659	0.0271597599282561	0.00576814601611228	0.0104560357703859	0.00474021426944332	0.0226335168606247	0.0251399476499791	0.0148818143611286	0.0171578939480897	0.00782925266347905	0.00086735177356701	0.00134806019025041	0.00704934686715233	0.00798341251020366	0.00578020215295848	0.00869037701107827	0.0133681383756257	0.00497082365928569	0.0128269714285806	0.0117392670716407	0.000635809801135153	5.64258663191054e-18	1.36280662431533e-17	0.00278530565890482	0.00724527237980113	0.00460325905816867	0.000425116157710912	0.00102205309539517	0.00730148321871458	0.0130699032544853	0.00379471592340302	0.0156445782784266	2.15867192390306e-13	0.00920245042061476	0.000320220845176185	0.0103496877225726	0.00696485699029597	7.61729821802434e-18	0.00320781102284339	1.20062154118678e-05	0.000426022753878946	0.0240753172948238	0.0719200549194761	0.025807405328952	0.00463822119567923	0.000846788821623341	0.00311218568895621	0.0071719067041987	0.0215546859576024	0.00897825717009892	0.00483297760317688	0.00857107221006067	0.0183761557658045	0.0307534565663941	5.14983399418911e-05	0.00129618285538975	0.00104753104460557	0.0337019216005771	0.0172466713647464	0.00888446426696673	0.0074210909499549	0.0029014038449371	0.00302875269651096	0.00274710099695956	0.00668649519568232	0.0207749191462816
T[C>T]T	1.08508631816583e-16	0.288072597476432	0.00758992607884292	0.00591925472971119	0.0193997010934205	0.00411185228352699	0.0890814539302396	0.0799411607348829	0.0028055173580161	0.0566459131709598	0.00499212136049275	0.00601870080659495	0.0223093655328082	0.0868864360524606	0.0126466464054625	0.00815133707043153	0.0986735851184584	0.00689309071461785	0.00136992454605414	0.000308650623695193	0.00106912629393742	0.0268453749132609	0.000325201551542332	0.00095468376472969	0.0031201049210996	0.0521676207786627	4.13156403019627e-05	7.40813795035865e-05	2.3693260158166e-16	0.00545238754111523	0.020323634961459	0.0035083657092322	0.0115571150024292	0.00226037841580443	0.0130597232576247	0.0026231481624537	0.00325502422262437	0.0434437460311451	0.0166961148409778	0.056470742380264	0.0088950628219477	0.00113033189848777	0.00685527156920911	0.00730407589896555	0.00657700539672455	0.00530347317663825	0.00365985314405762	0.0307294667119445	0.0123915930449323	0.025222005138418	0.01327683712588	0.0127621516171456	0.000743634530816351	0.00259364723921022	0.00227183980234469	0.00416894936606931	0.092882338047576	2.99171877704973e-06	0.000165197107719928	0.0727938773946871	0.0413156394481049	0.00138337526695019	0.00572188311341943	0.000207178363698185	0.0290675913267989	8.25184598719243e-05	0.0404979717779108	0.180609119372465	0.00169588171283544	0.00350800826950933	0.014136910632034	0.0504392802425459	0.0110484094120664	0.00639705734322996	1.35252051355923e-18	0.00871903121188858	0.0038816368795435	0.000102803473824297	0.0236987671350936	0.0112613034541025	0.0110427514552997	0.00329873606815641	0.0110018375973015	0.0261203742018303	0.00038658073711921	3.35435387127536e-05	0.0083513197230638	0.00452127303737095	0.0432963548086745	0.00568623479020639	0.00544939123037786	0.0050334341338085	0.00151512666283524	0.000730269914468198	0.000897112364645198	0.0203876828956623	0.0357879472744804
T[T>A]A	0.00200046392688313	0.000247866477466351	0.00369931540233064	0.004453153375003	0.003565578080382	0.000163358235304447	0.000181291771606844	0.00155324564172026	0.0113912282427628	0.011572839263324	0.00666342050978016	0.0175310655941897	0.00122097646341131	0.00127053985665265	0.00602035296260311	0.00548538394778738	9.4339154987423e-05	0.00258356064070878	0.000174672717629288	0.00010517863409869	0.000409666890994043	0.0091391791837419	6.80213156322164e-05	0.00077644018757361	0.00549650449316782	0.000250612396827249	0.00606805482409312	0.000159304996524224	0.0458971462090483	0.0842741856397926	3.67045276467467e-18	0.00187718060120059	0.0124282257178272	0.000733508146837294	0.0354442516599022	0.000151583498709352	0.000355409250534724	0.000142738789790892	0.00350897694533305	0.000263963364402272	0.00246768218396784	0.23274924114659	0.00224265213522163	0.00131941171234835	0.0016877431518773	0.00120295454788877	0.00354057898842766	0.00532398109807782	0.00835893326129563	0.00542493913926783	0.0569189295707387	0.00439431054156462	4.15059365681899e-05	0.00365626893594372	0.000191723487394683	0.00260802245701098	0.109555475543999	7.35118973977731e-06	0.00013602581262188	0.000919926548563234	0.0119803514512781	0.000538480856302513	0.0014072496892804	0.000832317838373585	0.0020441436130149	0.00579730521317162	0.00201104658005096	0.00734443650525717	0.00103733833122611	0.000620135950569528	0.00337368925937938	0.048038089866414	0.00204137829340339	0.00295927213816599	0.0176633021403479	0.00398760469407154	0.305868406394642	0.0010318137867773	0.00482253343823497	0.0136181856616905	0.00538740141305801	0.00222894420802793	0.00711871905004481	0.00236444555455126	0.00062785755367935	0.00659385082013006	0.000911801214136361	0.0100778352424064	0.0027141722404737	0.00868599924546015	0.0120879980352066	0.00270103895306992	0.00198176458837146	0.00286744277050188	0.0225738685668087	0.0127263425161806	0.00207284355829312
T[T>A]C	1.04486277226213e-16	0.000177532510321721	0.00939290190048474	0.00340253050819646	0.00368273977600168	6.45746324078924e-05	0.00031185194045134	0.0016904928280984	0.0398241066528411	0.00134183350657058	0.0177870572250533	0.00196370700284357	0.000339195331975009	0.000434669168873051	0.00235414543743452	0.000736587871739576	0.000161287587210473	0.00699547547350327	0.00021552209729754	0.00143223219610812	9.2891362964689e-05	0.00546246976036451	0.00512912326688155	0.000248568406197805	0.00218723588435557	0.000379349135823754	0.000253142997916289	0.000775771048883107	0.0245075809208955	0.014406967288163	3.91903674341576e-18	0.00234545275909564	0.00306039276859085	0.00128755839669137	4.97948947819795e-05	0.00158662706773088	0.00141339253269969	0.000192034632296544	0.00309176951266764	0.001988427259285	0.00020560587139055	2.9917503596925e-16	0.00435150406072808	0.00086122249297583	0.00122543061670194	0.000720240351747856	0.00307428871812738	0.00803922712717151	0.0173366448373896	0.00965261319761852	0.0158974625932327	0.00183929034156715	0.000803435853050606	1.7114305520925e-05	0.000194290406309692	0.00392317217119976	1.36007358113117e-05	3.76229831497438e-06	2.90422077149241e-05	0.000568990357857026	0.00242082476050386	0.000378637583523949	0.00254407294954637	0.000151314801560084	6.19406822749034e-05	0.000779904169974657	0.00967580293494014	0.000872484942922434	0.00145330656352245	1.92571696875504e-16	0.000698850805504055	0.00979522933402561	0.00140291878321172	0.00209453105323362	1.30238333087425e-18	0.00280211761281757	0.00118361998740618	0.000158764225783255	0.00264299320869776	0.0107594937564604	0.0034415297014028	0.00248313863262204	0.0197007199231088	0.00219419401627537	0.00264824829892157	4.18055559310988e-05	0.000736548770705415	0.0109168855765071	0.00052123925222703	0.000638246097961443	0.00684227782731001	0.00231328508707068	0.00110848746738793	0.000529232809961557	0.00673517947765112	0.0132064772937873	0.00124636211475379
T[T>A]G	1.15318833657291e-05	4.07182061551707e-05	0.00527619462081953	0.00662004541173963	0.00374536391487334	1.46800314443545e-05	1.57039593532061e-16	0.00112772184567986	0.0124872721226846	0.00536993962447546	0.0103430119912817	0.0155815033357339	0.000573942626020627	4.05635155511673e-05	0.000473120370569997	0.00321612704273858	0.00014106920250466	0.00264073685612452	0.0001535146140549	0.000259790679728733	7.74905937810591e-05	0.00532586020041844	0.00144746193035705	2.01350981620438e-16	0.00126058994212795	0.000261843983516604	0.000123151516705126	8.4491048573376e-05	0.0660638671980788	0.0476900857900927	0.000121004213899807	0.00125464220953917	0.00804656839191451	0.000249706456592461	9.29290995520886e-19	0.000358143763934065	0.000594791895727224	0.000133077215765375	0.00236979824848579	0.00125557918920261	0.000549677006823357	0.00920022283638677	0.0009959337057681	0.000647171987977112	0.00122013533372078	0.000548496041065462	0.00399851496338928	0.00435990241945549	0.00867120100167412	0.00605880970770874	0.00907810712865384	0.00381291356678828	3.86907114422868e-05	3.64821537636865e-06	0.000426300810079631	0.00040098371371077	0.000439243871850471	3.60139711966039e-06	3.37238822997106e-05	5.67929832847623e-05	0.00332381239081418	0.000552100526649315	0.00100504954610122	0.000244461567731132	0.00742797649257105	0.00541614600317533	0.00405439273079213	0.000707985054871219	0.00031112171365595	3.218409251262e-05	0.000557105648340078	0.00743749301419734	0.00100284934265761	0.00240672871468762	0.00462408799107332	0.00783161112028381	0.000711852057455008	0.000461758399664614	0.00550903829324004	0.00940816846393688	0.00309660098797439	0.00279926545972686	0.0064855239231302	0.00213750090620621	0.00248261540310655	0.0134940567841932	0.00201221229982146	0.0177004982278524	0.000864232633880385	0.00377670413907475	0.00495054314129885	0.000449638415360874	9.98121043889765e-05	0.000860504707485811	0.0150580960588264	0.00563368440126244	0.00232335415523959
T[T>A]T	0.000673467946553631	0.000121068922515397	0.00742774243040636	0.00283376705926793	0.0049714348900086	0.00015412328391293	0.000408605496302609	1.07037437975521e-16	0.207504328643298	0.0190221328005058	0.0220806431305318	0.0115254263281149	0.00318350849530923	0.000634576037408029	0.0029354957757556	0.00430679577444801	0.000343725594770034	0.00363680366347782	3.67889371242062e-05	0.000962369474149141	0.000179502917672787	0.00534919259851314	0.00113798479538353	0.000859420166230697	0.00363324191971174	0.000343292055247398	0.00341164550001645	4.76193016874314e-05	0.0196667520303575	0.0267431266239987	3.47682484680729e-18	0.00100328887044474	0.00831177439568662	0.000855009187850227	0.00130269388861709	0.00463728522240815	0.000561293167975751	0.000356766617621152	0.00467618610461732	0.000368566872317633	0.00164606662534113	0.0395776784591482	0.00283702917510223	0.00145606907242211	0.00135066613358823	0.00123928878676107	0.00569383711544217	0.0102556237924368	0.0261973927963948	0.0109032411900656	0.0379881870209997	0.00182973231310234	4.79687481047161e-18	0.00734204048815096	0.000658367910264686	0.00198130274321746	0.00307165107921738	0.000134063314310944	0.000107788648035449	0.00161458746847938	0.0038235544149264	0.000690969491304014	0.00231870947125216	4.02174828436593e-18	0.00119562948052115	0.000460385028713283	0.0193502307467575	0.00906019407487741	0.00149217053268056	0.000292453860823596	0.00364519612822459	0.0504028522285776	0.00123777612106683	0.0018905804942019	0.0619202910870502	0.00359142491992292	0.140136383302265	0.000229960162935804	0.00358369199044326	0.0205332911216469	0.00910104962490278	0.00221836388039874	0.0231161599257373	0.00260950520545183	0.0016977029214863	0.00355502876349194	0.000925695507364807	0.00635966369136389	0.00176119919788221	0.00404021325492347	0.0169237788085094	0.00167798261412763	0.000810296348414591	0.00363948037413969	0.0312350989766302	0.0231111571293668	0.00187015575131016
T[T>C]A	7.59103698288904e-05	1.30977850096684e-16	0.00863741826069652	0.0012085697881775	0.0101712217136557	0.000532533196065265	0.00109488054736359	0.00287638104888207	0.0223386427055232	0.0562703320438509	0.00120521003092905	0.00943980455071749	0.000436918323947784	0.00367875286580841	0.0102722232050147	0.00347120978780983	5.73135753766264e-05	0.0593185603289976	1.30420155601689e-05	0.00329734765581806	0.00128537720227126	0.00965929519914439	0.0011946603982588	0.000691619018028435	0.000916083912660854	0.000629067265048793	0.00697826276971525	0.0521925173785708	0.00295966303002086	0.0168003219783053	3.67045276467467e-18	0.000665214221786688	0.00826648031448659	0.0274578652720493	0.00115462358305162	0.0010562485469845	0.00120485611324013	0.000275354490946766	0.00240391098390968	0.000462451105805546	0.0066206120580837	0.00119797446585918	0.00019192938977059	0.00159294820180809	0.0328593221442012	0.00104025974201862	0.00314365284607823	0.00411657211559642	0.0116890463397899	0.0084087301617474	0.0449136953193886	0.00352578811759558	7.45415069725037e-05	0.0104539870052367	0.000602962845768323	0.00538991307782281	0.000962121873481651	0.000189357576015681	5.60298387068494e-05	0.000593325635746202	0.00265832698137742	0.00142056377793185	0.00322759545704151	0.00253991117625958	0.00276327441524272	0.000349561257080141	0.00326295652587637	0.00204286449370322	0.00101748498504309	0.00013171053310836	0.000222316945166212	0.0103480412971356	0.000798324800735956	0.00349156730278257	0.00334170549729949	0.00422792801822692	0.00866627656363818	0.000143390409031467	0.0203654475835037	0.0621750286129006	0.00464178284786819	0.00169117279922328	0.00115615725901714	0.00148943612138675	0.0070618061174751	0.0193020071771752	0.00118393825346393	0.0205306801557948	0.00267422254658577	0.00263310255592582	0.0469166367028201	0.0114439921636313	0.000174123497033842	0.000980629315303266	0.0253419325278269	0.00927112095673109	0.00193257640536207
T[T>C]C	0.00158866136781176	4.02209524650072e-05	0.00804211251397234	0.000397093294371422	0.00863753701086392	0.000617421643782943	0.000477798355336925	0.00130560358660567	0.0243369548418583	0.0156001785117766	0.00240809361214272	0.0144359034284298	0.00487122080404636	5.2945382236329e-05	0.0159434890353633	0.00626819815678487	0.000372877083528442	0.0502155861702421	2.31324635661409e-05	0.00238429389315647	0.00350264750239196	0.0042927768658734	0.0137676469952152	0.00112985872638634	0.00495132486321837	0.000441642203246237	0.0132143690782463	0.0534745096867636	2.30186692281331e-16	0.0021550376694572	0.000141382039207096	0.00215179110111537	0.00665029573035359	0.0320867803978406	0.00368814081630214	0.0026020679340749	0.00109849164366401	0.000227891744462946	0.0084920591725853	0.000990155614827615	0.0118436501719319	0.00840570401634507	0.00067489375776021	0.00192508582092969	0.0489087835969815	0.00169970505342563	0.00536542469391443	0.0027012835701095	0.00564540478119323	0.00610570193795515	0.0297938458623233	0.002465951789803	0.0307498425139506	0.00868336952351224	0.000815724353871745	0.0495414532316621	0.0193471782759455	0.00019905758994462	4.32066528811502e-05	0.0248504650591566	0.00368753477985493	0.00175997897056341	0.0035945751225088	0.00692327212002511	0.000873575733491637	0.00127884907374723	0.0279895915733265	0.0190431019531276	0.00175021833772563	0.000941684233223314	0.000435284733363302	0.029309994175006	0.00163454007621763	0.00402797432702131	0.0030060778517907	0.00226388995790639	0.000602193193057911	0.000125999925194729	0.00403830855618204	0.0137876204381753	0.00399524203469407	0.00400001856004917	0.0243229250351936	0.00436943515254975	0.00238053529122808	0.000125056752411039	0.000311101452085164	0.00961692788933476	0.00377058182804108	0.00587401266077549	0.00919972626440153	0.0122214779376593	0.040055365966484	0.00182819367856268	0.00254128294428623	0.00820698097284315	0.00240763304373743
T[T>C]G	0.000171361315696865	9.50928597758486e-05	0.00544918458261682	0.00120742998054846	0.00993029759185906	0.00106052976044857	0.000224789854406185	0.00252742369713158	0.0132037551423435	0.0218633250658987	1.7800320943695e-16	0.00868645454967722	0.000300636377019667	0.000383796930829134	0.0126392747562228	0.004224934079216	0.000108785025694637	0.0381333852741746	8.14968641361386e-05	0.00313640671577967	0.000686493596201394	0.00743358477129796	0.00185876287339276	0.00109245728981725	0.00229582261026304	0.000758153511775456	0.00839667632708469	0.0236735374642256	0.00110106458759345	0.00527932408959174	0.000197530966497588	0.00127986068603627	0.00385761951314421	0.0272161653539921	0.00106823672658917	0.0015731551950658	0.000243968074823244	0.000142182727543905	0.00290608287406137	0.00120564138054111	0.266509896409415	0.00130247693937205	0.000316100983555043	0.00102419364609456	0.00953230908163018	0.00130984057905542	0.00364699673794428	0.0028684664398288	0.00553344757037603	0.00776221465964859	0.0200324216611151	0.00243940588373013	2.09261046322096e-05	0.0138841782269478	0.000808276809151982	0.0190066280298913	0.00153541013214352	0.000128630044743939	2.82599863627057e-05	0.000768288548228408	0.00203717525646885	0.000759316121537295	0.00296489565880161	0.0656852090276957	0.00325953407093744	0.00157545102674658	0.00272750021270438	0.00184468894860124	0.00092718357812187	8.2773842460285e-05	1.59166545789181e-05	0.00422335147949607	0.0013293785289851	0.000846358669669346	1.14479215908381e-18	0.00676375581042016	0.000164274281277889	9.35493869862504e-05	0.0105548943998401	0.0099908706965085	0.00151857221752845	0.00461218430241112	0.00309880950083164	0.00162922272249272	0.00546421473410951	0.000189645315088744	0.00171774013761028	0.025181277349437	0.0025130264072209	0.00221242353264158	0.00350473445128546	0.0139143336798579	0.00228490576921495	0.000743438278364795	0.011305645511133	0.00244748963980597	0.00133737303833959
T[T>C]T	0.0012960519914149	2.11421491373516e-05	0.00794197067343107	0.000320689519814307	0.0105110343357244	0.000629516996817279	0.00041577396889526	0.00143160982195209	0.0655237686993151	0.030031279059918	0.00266249420755096	0.0260339043120522	0.00195584139944811	1.04789990775807e-05	0.0121039457034491	0.00466833750150864	5.40577450670191e-05	0.0413556540968146	0.000315065797861229	0.00154402108114612	0.000510165849020806	0.00626811779927704	0.0120695371365747	0.000656045733095593	0.00172451077707254	0.000749835161206351	0.00981292878590912	0.0253666823373512	1.45070680310829e-16	0.00286966963595457	3.47682484680729e-18	0.00168131071295045	0.0097448386105861	0.0374637629449196	0.00103270520653286	0.0016700714271972	0.000384485558164962	0.000226477950848087	0.00637182999419722	0.000354570819474191	0.00551916538572409	0.00609152106745296	0.000555869140151984	0.00150999793617638	0.0425286601925506	0.00151688920125091	0.00504463357665886	0.00445197575079335	0.00787813387521812	0.00676928822685766	0.0327337461250863	0.00122675239943539	0.00100662828120787	0.0195963822673902	0.000258136751601231	0.0212698676845403	0.00812045601559986	0.000167421798964154	6.77343800470652e-05	0.00279679381743135	0.0127651586750681	0.00103129751727084	0.000999601279377331	0.00674901725819096	0.000505011234151299	0.000176357215674435	0.13056384139434	0.0198579586806743	0.00130252982160066	0.000728376038421509	0.00507065657837924	0.0754894706672603	0.00179980672690755	0.00236746631222029	0.0801603770270753	0.00383980162506751	0.00344587469844262	0.000576167851587508	0.0084709392095358	0.00933012820075547	0.00880850980192576	0.00286403340746114	0.0064562097162504	0.00289066415469429	0.00325465414453386	0.00903336726921741	0.000534334143089742	0.00748499074762611	0.00398423950621235	0.00844726165754882	0.00257768326077806	0.00660944526939175	0.00134056566550946	0.00298712490768125	0.0338177578307078	0.0159536077618007	0.0023323899434103
T[T>G]A	6.63726498141465e-17	9.80865514176961e-06	0.00411982123603068	0.000189058571034717	0.00294965413305766	3.77812377894451e-05	6.51835297396965e-05	0.000457823812184178	0.0142760200316631	0.000146219988501453	1.28638188689473e-16	0.0442996542804429	0.0016100134747688	0.00469186319771093	0.00527593574074157	0.012228185768857	4.31519394675892e-05	0.00112298809044802	0.00010858038583464	5.21456584232627e-05	8.68191712205211e-05	0.00726676212289537	1.26880914761706e-16	7.96069165135654e-06	0.000354219404493547	0.000842138050706026	1.12207613807965e-16	0.000288236488372489	0.00323453415405107	0.00852446062261114	8.79189172136571e-05	5.60419105573404e-05	0.00118581253574056	0.000928244420932126	0.000798838502912304	0.0341063315612775	0.000217246016066698	5.97275392116828e-05	0.00117838765501401	1.16526685968556e-05	0.000281677163772436	1.90044476869735e-16	0.00223743642732914	0.000422640523107336	0.0126064063878677	0.000576826545782258	0.00444027764469862	0.00311280859813601	0.00949348250143592	0.00239048690552226	0.0295893683173774	0.000594524355226617	0.000110996557288573	4.03348137455508e-18	0.000134253604408805	0.000405692382201655	0.00169249175258587	7.82470020399332e-05	4.85805548915778e-05	0.000177997745157204	0.00151989509311544	0.000733359647278377	0.000590136995740527	1.73952434746661e-05	0.00343144388306974	0.00582192222044621	0.00214422857414731	0.000492509195982685	0.000794134343902289	0.000883557016786378	0.000963182918181192	0.00567263135291258	0.00371370246580678	0.00293239453701112	0.0253014861341754	0.00386149317631437	0.015921150644415	0.00267883733113278	0.00130227832957343	0.0353727872073147	0.00212758994166862	1.87950688737062e-06	0.00385687848803149	0.00121258064187215	0.00492815629939782	0.0290519937028642	0.000236451990129317	0.00195857611043145	0.000450306781953072	0.0326163969928065	0.0297239029953402	0.00011139731534913	0.00189312947066782	0.000299078974816123	0.00541627535964594	0.00226052659372499	0.00108095984102159
T[T>G]C	2.58170128931136e-05	6.5093219621529e-05	0.00561784972314125	0.000137364698274014	0.00583545239868875	0.000162568560517974	9.29940526801121e-05	0.00116976085776104	0.0202613873501788	0.000125455618995487	0.00103985879182849	0.00914981588413571	2.10096323148309e-16	0.00362768816878776	0.000905784118159208	0.000714289014741925	5.37391411155802e-05	0.00122556387813198	2.06241241433063e-16	0.000993455719855452	0.000173949035670535	0.00644501324260736	0.0001043824702506	0.00898750806717427	0.00168248932657941	0.00161323160139685	1.76641370746238e-16	0.00036983263830873	0.000780919557341423	0.00250370871770988	3.91903674341576e-18	0.00189357651314147	0.000519638224823291	0.00175761933378613	0.000295896911597975	0.0453140596096505	7.27094827530565e-05	7.68275607406706e-05	0.00196224299131315	0.000181799388379688	0.000155388961195699	2.9917503596925e-16	0.00159281517122365	0.000628185659432821	0.021146813359788	0.000700837308297051	0.00423235343875074	0.00565728770435634	0.02457845633029	0.00388914344845716	0.0172315154759941	0.00022299399157519	0.00706646838435833	6.34965538167654e-18	0.000100111338674488	0.0009123656212092	2.48793947767898e-05	0.00010938340658621	7.03590790449088e-05	0.000561278162380651	0.00325591516688801	0.000904209660895388	0.00311577488039842	0.00059680474631739	0.00503643074262021	9.69018859641109e-07	0.00415126473493407	0.00154482322232496	0.00182053954740541	0.00915766241699393	0.000596517888050838	0.0080479718699504	0.00194055629326393	0.00140511233494123	0.0270547032708836	0.00259342616466882	0.000249183297214963	0.000101586753616648	0.000279029650548755	0.0137735802425758	0.00101622753327582	0.000331600001316727	0.00620570606808138	0.000945342463303856	0.00437134098684975	9.02557035333657e-06	0.000104668710846003	0.00107042753349414	0.000487193124125659	0.00863113706506772	0.0174118644296292	4.44352518123507e-05	0.00413876138036615	0.000257359456563029	0.00484969093152075	0.002244209713958	0.000640912648948901
T[T>G]G	0.000240152706650218	7.75352668104449e-05	0.00632986075176636	0.00160990594674853	0.00542647715432588	0.00016132010961245	1.57039593532061e-16	0.000895543662500944	0.00781989839755372	0.000119864912148372	0.0024775120124279	0.0101699629142264	1.78877269621802e-05	0.00158574675558232	0.000926799328258006	0.0026769974086965	7.08857218988648e-05	0.000834168097771813	2.99692877133896e-05	8.29582705169985e-05	7.69706343510147e-05	0.00538755033219129	0.000727685675476143	0.00431565761894044	0.00102114797046875	0.00145312703748476	0.00195222720932853	0.000112363659053975	0.00502699106503319	0.00679700752098638	0.000119041905670728	0.0019166388770526	0.00743913187910143	0.00255095427244512	0.00218291941713446	0.0156199838653243	0.000115868358865478	0.000569431441932726	0.00387719244059062	0.000583558821378852	0.000798696577119207	0.00179978605777185	0.00347855109066586	0.000669436631511243	0.028787574760769	0.00129619639213852	0.00533135352859684	0.00324287676032267	0.0121558352172586	0.0045363080043441	0.0189575110065001	0.00209602932057207	0.0171660795697669	0.000666585634680706	0.000461500001405351	0.000721770684679369	0.00149653980156864	0.000151584189919201	5.01934978068628e-05	0.00656811604910864	0.00227635794345874	0.00105026859672475	0.00386315864354868	0.00571401853625289	0.0622915757109589	8.60112804619685e-05	0.00497584533111508	0.00575611364753318	0.00134613357156055	0.0181494925532341	7.10564936558845e-19	0.00376657426833582	0.00144806403826334	0.000987162671173159	1.14479215908381e-18	0.00392044298837101	0.000346799811493248	0.000391088080937871	0.00142211792693586	0.0115864178190497	0.00220414679150633	0.000321208156649105	0.0219804531337444	0.00138603681643277	0.00719947292864788	0.000203343913105293	0.000842810940027873	0.00732692804818633	0.00118515758380662	0.00775279027318532	0.00510733707030626	0.000782997358256752	0.00331624493384814	0.000641010751714189	0.00602284264275227	0.00380080545697793	0.00351661292749446
T[T>G]T	6.67363219062309e-17	1.31695509989648e-16	0.00599933064422682	0.000286402129182273	0.00767021439857662	0.000365409378537108	4.24714986927302e-05	0.000853181917885424	0.0161392255280929	0.000115666061514934	0.00058027244668598	0.0433220441432359	0.011373972104497	0.0379493093986956	0.0152597772394339	0.00897729785606591	2.83144824422404e-05	0.0015309214276964	1.12146921233467e-05	0.000319908568838057	0.00226362540803101	0.0118040842925693	0.00263230810153689	0.0800376063373966	0.00264049667940913	0.00215768814171936	0.000767746959450351	1.38370222180756e-16	0.000388761449962802	0.00367734188645436	3.47682484680729e-18	0.00181416644017511	0.00451128696490351	0.00616781447996574	9.44956673399668e-05	0.388332084599953	0.000434066666682481	0.00452446973919706	0.00384416170138052	0.000329170345011582	0.00136163626876956	0.000199608891622868	0.00189834498992664	0.000976105637284679	0.0201560913062164	0.00262233518783859	0.00580026397741308	0.00839933078055045	0.0311890796510623	0.0061764421540635	0.0624142367447041	0.000904469870500427	0.000722146803707951	0.00475383946511626	0.000342919653066473	0.000582736100946303	0.00255617890935865	1.00649786805587e-07	0.000118535002367279	0.000875708568798886	0.00174397221097448	0.00130459128198139	0.00321789397963342	0.000269420966309537	0.0234571152098328	0.0179451214292764	0.0796774210762326	0.0134661784437422	6.49093692399269e-18	0.0175472432321222	0.00340933029898181	0.0102002448585163	0.00255750143286369	0.00224635823787433	0.0849603992050587	0.00321774209266582	0.0071760343502448	0.000456262740507999	0.00106389911006155	0.0364148184576357	0.00175129017694572	0.000144630408315049	0.00832604484404843	0.00092790588971288	0.0054595328647636	0.0060175236368306	9.23056287099332e-05	0.00338059260481586	0.00158927562120226	0.0193692211715341	0.0225308033218167	0.000137088757960085	0.00957564422483924	6.30494553809155e-05	0.0187875362674207	0.00616407812382884	0.00264181384566425
